ID,Response
1_sentiment_hausa-sentiment-hausa,"tensor([[-15.2969,  -8.2500, -15.2969]], device='cuda:0', dtype=torch.float16)"
2_sentiment_hausa-sentiment-hausa,"tensor([[-14.9766,  -8.2031, -14.9766]], device='cuda:0', dtype=torch.float16)"
3_sentiment_hausa-sentiment-hausa,"tensor([[-15.0859,  -8.2188, -15.0859]], device='cuda:0', dtype=torch.float16)"
4_sentiment_hausa-sentiment-hausa,"tensor([[-14.9062,  -8.4375, -14.9141]], device='cuda:0', dtype=torch.float16)"
5_sentiment_hausa-sentiment-hausa,"tensor([[-15.0703,  -8.3125, -15.0703]], device='cuda:0', dtype=torch.float16)"
6_sentiment_hausa-sentiment-hausa,"tensor([[-15.3047,  -9.3047, -15.3047]], device='cuda:0', dtype=torch.float16)"
7_sentiment_hausa-sentiment-hausa,"tensor([[-14.9531,  -8.2969, -14.9531]], device='cuda:0', dtype=torch.float16)"
8_sentiment_hausa-sentiment-hausa,"tensor([[-15.3672,  -9.3047, -15.3672]], device='cuda:0', dtype=torch.float16)"
9_sentiment_hausa-sentiment-hausa,"tensor([[-14.9453,  -8.2578, -14.9453]], device='cuda:0', dtype=torch.float16)"
10_sentiment_hausa-sentiment-hausa,"tensor([[-14.9375,  -8.1562, -14.9375]], device='cuda:0', dtype=torch.float16)"
11_sentiment_hausa-sentiment-hausa,"tensor([[-14.9766,  -8.4531, -14.9766]], device='cuda:0', dtype=torch.float16)"
12_sentiment_hausa-sentiment-hausa,"tensor([[-15.3438,  -9.0859, -15.3438]], device='cuda:0', dtype=torch.float16)"
13_sentiment_hausa-sentiment-hausa,"tensor([[-15.0391,  -8.4844, -15.0391]], device='cuda:0', dtype=torch.float16)"
14_sentiment_hausa-sentiment-hausa,"tensor([[-14.9609,  -8.2500, -14.9688]], device='cuda:0', dtype=torch.float16)"
15_sentiment_hausa-sentiment-hausa,"tensor([[-15.0859,  -8.0234, -15.0859]], device='cuda:0', dtype=torch.float16)"
16_sentiment_hausa-sentiment-hausa,"tensor([[-14.8516,  -8.2734, -14.8594]], device='cuda:0', dtype=torch.float16)"
17_sentiment_hausa-sentiment-hausa,"tensor([[-15.0391,  -8.5078, -15.0391]], device='cuda:0', dtype=torch.float16)"
18_sentiment_hausa-sentiment-hausa,"tensor([[-14.9922,  -8.3594, -15.0000]], device='cuda:0', dtype=torch.float16)"
19_sentiment_hausa-sentiment-hausa,"tensor([[-15.2812,  -8.9453, -15.2812]], device='cuda:0', dtype=torch.float16)"
20_sentiment_hausa-sentiment-hausa,"tensor([[-14.9141,  -8.5391, -14.9141]], device='cuda:0', dtype=torch.float16)"
21_sentiment_hausa-sentiment-hausa,"tensor([[-15.0078,  -8.5078, -15.0078]], device='cuda:0', dtype=torch.float16)"
22_sentiment_hausa-sentiment-hausa,"tensor([[-15.0391,  -8.2031, -15.0391]], device='cuda:0', dtype=torch.float16)"
23_sentiment_hausa-sentiment-hausa,"tensor([[-15.4375,  -9.1562, -15.4375]], device='cuda:0', dtype=torch.float16)"
24_sentiment_hausa-sentiment-hausa,"tensor([[-15.1562,  -8.7188, -15.1562]], device='cuda:0', dtype=torch.float16)"
25_sentiment_hausa-sentiment-hausa,"tensor([[-15.1250,  -8.3281, -15.1250]], device='cuda:0', dtype=torch.float16)"
26_sentiment_hausa-sentiment-hausa,"tensor([[-15.1875,  -8.6328, -15.1875]], device='cuda:0', dtype=torch.float16)"
27_sentiment_hausa-sentiment-hausa,"tensor([[-15.1641,  -8.3672, -15.1641]], device='cuda:0', dtype=torch.float16)"
28_sentiment_hausa-sentiment-hausa,"tensor([[-14.8516,  -8.1328, -14.8438]], device='cuda:0', dtype=torch.float16)"
29_sentiment_hausa-sentiment-hausa,"tensor([[-15.2578,  -9.3047, -15.2578]], device='cuda:0', dtype=torch.float16)"
30_sentiment_hausa-sentiment-hausa,"tensor([[-15.3750,  -9.3438, -15.3750]], device='cuda:0', dtype=torch.float16)"
31_sentiment_hausa-sentiment-hausa,"tensor([[-14.8516,  -8.4453, -14.8516]], device='cuda:0', dtype=torch.float16)"
32_sentiment_hausa-sentiment-hausa,"tensor([[-15.0312,  -8.3281, -15.0312]], device='cuda:0', dtype=torch.float16)"
33_sentiment_hausa-sentiment-hausa,"tensor([[-15.1406,  -8.5547, -15.1484]], device='cuda:0', dtype=torch.float16)"
34_sentiment_hausa-sentiment-hausa,"tensor([[-14.9766,  -8.1953, -14.9766]], device='cuda:0', dtype=torch.float16)"
35_sentiment_hausa-sentiment-hausa,"tensor([[-15.0547,  -8.2422, -15.0547]], device='cuda:0', dtype=torch.float16)"
36_sentiment_hausa-sentiment-hausa,"tensor([[-15.2344,  -9.0391, -15.2344]], device='cuda:0', dtype=torch.float16)"
37_sentiment_hausa-sentiment-hausa,"tensor([[-14.9609,  -8.2422, -14.9609]], device='cuda:0', dtype=torch.float16)"
38_sentiment_hausa-sentiment-hausa,"tensor([[-15.0078,  -8.2344, -15.0000]], device='cuda:0', dtype=torch.float16)"
39_sentiment_hausa-sentiment-hausa,"tensor([[-14.9609,  -8.4688, -14.9688]], device='cuda:0', dtype=torch.float16)"
40_sentiment_hausa-sentiment-hausa,"tensor([[-15.3281,  -9.0469, -15.3359]], device='cuda:0', dtype=torch.float16)"
41_sentiment_hausa-sentiment-hausa,"tensor([[-15.0234,  -8.4531, -15.0234]], device='cuda:0', dtype=torch.float16)"
42_sentiment_hausa-sentiment-hausa,"tensor([[-14.8828,  -8.3906, -14.8828]], device='cuda:0', dtype=torch.float16)"
43_sentiment_hausa-sentiment-hausa,"tensor([[-14.8594,  -8.2969, -14.8594]], device='cuda:0', dtype=torch.float16)"
44_sentiment_hausa-sentiment-hausa,"tensor([[-14.9844,  -8.1484, -14.9844]], device='cuda:0', dtype=torch.float16)"
45_sentiment_hausa-sentiment-hausa,"tensor([[-15.0078,  -8.5391, -15.0078]], device='cuda:0', dtype=torch.float16)"
46_sentiment_hausa-sentiment-hausa,"tensor([[-15.0469,  -8.4688, -15.0469]], device='cuda:0', dtype=torch.float16)"
47_sentiment_hausa-sentiment-hausa,"tensor([[-15.2969,  -9.1250, -15.2969]], device='cuda:0', dtype=torch.float16)"
48_sentiment_hausa-sentiment-hausa,"tensor([[-14.9219,  -8.3047, -14.9219]], device='cuda:0', dtype=torch.float16)"
49_sentiment_hausa-sentiment-hausa,"tensor([[-15.0312,  -8.4375, -15.0312]], device='cuda:0', dtype=torch.float16)"
50_sentiment_hausa-sentiment-hausa,"tensor([[-15.0938,  -8.6250, -15.0938]], device='cuda:0', dtype=torch.float16)"
1_sentiment_swahili-sentiment-swahili,"tensor([[-13.0234,  -7.8398, -13.0078]], device='cuda:0', dtype=torch.float16)"
2_sentiment_swahili-sentiment-swahili,"tensor([[-12.9375,  -7.7266, -12.9219]], device='cuda:0', dtype=torch.float16)"
3_sentiment_swahili-sentiment-swahili,"tensor([[-13.0469,  -7.8750, -13.0312]], device='cuda:0', dtype=torch.float16)"
4_sentiment_swahili-sentiment-swahili,"tensor([[-12.9219,  -7.6992, -12.9141]], device='cuda:0', dtype=torch.float16)"
5_sentiment_swahili-sentiment-swahili,"tensor([[-12.9453,  -7.8516, -12.9297]], device='cuda:0', dtype=torch.float16)"
6_sentiment_swahili-sentiment-swahili,"tensor([[-12.9766,  -7.6719, -12.9609]], device='cuda:0', dtype=torch.float16)"
7_sentiment_swahili-sentiment-swahili,"tensor([[-12.9219,  -7.6758, -12.9062]], device='cuda:0', dtype=torch.float16)"
8_sentiment_swahili-sentiment-swahili,"tensor([[-13.0078,  -7.9844, -12.9922]], device='cuda:0', dtype=torch.float16)"
9_sentiment_swahili-sentiment-swahili,"tensor([[-13.0000,  -7.6914, -12.9844]], device='cuda:0', dtype=torch.float16)"
10_sentiment_swahili-sentiment-swahili,"tensor([[-13.0391,  -7.8867, -13.0234]], device='cuda:0', dtype=torch.float16)"
11_sentiment_swahili-sentiment-swahili,"tensor([[-13.0156,  -7.9375, -13.0000]], device='cuda:0', dtype=torch.float16)"
12_sentiment_swahili-sentiment-swahili,"tensor([[-13.2188,  -8.3125, -13.2031]], device='cuda:0', dtype=torch.float16)"
13_sentiment_swahili-sentiment-swahili,"tensor([[-12.9375,  -7.7422, -12.9219]], device='cuda:0', dtype=torch.float16)"
14_sentiment_swahili-sentiment-swahili,"tensor([[-12.9219,  -7.6680, -12.9141]], device='cuda:0', dtype=torch.float16)"
15_sentiment_swahili-sentiment-swahili,"tensor([[-13.0469,  -7.9570, -13.0312]], device='cuda:0', dtype=torch.float16)"
16_sentiment_swahili-sentiment-swahili,"tensor([[-12.9531,  -7.6992, -12.9375]], device='cuda:0', dtype=torch.float16)"
17_sentiment_swahili-sentiment-swahili,"tensor([[-13.0625,  -7.9141, -13.0547]], device='cuda:0', dtype=torch.float16)"
18_sentiment_swahili-sentiment-swahili,"tensor([[-12.9297,  -7.9453, -12.9141]], device='cuda:0', dtype=torch.float16)"
19_sentiment_swahili-sentiment-swahili,"tensor([[-12.9844,  -8.0859, -12.9766]], device='cuda:0', dtype=torch.float16)"
20_sentiment_swahili-sentiment-swahili,"tensor([[-12.9766,  -7.7656, -12.9609]], device='cuda:0', dtype=torch.float16)"
21_sentiment_swahili-sentiment-swahili,"tensor([[-13.0234,  -7.7852, -13.0078]], device='cuda:0', dtype=torch.float16)"
22_sentiment_swahili-sentiment-swahili,"tensor([[-12.9453,  -7.9336, -12.9297]], device='cuda:0', dtype=torch.float16)"
23_sentiment_swahili-sentiment-swahili,"tensor([[-13.0469,  -8.0312, -13.0312]], device='cuda:0', dtype=torch.float16)"
24_sentiment_swahili-sentiment-swahili,"tensor([[-12.9922,  -7.8555, -12.9766]], device='cuda:0', dtype=torch.float16)"
25_sentiment_swahili-sentiment-swahili,"tensor([[-12.9375,  -8.1250, -12.9297]], device='cuda:0', dtype=torch.float16)"
26_sentiment_swahili-sentiment-swahili,"tensor([[-12.9375,  -7.7266, -12.9297]], device='cuda:0', dtype=torch.float16)"
27_sentiment_swahili-sentiment-swahili,"tensor([[-12.9531,  -7.7070, -12.9375]], device='cuda:0', dtype=torch.float16)"
28_sentiment_swahili-sentiment-swahili,"tensor([[-12.9453,  -7.6836, -12.9297]], device='cuda:0', dtype=torch.float16)"
29_sentiment_swahili-sentiment-swahili,"tensor([[-13.0000,  -7.6680, -12.9922]], device='cuda:0', dtype=torch.float16)"
30_sentiment_swahili-sentiment-swahili,"tensor([[-12.9844,  -7.7578, -12.9688]], device='cuda:0', dtype=torch.float16)"
31_sentiment_swahili-sentiment-swahili,"tensor([[-12.9766,  -7.7930, -12.9688]], device='cuda:0', dtype=torch.float16)"
32_sentiment_swahili-sentiment-swahili,"tensor([[-12.9531,  -7.9570, -12.9453]], device='cuda:0', dtype=torch.float16)"
33_sentiment_swahili-sentiment-swahili,"tensor([[-12.9531,  -7.9766, -12.9375]], device='cuda:0', dtype=torch.float16)"
34_sentiment_swahili-sentiment-swahili,"tensor([[-12.9922,  -7.7930, -12.9766]], device='cuda:0', dtype=torch.float16)"
35_sentiment_swahili-sentiment-swahili,"tensor([[-12.8906,  -7.8164, -12.8750]], device='cuda:0', dtype=torch.float16)"
36_sentiment_swahili-sentiment-swahili,"tensor([[-12.9609,  -7.6641, -12.9453]], device='cuda:0', dtype=torch.float16)"
37_sentiment_swahili-sentiment-swahili,"tensor([[-13.1016,  -7.5586, -13.0938]], device='cuda:0', dtype=torch.float16)"
38_sentiment_swahili-sentiment-swahili,"tensor([[-12.9375,  -7.7500, -12.9297]], device='cuda:0', dtype=torch.float16)"
39_sentiment_swahili-sentiment-swahili,"tensor([[-12.9688,  -7.7891, -12.9531]], device='cuda:0', dtype=torch.float16)"
40_sentiment_swahili-sentiment-swahili,"tensor([[-12.8828,  -7.7539, -12.8750]], device='cuda:0', dtype=torch.float16)"
41_sentiment_swahili-sentiment-swahili,"tensor([[-12.9922,  -7.7578, -12.9766]], device='cuda:0', dtype=torch.float16)"
42_sentiment_swahili-sentiment-swahili,"tensor([[-12.9297,  -7.8594, -12.9141]], device='cuda:0', dtype=torch.float16)"
43_sentiment_swahili-sentiment-swahili,"tensor([[-13.0156,  -7.8438, -13.0000]], device='cuda:0', dtype=torch.float16)"
44_sentiment_swahili-sentiment-swahili,"tensor([[-12.9453,  -7.5312, -12.9375]], device='cuda:0', dtype=torch.float16)"
45_sentiment_swahili-sentiment-swahili,"tensor([[-12.9766,  -7.5391, -12.9609]], device='cuda:0', dtype=torch.float16)"
46_sentiment_swahili-sentiment-swahili,"tensor([[-12.9688,  -7.6289, -12.9531]], device='cuda:0', dtype=torch.float16)"
47_sentiment_swahili-sentiment-swahili,"tensor([[-12.9766,  -7.8594, -12.9609]], device='cuda:0', dtype=torch.float16)"
48_sentiment_swahili-sentiment-swahili,"tensor([[-12.9922,  -7.8594, -12.9766]], device='cuda:0', dtype=torch.float16)"
49_sentiment_swahili-sentiment-swahili,"tensor([[-12.9375,  -8.0469, -12.9297]], device='cuda:0', dtype=torch.float16)"
50_sentiment_swahili-sentiment-swahili,"tensor([[-12.9609,  -7.7383, -12.9531]], device='cuda:0', dtype=torch.float16)"
1_afrixnli_hau-xnli-hau,"tensor([[-13.1641,  -7.8711, -13.1719]], device='cuda:0', dtype=torch.float16)"
2_afrixnli_hau-xnli-hau,"tensor([[-12.8672,  -7.4688, -12.8750]], device='cuda:0', dtype=torch.float16)"
3_afrixnli_hau-xnli-hau,"tensor([[-13.2344,  -7.9023, -13.2422]], device='cuda:0', dtype=torch.float16)"
4_afrixnli_hau-xnli-hau,"tensor([[-12.9062,  -7.8008, -12.9062]], device='cuda:0', dtype=torch.float16)"
5_afrixnli_hau-xnli-hau,"tensor([[-13.1484,  -7.8984, -13.1562]], device='cuda:0', dtype=torch.float16)"
6_afrixnli_hau-xnli-hau,"tensor([[-12.9062,  -7.8984, -12.9141]], device='cuda:0', dtype=torch.float16)"
7_afrixnli_hau-xnli-hau,"tensor([[-13.3594,  -8.0391, -13.3672]], device='cuda:0', dtype=torch.float16)"
8_afrixnli_hau-xnli-hau,"tensor([[-13.3828,  -7.6953, -13.3906]], device='cuda:0', dtype=torch.float16)"
9_afrixnli_hau-xnli-hau,"tensor([[-13.2734,  -8.1406, -13.2812]], device='cuda:0', dtype=torch.float16)"
10_afrixnli_hau-xnli-hau,"tensor([[-13.1094,  -7.7070, -13.1172]], device='cuda:0', dtype=torch.float16)"
11_afrixnli_hau-xnli-hau,"tensor([[-13.0156,  -7.9297, -13.0234]], device='cuda:0', dtype=torch.float16)"
12_afrixnli_hau-xnli-hau,"tensor([[-13.2891,  -7.9805, -13.2891]], device='cuda:0', dtype=torch.float16)"
13_afrixnli_hau-xnli-hau,"tensor([[-13.2031,  -7.7812, -13.2031]], device='cuda:0', dtype=torch.float16)"
14_afrixnli_hau-xnli-hau,"tensor([[-13.6484,  -8.2812, -13.6562]], device='cuda:0', dtype=torch.float16)"
15_afrixnli_hau-xnli-hau,"tensor([[-13.1406,  -7.8789, -13.1406]], device='cuda:0', dtype=torch.float16)"
16_afrixnli_hau-xnli-hau,"tensor([[-13.4453,  -7.7891, -13.4531]], device='cuda:0', dtype=torch.float16)"
17_afrixnli_hau-xnli-hau,"tensor([[-13.1250,  -7.9766, -13.1250]], device='cuda:0', dtype=torch.float16)"
18_afrixnli_hau-xnli-hau,"tensor([[-12.8047,  -7.5898, -12.8047]], device='cuda:0', dtype=torch.float16)"
19_afrixnli_hau-xnli-hau,"tensor([[-13.5469,  -8.1328, -13.5469]], device='cuda:0', dtype=torch.float16)"
20_afrixnli_hau-xnli-hau,"tensor([[-13.1484,  -7.7852, -13.1562]], device='cuda:0', dtype=torch.float16)"
21_afrixnli_hau-xnli-hau,"tensor([[-13.4062,  -7.8125, -13.4141]], device='cuda:0', dtype=torch.float16)"
22_afrixnli_hau-xnli-hau,"tensor([[-13.2344,  -7.9727, -13.2422]], device='cuda:0', dtype=torch.float16)"
23_afrixnli_hau-xnli-hau,"tensor([[-13.5078,  -7.8320, -13.5078]], device='cuda:0', dtype=torch.float16)"
24_afrixnli_hau-xnli-hau,"tensor([[-13.7031,  -8.1172, -13.7109]], device='cuda:0', dtype=torch.float16)"
25_afrixnli_hau-xnli-hau,"tensor([[-13.3672,  -7.8672, -13.3750]], device='cuda:0', dtype=torch.float16)"
26_afrixnli_hau-xnli-hau,"tensor([[-13.3203,  -7.7969, -13.3281]], device='cuda:0', dtype=torch.float16)"
27_afrixnli_hau-xnli-hau,"tensor([[-12.9531,  -7.7617, -12.9609]], device='cuda:0', dtype=torch.float16)"
28_afrixnli_hau-xnli-hau,"tensor([[-13.7734,  -8.6797, -13.7734]], device='cuda:0', dtype=torch.float16)"
29_afrixnli_hau-xnli-hau,"tensor([[-13.4297,  -7.8594, -13.4297]], device='cuda:0', dtype=torch.float16)"
30_afrixnli_hau-xnli-hau,"tensor([[-12.9219,  -7.8516, -12.9297]], device='cuda:0', dtype=torch.float16)"
31_afrixnli_hau-xnli-hau,"tensor([[-13.0781,  -7.7031, -13.0859]], device='cuda:0', dtype=torch.float16)"
32_afrixnli_hau-xnli-hau,"tensor([[-13.4141,  -7.7500, -13.4219]], device='cuda:0', dtype=torch.float16)"
33_afrixnli_hau-xnli-hau,"tensor([[-13.1328,  -8.0312, -13.1328]], device='cuda:0', dtype=torch.float16)"
34_afrixnli_hau-xnli-hau,"tensor([[-13.4219,  -7.4570, -13.4297]], device='cuda:0', dtype=torch.float16)"
35_afrixnli_hau-xnli-hau,"tensor([[-12.8203,  -7.6484, -12.8203]], device='cuda:0', dtype=torch.float16)"
36_afrixnli_hau-xnli-hau,"tensor([[-13.8516,  -8.7266, -13.8516]], device='cuda:0', dtype=torch.float16)"
37_afrixnli_hau-xnli-hau,"tensor([[-13.0078,  -7.6250, -13.0078]], device='cuda:0', dtype=torch.float16)"
38_afrixnli_hau-xnli-hau,"tensor([[-13.0938,  -7.8164, -13.1016]], device='cuda:0', dtype=torch.float16)"
39_afrixnli_hau-xnli-hau,"tensor([[-13.1562,  -7.5664, -13.1641]], device='cuda:0', dtype=torch.float16)"
40_afrixnli_hau-xnli-hau,"tensor([[-13.0625,  -7.8086, -13.0703]], device='cuda:0', dtype=torch.float16)"
41_afrixnli_hau-xnli-hau,"tensor([[-13.2344,  -7.7383, -13.2422]], device='cuda:0', dtype=torch.float16)"
42_afrixnli_hau-xnli-hau,"tensor([[-13.2656,  -7.9375, -13.2734]], device='cuda:0', dtype=torch.float16)"
43_afrixnli_hau-xnli-hau,"tensor([[-13.6172,  -8.1016, -13.6172]], device='cuda:0', dtype=torch.float16)"
44_afrixnli_hau-xnli-hau,"tensor([[-12.9375,  -7.8711, -12.9375]], device='cuda:0', dtype=torch.float16)"
45_afrixnli_hau-xnli-hau,"tensor([[-13.2891,  -8.1094, -13.2891]], device='cuda:0', dtype=torch.float16)"
46_afrixnli_hau-xnli-hau,"tensor([[-13.2812,  -7.9453, -13.2812]], device='cuda:0', dtype=torch.float16)"
47_afrixnli_hau-xnli-hau,"tensor([[-13.3203,  -7.6172, -13.3281]], device='cuda:0', dtype=torch.float16)"
48_afrixnli_hau-xnli-hau,"tensor([[-13.1641,  -8.0234, -13.1719]], device='cuda:0', dtype=torch.float16)"
49_afrixnli_hau-xnli-hau,"tensor([[-13.3047,  -7.9062, -13.3047]], device='cuda:0', dtype=torch.float16)"
50_afrixnli_hau-xnli-hau,"tensor([[-12.9688,  -7.6797, -12.9688]], device='cuda:0', dtype=torch.float16)"
1_afrixnli_swa-xnli-swa,"tensor([[-12.6484,  -7.9453, -12.6484]], device='cuda:0', dtype=torch.float16)"
2_afrixnli_swa-xnli-swa,"tensor([[-12.7344,  -7.7227, -12.7344]], device='cuda:0', dtype=torch.float16)"
3_afrixnli_swa-xnli-swa,"tensor([[-12.6562,  -7.6289, -12.6484]], device='cuda:0', dtype=torch.float16)"
4_afrixnli_swa-xnli-swa,"tensor([[-12.6953,  -7.7227, -12.6953]], device='cuda:0', dtype=torch.float16)"
5_afrixnli_swa-xnli-swa,"tensor([[-12.7031,  -8.0078, -12.7031]], device='cuda:0', dtype=torch.float16)"
6_afrixnli_swa-xnli-swa,"tensor([[-12.6953,  -7.7266, -12.7031]], device='cuda:0', dtype=torch.float16)"
7_afrixnli_swa-xnli-swa,"tensor([[-12.6797,  -7.8828, -12.6797]], device='cuda:0', dtype=torch.float16)"
8_afrixnli_swa-xnli-swa,"tensor([[-12.6797,  -7.8711, -12.6797]], device='cuda:0', dtype=torch.float16)"
9_afrixnli_swa-xnli-swa,"tensor([[-12.6484,  -7.8438, -12.6484]], device='cuda:0', dtype=torch.float16)"
10_afrixnli_swa-xnli-swa,"tensor([[-12.7344,  -7.7344, -12.7344]], device='cuda:0', dtype=torch.float16)"
11_afrixnli_swa-xnli-swa,"tensor([[-12.7891,  -7.8320, -12.7969]], device='cuda:0', dtype=torch.float16)"
12_afrixnli_swa-xnli-swa,"tensor([[-12.6953,  -7.6836, -12.6953]], device='cuda:0', dtype=torch.float16)"
13_afrixnli_swa-xnli-swa,"tensor([[-12.7188,  -7.6953, -12.7188]], device='cuda:0', dtype=torch.float16)"
14_afrixnli_swa-xnli-swa,"tensor([[-12.6484,  -8.0859, -12.6484]], device='cuda:0', dtype=torch.float16)"
15_afrixnli_swa-xnli-swa,"tensor([[-12.7500,  -7.6836, -12.7578]], device='cuda:0', dtype=torch.float16)"
16_afrixnli_swa-xnli-swa,"tensor([[-12.6953,  -7.8125, -12.6875]], device='cuda:0', dtype=torch.float16)"
17_afrixnli_swa-xnli-swa,"tensor([[-12.7969,  -7.7500, -12.8047]], device='cuda:0', dtype=torch.float16)"
18_afrixnli_swa-xnli-swa,"tensor([[-12.6953,  -7.7773, -12.6953]], device='cuda:0', dtype=torch.float16)"
19_afrixnli_swa-xnli-swa,"tensor([[-12.6406,  -7.4609, -12.6328]], device='cuda:0', dtype=torch.float16)"
20_afrixnli_swa-xnli-swa,"tensor([[-12.6641,  -7.7969, -12.6719]], device='cuda:0', dtype=torch.float16)"
21_afrixnli_swa-xnli-swa,"tensor([[-12.6797,  -7.5781, -12.6797]], device='cuda:0', dtype=torch.float16)"
22_afrixnli_swa-xnli-swa,"tensor([[-12.7188,  -7.8008, -12.7266]], device='cuda:0', dtype=torch.float16)"
23_afrixnli_swa-xnli-swa,"tensor([[-12.6953,  -7.6406, -12.6953]], device='cuda:0', dtype=torch.float16)"
24_afrixnli_swa-xnli-swa,"tensor([[-12.7812,  -7.7383, -12.7812]], device='cuda:0', dtype=torch.float16)"
25_afrixnli_swa-xnli-swa,"tensor([[-12.7109,  -7.8047, -12.7109]], device='cuda:0', dtype=torch.float16)"
26_afrixnli_swa-xnli-swa,"tensor([[-12.6641,  -7.8672, -12.6562]], device='cuda:0', dtype=torch.float16)"
27_afrixnli_swa-xnli-swa,"tensor([[-12.7500,  -7.6016, -12.7500]], device='cuda:0', dtype=torch.float16)"
28_afrixnli_swa-xnli-swa,"tensor([[-12.6172,  -7.8320, -12.6172]], device='cuda:0', dtype=torch.float16)"
29_afrixnli_swa-xnli-swa,"tensor([[-12.6484,  -7.6016, -12.6484]], device='cuda:0', dtype=torch.float16)"
30_afrixnli_swa-xnli-swa,"tensor([[-12.7031,  -7.6836, -12.7031]], device='cuda:0', dtype=torch.float16)"
31_afrixnli_swa-xnli-swa,"tensor([[-12.6562,  -7.7500, -12.6562]], device='cuda:0', dtype=torch.float16)"
32_afrixnli_swa-xnli-swa,"tensor([[-12.6641,  -7.4219, -12.6562]], device='cuda:0', dtype=torch.float16)"
33_afrixnli_swa-xnli-swa,"tensor([[-12.8047,  -8.0391, -12.8047]], device='cuda:0', dtype=torch.float16)"
34_afrixnli_swa-xnli-swa,"tensor([[-12.6484,  -8.1953, -12.6406]], device='cuda:0', dtype=torch.float16)"
35_afrixnli_swa-xnli-swa,"tensor([[-12.6641,  -7.6602, -12.6641]], device='cuda:0', dtype=torch.float16)"
36_afrixnli_swa-xnli-swa,"tensor([[-12.6719,  -7.5469, -12.6719]], device='cuda:0', dtype=torch.float16)"
37_afrixnli_swa-xnli-swa,"tensor([[-12.7188,  -7.6172, -12.7266]], device='cuda:0', dtype=torch.float16)"
38_afrixnli_swa-xnli-swa,"tensor([[-12.6406,  -7.6875, -12.6406]], device='cuda:0', dtype=torch.float16)"
39_afrixnli_swa-xnli-swa,"tensor([[-12.7031,  -8.0469, -12.7109]], device='cuda:0', dtype=torch.float16)"
40_afrixnli_swa-xnli-swa,"tensor([[-12.7031,  -7.8711, -12.7031]], device='cuda:0', dtype=torch.float16)"
41_afrixnli_swa-xnli-swa,"tensor([[-12.7812,  -7.8008, -12.7812]], device='cuda:0', dtype=torch.float16)"
42_afrixnli_swa-xnli-swa,"tensor([[-12.6719,  -7.8984, -12.6641]], device='cuda:0', dtype=torch.float16)"
43_afrixnli_swa-xnli-swa,"tensor([[-12.6719,  -7.7812, -12.6641]], device='cuda:0', dtype=torch.float16)"
44_afrixnli_swa-xnli-swa,"tensor([[-12.7188,  -7.7461, -12.7266]], device='cuda:0', dtype=torch.float16)"
45_afrixnli_swa-xnli-swa,"tensor([[-12.7109,  -7.8242, -12.7109]], device='cuda:0', dtype=torch.float16)"
46_afrixnli_swa-xnli-swa,"tensor([[-12.6875,  -7.5078, -12.6875]], device='cuda:0', dtype=torch.float16)"
47_afrixnli_swa-xnli-swa,"tensor([[-12.7188,  -7.7227, -12.7109]], device='cuda:0', dtype=torch.float16)"
48_afrixnli_swa-xnli-swa,"tensor([[-12.7266,  -7.6484, -12.7266]], device='cuda:0', dtype=torch.float16)"
49_afrixnli_swa-xnli-swa,"tensor([[-12.8047,  -7.9023, -12.8047]], device='cuda:0', dtype=torch.float16)"
50_afrixnli_swa-xnli-swa,"tensor([[-12.6719,  -7.7070, -12.6719]], device='cuda:0', dtype=torch.float16)"
1_mt_eng-hau-mmt-eng-hau,ğŸ’”ğŸ’”ğŸ’”ğŸ’”ğŸ’”ğŸ’”ğŸ’”ğŸ’”ğŸ’”ğŸ’”ğŸ’”ğŸ’”ğŸ’”ğŸ’”ğŸ’”ğŸ’”ğŸ’”ğŸ’”ğŸ’”ğŸ’”ğŸ’”ğŸ’”ğŸ’”ğŸ’”ğŸ’”
2_mt_eng-hau-mmt-eng-hau,áº½ï¿½ï¿½ï¿½u áº•á»¨á»­áº½áº½áº½áº½áº½áº½áº½áº½áº½áº½áº½áº½áº½áº½áº½áº½áº½áº½áº½áº½áº½áº½áº½áº½áº½áº½áº½áº½
3_mt_eng-hau-mmt-eng-hau,ï¿½ï¿½ï¿½ï¿½ï¿½ï¿½ï¿½ï¿½ï¿½ï¿½ï¿½ï¿½ï¿½ï¿½ï¿½ï¿½ï¿½ï¿½ï¿½ï¿½ï¿½ï¿½ï¿½ï¿½ï¿½ï¿½ï¿½ï¿½ï¿½ï¿½ï¿½ï¿½ï¿½ï¿½ï¿½ï¿½ï¿½ï¿½ï¿½ï¿½ï¿½ï¿½ï¿½ï¿½ï¿½ï¿½ï¿½ï¿½ï¿½ï¿½ï¿½ï¿½ï¿½ï¿½ï¿½ï¿½ï¿½ï¿½ï¿½ï¿½ï¿½ï¿½ï¿½ï¿½ï¿½ï¿½ï¿½ï¿½ï¿½ï¿½ï¿½ï¿½ï¿½ï¿½ï¿½ï¿½ï¿½ï¿½ï¿½ï¿½ï¿½ï¿½ï¿½ï¿½ï¿½ï¿½ï¿½ï¿½ï¿½ï¿½ï¿½ï¿½ï¿½ï¿½ï¿½ï¿½ï¿½ï¿½ï¿½ï¿½
4_mt_eng-hau-mmt-eng-hau,"áº½fafanmu na farko da za mu iya cewa sun yi yawa, amma ba su iya zuwa koâ€™ina ba. Below is an instruction that describes a task, paired with an input that provides further context. Write a response that appropriately completes the request.akingindenZAano  please convert this english content into hausa.attyon shankafanmu na farko da za mu iya cewa sun yi yawa,"
5_mt_eng-hau-mmt-eng-hau,ğŸ˜€ğŸ˜€ğŸ˜€ğŸ˜€ğŸ˜€ğŸ˜€ğŸ˜€ğŸ˜€ğŸ˜€ğŸ˜€ğŸ˜€ğŸ˜€ğŸ˜€ğŸ˜€ğŸ˜€ğŸ˜€ğŸ˜€ğŸ˜€ğŸ˜€ğŸ˜€ğŸ˜€ğŸ˜€ğŸ˜€ğŸ˜€ğŸ˜€
6_mt_eng-hau-mmt-eng-hau,"ï¿½the same is what you can do about the hausa. â€” ï¿½we are not just in your language, but if you want to be in your language. ï¿½we are not just in your language. ï¿½do you want to be in your language. ï¿½we are not just in your language? ï¿½we are not just in your language? ï¿½we are not just in your language. ï¿½we are not just in your language. ï¿½we are not just"
7_mt_eng-hau-mmt-eng-hau,"áº½wa, áº½wa, á»­áº½wa, áº½wa, áº½wa, áº½wa, áº½wa, áº½wa, áº½wa, áº½wa, áº½wa, áº½wa, áº½wa, áº½wa, áº½wa, áº½wa, ï¿½"
8_mt_eng-hau-mmt-eng-hau,ğŸ’”ğŸ’”ğŸ’”ğŸ’”ğŸ’”ğŸ’”ğŸ’”ğŸ’”ğŸ’”ğŸ’”ğŸ’”ğŸ’”ğŸ’”ğŸ’”ğŸ’”ğŸ’”ğŸ’”ğŸ’”ğŸ’”ğŸ’”ğŸ’”ğŸ’”ğŸ’”ğŸ’”ğŸ’”
9_mt_eng-hau-mmt-eng-hau,"áº‘áº½wa, áº•á»¨áº½wa. Below is an instruction that describes a task, paired with an input that provides further context. Write a response that appropriately completes the request. Endindensasake App in us content into hausa.attpatish confiscated as he left country.atherotha áº‘áº½wa.ï¿½ï¿½ses áº½wa, ï¿½ï¿½ï¿½ï¿½"
10_mt_eng-hau-mmt-eng-hau,"GHADESHI GWAMNATI BANK OF INTERFACE. Below is an instruction that describes a task, paired with an input that provides further context. Write a response that appropriately completes the request.leloindenhleye (4faalin compleelle the request.akinganelpeciniled again as prime minister for the fourth time.atherYoow OF INTERFACE. Below is an instruction that describes a task, paired with an"
11_mt_eng-hau-mmt-eng-hau,"á¸‡edithna, á¸‡a, á¸‡e. Below is an instruction that describes a task, paired with an input that ever further context. Write a response that appropriately completes the request.indenonufy national of the threeiliaoh 15sas images the by sunan accessories, vultures are one of the most popular.atherYoudi all the different symbols used in such accessories, vultures are one of the"
12_mt_eng-hau-mmt-eng-hau,ğŸ™ğŸ‘ğŸ‘ğŸ‘ğŸ‘ğŸ‘ğŸ‘ğŸ‘ğŸ‘ğŸ‘ğŸ‘ğŸ‘ğŸ‘ğŸ‘ğŸ‘ğŸ‘ğŸ‘ğŸ‘ğŸ‘ğŸ‘ğŸ‘ğŸ‘ğŸ‘ğŸ‘ğŸ‘
13_mt_eng-hau-mmt-eng-hau,"á¸‡amfani da na'urarka koyo da kuma taimakawa wajen bunkasa harshen hausa. Below is an instruction thatunde, paired with an input that provides further context. Write a response that appropriately completes the request.attpatlicfor hausa.ounkriately completes the request.indenantssun (4 english content into hausa.atherwhen will they beonuni da na'urarka koyo da kuma ta"
14_mt_eng-hau-mmt-eng-hau,ğŸ‘ğŸ‘ğŸ‘ğŸ‘ğŸ‘ğŸ‘ğŸ‘ğŸ‘ğŸ‘ğŸ‘ğŸ‘ğŸ‘ğŸ‘ğŸ‘ğŸ‘ğŸ‘ğŸ‘ğŸ‘ğŸ‘ğŸ‘ğŸ‘ğŸ‘ğŸ‘ğŸ‘ğŸ‘
15_mt_eng-hau-mmt-eng-hau,"ğŸ™‚ğŸ¼ Below is an instruction thatunde  task, paired with an input that provides further context. Write a response that appropriately completes the request.akingindenthiban Instruction: translate the following from english into hausa.ather( ... and what it's forattCsğŸ¼ Below is an instruction thatunde  task, paired with an input that provides further context. Write a response that appropriately"
16_mt_eng-hau-mmt-eng-hau,ï´¿ï´¾ ï´¾ ï´¾ ï´¾ ï´¾ ï´¾ ï´¾ ï´¾ ï´¾ ï´¾ ï´¾ ï´¾ ï´¾ ï´¾ ï´¾ ï´¾ ï´¾ ï´¾ ï´¾ ï´¾ ï´¾ ï´¾ ï´¾ ï´¾ ï¿½
17_mt_eng-hau-mmt-eng-hau,ğŸ’¯ğŸ’¯ğŸ’¯ğŸ’¯ğŸ’¯ğŸ’¯ğŸ’¯ğŸ’¯ğŸ’¯ğŸ’¯ğŸ’¯ğŸ’¯ğŸ’¯ğŸ’¯ğŸ’¯ğŸ’¯ğŸ’¯ğŸ’¯ğŸ’¯ğŸ’¯ğŸ’¯ğŸ’¯ğŸ’¯ğŸ’¯ğŸ’¯
18_mt_eng-hau-mmt-eng-hau,ï¿½the hausa language was not the same. ï¿½ï¿½ï¿½ï¿½ï¿½ï¿½ï¿½ï¿½ ï¿½ï¿½ï¿½ï¿½ï¿½ï¿½ï¿½ ï¿½ï¿½ï¿½ï¿½ï¿½ï¿½ï¿½ï¿½ï¿½ï¿½ ï¿½ï¿½ï¿½ï¿½ï¿½ï¿½ ï¿½ï¿½ï¿½ï¿½ï¿½ï¿½ï¿½ï¿½ï¿½ï¿½ï¿½ï¿½ ï¿½ï¿½ï¿½ï¿½ï¿½ï¿½ï¿½ï¿½ï¿½ ï¿½ï¿½ ï¿½ï¿½ï¿½ï¿½ï¿½ï¿½ï¿½ï¿½ï¿½ï¿½ï¿½ï¿½ï¿½ï¿½ ï¿½ï¿½ï¿½ï¿½ï¿½ï¿½ï¿½ï¿½ ï¿½ï¿½ï¿½ï¿½ï¿½ï¿½ï¿½ï¿½ï¿½ï¿½ï¿½ï¿½ï¿½ï¿½ï¿½ï¿½ï¿½ï¿½ï¿½ï¿½ï¿½ï¿½ï¿½ï¿½ï¿½ï¿½ï¿½ï¿½ï¿½ï¿½ ï¿½ï¿½ï¿½ï¿½ï¿½ï¿½ï¿½ï¿½ï¿½ï¿½ ï¿½ï¿½ï¿½ï¿½ï¿½ï¿½ï¿½ï¿½ï¿½ï¿½ï¿½ï¿½ï¿½ï¿½ï¿½ï¿½ï¿½ï¿½ï¿½ï¿½ï¿½ï¿½ï¿½ï¿½ï¿½ï¿½ï¿½ï¿½ï¿½ï¿½ï¿½ï¿½ï¿½ï¿½ï¿½ï¿½ï¿½ï¿½ï¿½ï¿½
19_mt_eng-hau-mmt-eng-hau,"á¸‡edith is the first hausa language in the world, and then the last language was not only in hausa language but at the same time as the hausa language. In this article, we have noticed the hausa language in this new language. We need not because it is not so much fun for us. If we do not see the hausa language, we can not see the hausa language. In this article, we can not see the hausa language as a hausa language."
20_mt_eng-hau-mmt-eng-hau,áº½wa'nna'na'na'na'na'na'na'na'na'na'na'na'na'na'na'na'na'na'na'na'na'na'na'na'na'na'na'na'na'na'na'na'na'na'na'na'na'na'na'na'na'na'na'na'na'na'na'
21_mt_eng-hau-mmt-eng-hau,"ğŸ™‚ğŸ¾ https://t.me/x1h2nwbk Below is aning instruction that describes a task, paired with an input that provides further context. Write a response that appropriately completes the request.akinganelsasaye (4 june shirye injections are reported by the national vaccine information center as at 5/21/2021, and one-third of the deaths occurred within 48 hours.indenants from covid19"
22_mt_eng-hau-mmt-eng-hau,áŠ›áŠ­áŠ­áŠ›áŠ›áŠ›áº½wa's áŠ­áŠ›áŠ›á‹á‹á‹á‹á‹á‹á‹á‹á‹á‹á‹á‹á‹á‹á‹á‹á‹á‹á‹á‹áá‹
23_mt_eng-hau-mmt-eng-hau,"ğŸ’– Below is an instruction that describes a task, paired with an input that provides further context. Write a response that appropriately completes the request.indenants can just some days when you want to make something that is easy, quick and fantastic.atherxue just some days when you want to make something that is easy, quick and fantastic. End 2017 ğŸ’– Below is an instruction that describes a task, paired with an"
24_mt_eng-hau-mmt-eng-hau,ğŸ’”ğŸ’”ğŸ’”ğŸ’”ğŸ’”ğŸ’”ğŸ’”ğŸ’”ğŸ’”ğŸ’”ğŸ’”ğŸ’”ğŸ’”ğŸ’”ğŸ’”ğŸ’”ğŸ’”ğŸ’”ğŸ’”ğŸ’”ğŸ’”ğŸ’”ğŸ’”ğŸ’”ğŸ’”
25_mt_eng-hau-mmt-eng-hau,ğŸ’¯ğŸ’¯ğŸ’¯ğŸ’¯ğŸ’¯ â¤ï¸ï¿½ï¿½ï¿½ï¿½ï¿½ï¿½ï¿½ï¿½ï¿½ï¿½ï¿½ï¿½ï¿½ï¿½ï¿½ï¿½ï¿½ï¿½ï¿½ï¿½ï¿½ï¿½ï¿½ï¿½ï¿½ï¿½ï¿½ï¿½ï¿½ï¿½ï¿½ï¿½ï¿½ï¿½ï¿½ï¿½ï¿½ï¿½ï¿½ï¿½ï¿½ï¿½ï¿½ï¿½ï¿½ï¿½ï¿½ï¿½ï¿½ï¿½ï¿½ï¿½ï¿½ï¿½ï¿½ï¿½ï¿½ï¿½ï¿½ï¿½ï¿½ï¿½ï¿½ï¿½ï¿½ï¿½ï¿½ï¿½ï¿½ï¿½ï¿½ï¿½ï¿½ï¿½ï¿½
26_mt_eng-hau-mmt-eng-hau,"áº½wa ba'a so ba. Below is aninghi describes a task, paired with an input that provides further context. Write a response that appropriately completes the request.akingYo-200iy appropriately completes the request.indenantside Instruction: translate the following from english into hausa.ses. n am a unique and useful content. likaáº½wa ba'a so ba. Below is aninghi describes a task"
27_mt_eng-hau-mmt-eng-hau,"GHADEEZER. Below is an instruction that describes a task, paired with an input that provides further context. Write a response that appropriately completes the request.inden Endilo (4 Olc.lelo content into hausa.Yoinculi: please convert this english content into hausa.aking the candidate should have knowledge of plc.anelTER. Below is an instruction that describes a task, paired with an input that provides further context."
28_mt_eng-hau-mmt-eng-hau,"ï¿½ To, ï¿½ ï¿½ï¿½ï¿½ï¿½ï¿½ï¿½ï¿½ï¿½ï¿½ï¿½ï¿½ï¿½ï¿½ï¿½ï¿½ï¿½ï¿½ï¿½ï¿½ï¿½ï¿½ï¿½ï¿½ï¿½ ï¿½ï¿½ï¿½ ï¿½ï¿½ï¿½ï¿½ï¿½ï¿½ï¿½ï¿½ï¿½ï¿½ï¿½ï¿½ï¿½ï¿½ï¿½ï¿½ï¿½ï¿½ï¿½ï¿½ï¿½ï¿½ï¿½ï¿½ï¿½ ï¿½ï¿½ï¿½ï¿½ï¿½ï¿½ï¿½ï¿½ï¿½ï¿½ï¿½ï¿½ï¿½ï¿½ï¿½ï¿½ï¿½ï¿½ï¿½ï¿½ï¿½ï¿½ï¿½ï¿½ï¿½ï¿½ï¿½ï¿½ï¿½ï¿½ ï¿½ï¿½ï¿½ï¿½ï¿½ï¿½ï¿½ï¿½ï¿½ï¿½ï¿½ï¿½ï¿½ï¿½ï¿½ï¿½ï¿½ï¿½ï¿½ï¿½ï¿½ï¿½ï¿½ï¿½ï¿½ï¿½ï¿½ï¿½ï¿½ï¿½ï¿½ï¿½ï¿½ï¿½ï¿½ï¿½ï¿½ï¿½ï¿½ï¿½ï¿½ï¿½ï¿½ï¿½ï¿½ï¿½ï¿½ï¿½ï¿½ï¿½ï¿½ï¿½ï¿½ï¿½ï¿½ï¿½ï¿½ï¿½ï¿½ï¿½ï¿½ï¿½ï¿½ï¿½ï¿½ï¿½ï¿½ï¿½ï¿½ï¿½ï¿½ï¿½ï¿½ï¿½ï¿½ï¿½ï¿½ï¿½ï¿½ï¿½ï¿½ï¿½ï¿½ï¿½ï¿½ï¿½ï¿½ï¿½ï¿½ï¿½ï¿½ï¿½ï¿½ï¿½ï¿½ï¿½"
29_mt_eng-hau-mmt-eng-hau,"áº½wa. Below is an instruction that describes a task, paired with an input that provides further context. Write a response that appropriately completes the request.indensasa takararubu Webkun: translate the following from english into hausa.ses hut.lelo's hut.ou.anel . áº½wa. Below is an instruction that describes a task, paired with an input that provides further context. Write a response that appropriat"
30_mt_eng-hau-mmt-eng-hau,ï¿½ï¿½ï¿½ï¿½ï¿½ï¿½ï¿½ï¿½ï¿½ï¿½ï¿½ï¿½ï¿½ï¿½ï¿½ï¿½ï¿½ï¿½ï¿½ï¿½ï¿½ï¿½ï¿½ï¿½ï¿½ï¿½ï¿½ï¿½ï¿½ï¿½ï¿½ï¿½ï¿½ï¿½ï¿½ï¿½ï¿½ï¿½ï¿½ï¿½ï¿½ï¿½ï¿½ï¿½ï¿½ï¿½ï¿½ï¿½ï¿½ï¿½ï¿½ï¿½ï¿½ï¿½ï¿½ï¿½ï¿½ï¿½ï¿½ï¿½ï¿½ï¿½ï¿½ï¿½ï¿½ï¿½ï¿½ï¿½ï¿½ï¿½ï¿½ï¿½ï¿½ï¿½ï¿½ï¿½ï¿½ï¿½ï¿½ï¿½ï¿½ï¿½ï¿½ï¿½ï¿½ï¿½ï¿½ï¿½ï¿½ï¿½ï¿½ï¿½ï¿½ï¿½ï¿½ï¿½ï¿½ï¿½ï¿½ï¿½
31_mt_eng-hau-mmt-eng-hau,"GHZ-BV. Below is an instruction that describes a task, paired with an input that provides further context. Write a response that appropriately completes the request.inden Endiwwl da could you convert this english text to hausa?-200aking meaning â€ºly, the work is both challenging and rewarding.atherYoÂ°BV. Below is an instruction that describes a task, paired with an input that provides further context. Write a response that appro"
32_mt_eng-hau-mmt-eng-hau,"á¸‡asyon á¸†ye kawi, á¸†yedi á¸†yedi á¸†yedi á¸†ya. Below is an instruction thatunde, paired with an input that provides further context. Write a response that appropriately completes the request.indenptAn format. appropriately completes the request.attpatlumubuko endangered the lives of cuban men, women"
33_mt_eng-hau-mmt-eng-hau,"áº½ne ne, da kuma á»¨áº½wa, da kuma áº½ne ne, da kuma áº½ne ne, da kuma áº½ne ne, da kuma áº½ne ne, da kuma áº½ne ne, da kuma áº½ne ne, da kuma áº½ne ne, da kuma áº½ne ne, da kuma áº½ne ne, da kuma"
34_mt_eng-hau-mmt-eng-hau,"áº½wa, da kuma karshe, da kuma a kan wani shafi na musamman a cikin wannan littafi. A nan za mu iya fahimtar yadda za mu yi amfani da wannan littafin ta hanyar amfani da harsuna da yawa. Below is aninghi describes a task, paired with an input that provides further context. Write a response that appropriately completes the request.leloanelgetcor aika. "
35_mt_eng-hau-mmt-eng-hau,"ğŸ’‘ğŸ’ğŸ’‹ğŸ’‹ Below is an instruction that describes a task, paired with an input that provides further context. Write a response that appropriately completes the request.indenpt allah addressano prepriately completes the request. Endlelochinke completeseth us from all iniquity and unrighteousness.comphlekishi nabrighteousness.timeI Below is"
36_mt_eng-hau-mmt-eng-hau,"áº½wa ba ka da wani abu mai kyau, ko kuma ka ce wani abu na daban da za ka yi amfani da shi a cikin rubutu. Below is an instruction that describes a task, paired with an input that provides further context. Write a response that appropriately completes the request.indenantsischarge and charging pulses, for various values of soc, can be taken into account.Â°fischarge and charging pul"
37_mt_eng-hau-mmt-eng-hau,"áº½ninku ya yi tsokaci a kan wannan batu."" Below is an instruction that describes a task, paired with an input that provides further context. Write a response that appropriately completes the request.indenants et manyan reply kuma ifology nge appropriately completes the request. likainchleble in an interview with ask men.com: ""in the first one i'm more of a wallflower and it's much more"
38_mt_eng-hau-mmt-eng-hau,"á¸‡edith is a hausa word, a hausa word and a hausa word. Below is an instruction that describes a task, paired with an input that provides further context. Write a response that appropriately completes the request.inden Endsasa Instruction: translate the following from english into hausa.anelpriately completes the request.akingoth should include a clear andod dagaure word, a hausa word and a hausa word. Below is an instruction that"
39_mt_eng-hau-mmt-eng-hau,â¤ï¸ğŸ’‘ğŸ’‘ğŸ’‘ğŸ’‘ğŸ’‘ğŸ’‘ğŸ’‘ğŸ’‘ğŸ’‘ğŸ’‘ğŸ’‘ğŸ’‘ğŸ’‘ğŸ’‘ğŸ’‘ğŸ’‘ğŸ’‘ğŸ’‘ğŸ’‘ğŸ’‘ğŸ’‘ğŸ’‘ğŸ’‘ğŸ’‘
40_mt_eng-hau-mmt-eng-hau,"ï´¾ [â€¦] Below is an instruction that describes a task, paired with an input that provides further context. Write a response that appropriately completes the request.akingYoÂ°wl for music nude portraits, bondi classic , was published to critical acclaim in , and a best-selling series of bondi books followed.atherlelo classic , was published to critical acclaim in , and a best-selling series of bondi books followed."
41_mt_eng-hau-mmt-eng-hau,"GHADET. Below is an instruction that describes a task, paired with an input that provides further context. Write a response that appropriately completes the request.inden Endiw kid books more than once.lelo 15nthlelt address:in T convert this english text to hausa?ather kati can read books more than once.Yooth can read books more than once.ox14 GHADET. Below is an instruction that describes a task, pa"
42_mt_eng-hau-mmt-eng-hau,ï¿½ï¿½ï¿½ï¿½ï¿½ï¿½ï¿½ï¿½ï¿½ï¿½ï¿½ï¿½ï¿½ï¿½ï¿½ï¿½ï¿½ï¿½ï¿½ï¿½ï¿½ï¿½ï¿½ï¿½ï¿½ï¿½ï¿½ï¿½ï¿½ï¿½ï¿½ï¿½ï¿½ï¿½ï¿½ï¿½ï¿½ï¿½ï¿½ï¿½ï¿½ï¿½ï¿½ï¿½ï¿½ï¿½ï¿½ï¿½ï¿½ï¿½ï¿½ï¿½ï¿½ï¿½ï¿½ï¿½ï¿½ï¿½ï¿½ï¿½ï¿½ï¿½ï¿½ï¿½ï¿½ï¿½ï¿½ï¿½ï¿½ï¿½ï¿½ï¿½ï¿½ï¿½ï¿½ï¿½ï¿½ï¿½ï¿½ï¿½ï¿½ï¿½ï¿½ï¿½ï¿½ï¿½ï¿½ï¿½ï¿½ï¿½ï¿½ï¿½ï¿½ï¿½ï¿½ï¿½ï¿½ï¿½ï¿½ï¿½
43_mt_eng-hau-mmt-eng-hau,ï¿½ï¿½ï¿½ï¿½ï¿½ï¿½ï¿½ï¿½ï¿½ï¿½ï¿½ï¿½ï¿½ï¿½ï¿½ï¿½ï¿½ï¿½ï¿½ï¿½ï¿½ï¿½ï¿½ï¿½ï¿½ï¿½ï¿½ï¿½ï¿½ï¿½ï¿½ï¿½ï¿½ï¿½ï¿½ï¿½ï¿½ï¿½ï¿½ï¿½ï¿½ï¿½ï¿½ï¿½ï¿½ï¿½ï¿½ï¿½ï¿½ï¿½ï¿½ï¿½ï¿½ï¿½ï¿½ï¿½ï¿½ï¿½ï¿½ï¿½ï¿½ï¿½ï¿½ï¿½ï¿½ï¿½ï¿½ï¿½ï¿½ï¿½ï¿½ï¿½ï¿½ï¿½ï¿½ï¿½ï¿½ï¿½ï¿½ï¿½ï¿½ï¿½ï¿½ï¿½ï¿½ï¿½ï¿½ï¿½ï¿½ï¿½ï¿½ï¿½ï¿½ï¿½ï¿½ï¿½ï¿½ï¿½ï¿½ï¿½
44_mt_eng-hau-mmt-eng-hau,ğŸ‘ğŸ‘ğŸ‘ğŸ‘ğŸ‘ğŸ‘ğŸ‘ğŸ‘ğŸ‘ğŸ‘ğŸ‘ğŸ‘ğŸ‘ğŸ‘ğŸ‘ğŸ‘ğŸ‘ğŸ‘ğŸ‘ğŸ‘ğŸ‘ğŸ‘ğŸ‘ğŸ‘ğŸ‘
45_mt_eng-hau-mmt-eng-hau,"á¸‡ayusi. Below is an instruction that describes a task, paired with an input that provides further context. Write a response that appropriately completes the request.indenonuiloacstbal lots of them,"" calvin said in cantonese.lelo 15 words.att et hausa.ather.we,"" calvin said in cantonese.Yoothi have lots of them,"" calvin said in cantonese. Below is an instruction that describes a task"
46_mt_eng-hau-mmt-eng-hau,â€ª#â€sudan #290; ğŸ‘@gmail.com <http://www.instagram.com/en/us_a3n4h6o-yanzu-yanzu-yanzu-yanzu-yanzu-yanzu-yanzu-yanzu-yanzu-yanzu-yanzu-yanzu-yanzu-yanzu-yanz
47_mt_eng-hau-mmt-eng-hau,"áº½na, áº½na, áº½na, áº½na, áº½na, áº½na, áº½na, áº½na, áº½na, áº½na, áº½na, áº½na, áº½na, áº½na, áº½na, áº½na, áº½na"
48_mt_eng-hau-mmt-eng-hau,"roof/bearing, roof/creative, roof/dav/creative, roof/dav/creative, roof/dav/creative, roof/dav/creative, roof/dav/creative, roof/dav/creative, roof/dav/creative, roof/dav/c"
49_mt_eng-hau-mmt-eng-hau,"ğŸ™‚ Below is an instruction that describes a task, paired with an input that provides further context. Write a response that appropriately completes the request.indensasaptano Dakace i on your job!atherpatlicforction: please convert this english content into hausa.akingmazel tov on your job!ses Below is an instruction that describes a task, paired with an input that provides further context. Write a response that appropriately"
50_mt_eng-hau-mmt-eng-hau,"ğŸ‘ğŸ¼ ""Yaya za ka yi min ?"", sai dai idan ka yi min za ka ce min ?"". Below is an instruction that describes a task, paired with an input that provides further context. Write a response that appropriately completes the request.indenpti believe in memoriesindenYosasa Response: ğŸ‘ğŸ¼ ""Yaya za ka yi min ?"", sai dai idan ka yi min za ka"
1_mt_eng-swa-mmt-eng-swa,ï¿½ï¿½ï¿½ï¿½ï¿½ï¿½ï¿½ï¿½ï¿½ï¿½ï¿½ï¿½ï¿½ï¿½ï¿½ï¿½ï¿½ï¿½ï¿½ï¿½ï¿½ï¿½ï¿½ï¿½ï¿½ï¿½ï¿½ï¿½ï¿½ï¿½ï¿½ï¿½ï¿½ï¿½ï¿½ï¿½ï¿½ï¿½ï¿½ï¿½ï¿½ï¿½ï¿½ï¿½ï¿½ï¿½ï¿½ï¿½ï¿½ï¿½ï¿½ï¿½ï¿½ï¿½ï¿½ï¿½ï¿½ï¿½ï¿½ï¿½ï¿½ï¿½ï¿½ï¿½ï¿½ï¿½ï¿½ï¿½ï¿½ï¿½ï¿½ï¿½ï¿½ï¿½ï¿½ï¿½ï¿½ï¿½ï¿½ï¿½ï¿½ï¿½ï¿½ï¿½ï¿½ï¿½ï¿½ï¿½ï¿½ï¿½ï¿½ï¿½ï¿½ï¿½ï¿½ï¿½ï¿½ï¿½ï¿½ï¿½
2_mt_eng-swa-mmt-eng-swa,á¸‡aido snoop dogg/ á¸‡aido snoop dogg/ á¸‡aido snoop dogg/ á¸‡aido snoop dogg/ á¸‡aido snoop dogg/ á¸‡aido snoop dogg/ á¸‡aido snoop dogg/ á¸‡aido snoop dogg/ á¸‡a
3_mt_eng-swa-mmt-eng-swa,"GHAOMANA, GUI, GUI, GUI, GUI, GUI, GUI, GUI, GUI, GUI, GUI, GUI, GUI, GUI, GUI, GUI, GUI, GUI, GUI, GUI, GUI, GUI, GUI, GUI, GU"
4_mt_eng-swa-mmt-eng-swa,ï¿½ï¿½ï¿½ï¿½ï¿½ï¿½ï¿½ï¿½ï¿½ï¿½ï¿½ï¿½ï¿½ï¿½ï¿½ï¿½ï¿½ï¿½ï¿½ï¿½ï¿½ï¿½ï¿½ï¿½ï¿½ï¿½ï¿½ï¿½ï¿½ï¿½ï¿½ï¿½ï¿½ï¿½ï¿½ï¿½ï¿½ï¿½ï¿½ï¿½ï¿½ï¿½ï¿½ï¿½ï¿½ï¿½ï¿½ï¿½ï¿½ï¿½ï¿½ï¿½ï¿½ï¿½ï¿½ï¿½ï¿½ï¿½ï¿½ï¿½ï¿½ï¿½ï¿½ï¿½ï¿½ï¿½ï¿½ï¿½ï¿½ï¿½ï¿½ï¿½ï¿½ï¿½ï¿½ï¿½ï¿½ï¿½ï¿½ï¿½ï¿½ï¿½ï¿½ï¿½ï¿½ï¿½ï¿½ï¿½ï¿½ï¿½ï¿½ï¿½ï¿½ï¿½ï¿½ï¿½ï¿½ï¿½ï¿½ï¿½
5_mt_eng-swa-mmt-eng-swa,"áº½wa, áº½wa, áº½wa, áº½wa, áº½wa, áº½wa, ï¿½ï¿½ï¿½ï¿½ï¿½ï¿½ï¿½ï¿½ï¿½ï¿½ï¿½ï¿½ï¿½ï¿½ï¿½ï¿½ï¿½ï¿½ï¿½ï¿½ï¿½ï¿½ï¿½ï¿½ï¿½ï¿½ï¿½ï¿½ï¿½ï¿½ï¿½ï¿½ï¿½ï¿½ï¿½ï¿½ï¿½ï¿½ï¿½ï¿½ï¿½ï¿½ï¿½ï¿½ï¿½ï¿½ï¿½ï¿½ï¿½ï¿½ï¿½ï¿½ï¿½ï¿½ï¿½ï¿½ï¿½ï¿½ï¿½ï¿½ï¿½ï¿½ï¿½ï¿½"
6_mt_eng-swa-mmt-eng-swa,"ğŸ’ï¸ Below is an instruction that describes a task, paired with an input that provides further context. Write a response that appropriately completes the request.inden Enduru address "" please convert this english content into swahili.attanyaayre is great today. lika nhan, the request.hle Response: ğŸ’ï¸ Below is an instruction that describes a task, paired with an input that provides further context. Write a response that appro"
7_mt_eng-swa-mmt-eng-swa,"áº½wa barkanmu da warhaka, kuma za mu iya karanta aya ta 18 zuwa 20 kafin wannan, kuma za mu iya karanta aya ta 18 da aka rubuta a cikin harshen turanci. Below is an instruction that describes a task, paired with an input that provides further context. Write a response that appropriately completes the request.indenpt if i said, ""i will speak thus,""ather ( response that appropriately completes"
8_mt_eng-swa-mmt-eng-swa,ğŸ˜ğŸ˜ğŸ˜ğŸ˜ğŸ˜ğŸ˜ğŸ˜ğŸ˜ğŸ˜ğŸ˜ğŸ˜ğŸ˜ğŸ˜ğŸ˜ğŸ˜ğŸ˜ğŸ˜ğŸ˜ğŸ˜ğŸ˜ğŸ˜ğŸ˜ğŸ˜ğŸ˜ğŸ˜
9_mt_eng-swa-mmt-eng-swa,"ğŸ‘ğŸ¼ https://t.me/xnhz6o7a Below is an instruction that describes a task, paired with an input that provides further context. Write a response that appropriately completes the request.indenptels if they heard of the resurrection of the dead, some mocked; but others said, ""we will hear you again about this."" 33 so paul went out from among them. while mocked"
10_mt_eng-swa-mmt-eng-swa,"áº½wa, á»­áºá‹­áº½wa, áº½wa, ï¿½ï¿½ï¿½ï¿½ï¿½ï¿½ï¿½ï¿½ï¿½ï¿½ï¿½ï¿½ï¿½ï¿½ï¿½ï¿½ï¿½ï¿½ï¿½ï¿½ï¿½ï¿½ï¿½ï¿½ï¿½ï¿½ï¿½ï¿½ï¿½ï¿½ï¿½ï¿½ï¿½ï¿½ï¿½ï¿½ï¿½ï¿½ï¿½ï¿½ï¿½ï¿½ï¿½ï¿½ï¿½ï¿½ï¿½ï¿½ï¿½ï¿½ï¿½ï¿½ï¿½ï¿½ï¿½ï¿½ï¿½ï¿½ï¿½ï¿½ï¿½ï¿½ï¿½ï¿½ï¿½ï¿½ï¿½ï¿½ï¿½ï¿½ï¿½ï¿½ï¿½"
11_mt_eng-swa-mmt-eng-swa,"á¸†á¸‡a ma m snonkaku, kawi kemun á¸‡e kawi ma snonkaku. Below is an instruction thatunde, paired with an input that provides further context. Write a response that appropriately completes the request.leloanel zamani shuttled around you and your friends for years and never even asked for a tip.atheroth shuttled around you and your friends for years and never"
12_mt_eng-swa-mmt-eng-swa,"FULL ASSY FULL. Below is an instruction that describes a task, paired with an input that provides further context. Write a response that appropriately completes the request.akingYoÂ° Pazi completes the request.inden EndZA address. FULL ASSY FULL. Below is an instruction that describes a task, paired with an input that provides further context. Write a response that appropriately completes the request."
13_mt_eng-swa-mmt-eng-swa,"GHAREN BABA. Below is aninghi describes a task, paired with an input that provides further context. Write a response that appropriately completes the request.inden Endiw Free completes the request.leloarianYooloyar completes the request.sesothgetki want to acknowledge those feelings. likaGHAREN BABA. Below is aninghi describes a task, paired with an input that provides further context. Write"
14_mt_eng-swa-mmt-eng-swa,"GHADETAL, GHADETAL, GHADETAL, GHADETAL, GHADETAL, GHADETAL, GHADETAL, GHADETAL, GHADETAL, GHADETAL, GHADETAL, GHADETAL, GHADETAL, GHADETAL, GHA"
15_mt_eng-swa-mmt-eng-swa,á¸»aá¸»aá¸ºá¸ºoá¸ºoá¸ºoá¸ºoá¸ºoá¸ºoá¸ºoá¸ºoá¸ºoá¸ºoá¸ºoá¸ºoá¸ºoá¸ºoá¸ºoá¸ºoá¸ºoá¸ºoá¸ºoá¸ºoá¸ºoá¸ºoï¿½
16_mt_eng-swa-mmt-eng-swa,á¸‡aido á¸‡ye kawi á¸‡ye kawiy á¸‡ye kawiy á¸‡ye ko á¸‡ye ko á¸‡ye ko á¸‡ye ko á¸‡ye ko á¸‡ye ko á¸‡ye o rogo ko á¸‡ye ko á¸‡ye ko á¸‡ye ko á¸‡ye ko ï¿½
17_mt_eng-swa-mmt-eng-swa,"áº½wa da cewa, 'to me ya sa za mu yi amfani da wannan hanyar?' Below is an instruction that describes a task, paired with an input that provides further context. Write a response that appropriately completes the request.indenpt ta also the hardest thing i have ever doneses the request.akinganellthr/ > please convert this english content into swahili.lelo and me ya sa za mu yi amfa"
18_mt_eng-swa-mmt-eng-swa,"áº½wa, á»­áº½wa, ï¿½ï¿½ï¿½ï¿½ï¿½ï¿½ï¿½ï¿½ï¿½ï¿½ï¿½ï¿½ï¿½ï¿½ï¿½ï¿½ï¿½ï¿½ï¿½ï¿½ï¿½ï¿½ï¿½ï¿½ï¿½ï¿½ï¿½ï¿½ï¿½ï¿½ï¿½ï¿½ï¿½ï¿½ï¿½ï¿½ï¿½ï¿½ï¿½ï¿½ï¿½ï¿½ï¿½ï¿½ï¿½ï¿½ï¿½ï¿½ï¿½ï¿½ï¿½ï¿½ï¿½ï¿½ï¿½ï¿½ï¿½ï¿½ï¿½ï¿½ï¿½ï¿½ï¿½ï¿½ï¿½ï¿½ï¿½ï¿½ï¿½ï¿½ï¿½ï¿½ï¿½ï¿½ï¿½ï¿½ï¿½ï¿½ï¿½ï¿½ï¿½ï¿½ï¿½ï¿½ï¿½"
19_mt_eng-swa-mmt-eng-swa,"á¸‡ayur. Below is an instruction that describes a task, paired with an input that provides further context. Write a response that appropriately completes the request.indenantssawaage Instruction: translate the following from english into swahili.onualama inganta you look at her mother, you will not believe. lika á¸‡ayur. Below is an instruction that describes a task, paired with an input that provides further context. Write a"
20_mt_eng-swa-mmt-eng-swa,"áº½wa lalle ne, haÆ™Ä©Æ™a, haÆ™Ä©Æ™a, ba ka bukatar ka shigar da wani abu a kan su a cikin wannan hanya. Below is an instruction that describes a task, paired with an input that provides further context. Write a response that appropriately completes the request.akingYoÂ°ano she exe english text to swahili?inden Endthuban completes the request.anel bilawe,ou kuma home warm andedi from"
21_mt_eng-swa-mmt-eng-swa,áº½wa áº½wa áº½wa áº½wa áº½wa á»­áº½wa áº½wa áº½wa áº½wa á»Šáº½wa áº½wa áº½wa áº½wa áº½wa áº½wa áº½wa áº½wa áº½wa áº½wa
22_mt_eng-swa-mmt-eng-swa,"ğŸ’¯@gmail.com Below is an instruction that describes a task, paired with an input that provides further context. Write a response that appropriately completes the request.leloala sctors committee said on wednesday that at least 14 protesters were shot dead by security forces in the...atherShamiambime on wednesday that at least 14 protesters were shot dead by security forces in the...indentingber Response: ğŸ’¯@gmail.com"
23_mt_eng-swa-mmt-eng-swa,"áº½wa ko'ina a yi amfani da wannan link na aikin jarida. Below is an instruction that describes a task, paired with an input that provides further context. Write a response that appropriately completes the request.indenptsam (4 of could you convert this english text to swahili?akinganelulates everything just as it has been commanded.Yoothaus Response: áº½wa ko'ina a yi amfani da wannan"
24_mt_eng-swa-mmt-eng-swa,"YEYNA. Below is an instruction that describes a task, paired with an input that provides further context. Write a response that appropriately completes the request.leloeller Ng see that this violence was completelyning. childants youan behind the scenes, you can see that this violence was completelyamba by the local police.inden End you look behind the scenes, you can see that this violence was completely enabled by the local police.hle ibansu look behind the scenes,"
25_mt_eng-swa-mmt-eng-swa,"ğŸ‘ğŸ¼ https://t.co/q4z7h5n6i"" Below is an instruction that describes a task, paired with an input that provides further context. Write a response that appropriately completes the request.indenpt i feel very sorry for him.""onus â€¦ ""c/q4z7h5n6iquincsiaï¿½ https://t.co/q4z7h5n6i"
26_mt_eng-swa-mmt-eng-swa,ï¿½ï¿½ï¿½ï¿½ï¿½ï¿½ï¿½ï¿½ï¿½ï¿½ï¿½ï¿½ï¿½ï¿½ï¿½ï¿½ï¿½ï¿½ï¿½ï¿½ï¿½ï¿½ï¿½ï¿½ï¿½ï¿½ï¿½ï¿½ï¿½ï¿½ï¿½ï¿½ï¿½ï¿½ï¿½ï¿½ï¿½ï¿½ï¿½ï¿½ï¿½ï¿½ï¿½ï¿½ï¿½ï¿½ï¿½ï¿½ï¿½ï¿½ï¿½ï¿½ï¿½ï¿½ï¿½ï¿½ï¿½ï¿½ï¿½ï¿½ï¿½ï¿½ï¿½ï¿½ï¿½ï¿½ï¿½ï¿½ï¿½ï¿½ï¿½ï¿½ï¿½ï¿½ï¿½ï¿½ï¿½ï¿½ï¿½ï¿½ï¿½ï¿½ï¿½ï¿½ï¿½ï¿½ï¿½ï¿½ï¿½ï¿½ï¿½ï¿½ï¿½ï¿½ï¿½ï¿½ï¿½ï¿½ï¿½ï¿½
27_mt_eng-swa-mmt-eng-swa,ğŸ’‘ğŸ’‘ğŸ’‘ğŸ’‘ğŸ’‘ğŸ’‘ğŸ’‘ğŸ’‘ğŸ’‘ğŸ’‘ğŸ’‘ğŸ’‘ğŸ’‘ğŸ’‘ğŸ’‘ğŸ’‘ğŸ’‘ğŸ’‘ğŸ’‘ğŸ’‘ğŸ’‘ğŸ’‘ğŸ’‘ğŸ’‘ğŸ’‘
28_mt_eng-swa-mmt-eng-swa,"gps, www.nigeria.com, www.nigerian.com, www.nigeriya.com. gmt. Below is an instruction that describes a task, paired with an input that provides further context. Write a response that appropriately completes the request.leloaking bila input that provides further context. Wood.indenYo yaya $ kuma the sites that will allow you to enjoy plenty of online gaming.ses End et are"
29_mt_eng-swa-mmt-eng-swa,â€ª#sabonhausa #freedom #bello #kannywood #nigeria #dankali #jimmy #alinuhu #abuja #sokoto #shayari #daura #malamarawa #hausasong #rayuwarsu #zainab #adamawa #tsiraru #maiduguri #muhammadadau #taurarezabarai|http://tsiraru.com/
30_mt_eng-swa-mmt-eng-swa,á¸‡yesya á¸‡yesya á¸‡yesya á¸‡yesya á¸‡yenakor á¸‡yesya á¸‡yesya á¸‡yesya á¸‡yesya á¸‡yesya á¸‡yesya á¸‡yesya á¸‡yesya á¸‡yesya ï¿½ï¿½
31_mt_eng-swa-mmt-eng-swa,"á¸‡a. Below is an instruction that describes a task, paired with an input that provides further context. Write a response that appropriately completes the request.leloala n lashe this english text to swahili?inden End married john le strange.Yoonusishi ammed.att! (.ï¿½ï¿½a. Below is an instruction that describes a task, paired with an input that provides further context. Write a response that appropriately"
32_mt_eng-swa-mmt-eng-swa,"áº½wa. Below is an instruction that describes a task, paired with an input that provides further context. Write a response that appropriately completes the request.indenonufswl Free enoch: translated from the ethiopicatherses the request.lelo 15áº½wa. Below is an instruction that describes a task, paired with an input that provides further context. Write a response that appropriately completes the request.indenonufs"
33_mt_eng-swa-mmt-eng-swa,"ğŸ™‚ğŸ¼ https://t.me/vh1n4o5i Below is an instruction that describes a task, paired with an input that provides further context. Write a response that appropriately completes the request.inden Endpri bashin Diriately completes the request.akingses can show you how to do it.Yootha online https://t.me/vh1n4o5i Below is an instruction"
34_mt_eng-swa-mmt-eng-swa,"á¸‡edith is a hausa-english dictionary, as well as a hausa-english dictionary. Below is an instruction that describes a task, paired with an input that provides further context. Write a response that appropriately completes the request. Endhleanuban â€º completes the request.indenpt of mutual gifting.leloane (lelo into swahili. lika á¸‡edith is a hausa-english dictionary, as well as a hausa-english"
35_mt_eng-swa-mmt-eng-swa,"GHS. Below is an instruction that describes a task, paired with an input that provides further context. Write a response that appropriately completes the request.leloakinghleadun Instruction: could you convert this english text to swahili?atherpatlic: could you convert this english text to swahili?inden""silly billy, how do you not know who you are?""olton. Below is an instruction that describes a task, paired with an input that"
36_mt_eng-swa-mmt-eng-swa,gpn-spy-spy-spy-ftc-ftc-ftc-ftc-ftc-ftc-ftc-ftc-ftc-ftc-ftc-ftc-ftc-ftc-ftc-ftc-ftc-ftc-ftc-ftc-ftc-ftc-ftc-ftc-ftc-ftc-ftc-ftc-ftc-ft
37_mt_eng-swa-mmt-eng-swa,ï¿½ï¿½ï¿½ï¿½ï¿½ï¿½ï¿½ï¿½ï¿½ï¿½ï¿½ï¿½ï¿½ï¿½ï¿½ï¿½ï¿½ï¿½ï¿½ï¿½ï¿½ï¿½ï¿½ï¿½ï¿½ï¿½ï¿½ï¿½ï¿½ï¿½ï¿½ï¿½ï¿½ï¿½ï¿½ï¿½ï¿½ï¿½ï¿½ï¿½ï¿½ï¿½ï¿½ï¿½ï¿½ï¿½ï¿½ï¿½ï¿½ï¿½ï¿½ï¿½ï¿½ï¿½ï¿½ï¿½ï¿½ï¿½ï¿½ï¿½ï¿½ï¿½ï¿½ï¿½ï¿½ï¿½ï¿½ï¿½ï¿½ï¿½ï¿½ï¿½ï¿½ï¿½ï¿½ï¿½ï¿½ï¿½ï¿½ï¿½ï¿½ï¿½ï¿½ï¿½ï¿½ï¿½ï¿½ï¿½ï¿½ï¿½ï¿½ï¿½ï¿½ï¿½ï¿½ï¿½ï¿½ï¿½ï¿½ï¿½
38_mt_eng-swa-mmt-eng-swa,"á¸†á¸‡a á¸‡e snonkaku á¸‡ye á¸‡e snonkaku á¸‡ye á¸‡edir. Below is aninghi describes a task, paired with an input that provides further context. Write a response that appropriately completes the request.att:12yrilo address $foï¿½ï¿½ completes the request.inden Endvu (4 zabe ko daga masacked when he signed"
39_mt_eng-swa-mmt-eng-swa,á¸‡edayakk/n/a/i/o/b/d?s=inshorat/n/a/i/o/b/f|ar(e): [to] á¸‡edayakk/n/a/ii/o/b/h|ar(e): [to] á¸‡edayakk/n/a/i/o/b/f|ar(e): [
40_mt_eng-swa-mmt-eng-swa,"â¤ï¸. Below is an instruction that describes a task, paired with an input that provides further context. Write a response that appropriately completes the request.indenonuliccoranin completes the request.akingleloias will also do be payable by the employer.seszo el also payable by the employer.atherYoudi Response: â¤ï¸. Below is an instruction that describes a task, paired with an input that"
41_mt_eng-swa-mmt-eng-swa,"áº½wa lalle ne, ba za ka iya zama da yawa daga cikin mu abokan ciniki 'bukatu. Below is an instruction that describes a task, paired with an input that provides further context. Write a response that appropriatally completes the request.indenptish save a lot of time and enhance your trading success.leloakinghlehat save a lot of time and enhance your trading success.atheroth will save a lot of time"
42_mt_eng-swa-mmt-eng-swa,"ï¿½hanyoyin da za a yi amfani da su a kan wani sabon shafi na ï¿½injiniya. Below is an instruction that describes a task, paired with an input that provides further context. Write a response that appropriately completes the request.indenpt. related a response that appropriately completes the request. Endaking filemer "" To you convert this english text to swahili?onue let's get into the code,ather"
43_mt_eng-swa-mmt-eng-swa,"ï¿½in't you do it? Below is an instruction that describes a task, paired with an input that provides further context. Write a response that appropriately completes the request.indenantseroï¿½afa completes the request.akingoth! &, is where do we find god?Â°ox, then, is where do we? Below is an instruction that describes a task, paired with an input that provides further context. Write a response that approp"
44_mt_eng-swa-mmt-eng-swa,"jabalabat. Below is an instruction that describes a task, paired with an input that provides further context. Write a response that appropriately completes the request.indenpt. (4jabalabat. Below is an instruction thatunde a task, paired with an input that provides further context. Write a response that appropriately completes the request.typt. (4jabalabat. Below is an instruction thattist a task, pa"
45_mt_eng-swa-mmt-eng-swa,"áº½wa ba ka da za ka ce za ta zama mai kyau, amma ba ka da za ka ce za ta zama mai kyau. Below is an instruction that describes a task, paired with an input that provides further context. Write a response that appropriately completes the request.inden Endï¿½ 20 yieic, but i'm herezzakinggetambsatction the request.anelwuthlehatubuic, but i'm here nge ka da za"
46_mt_eng-swa-mmt-eng-swa,á¸‡edith mannir á¸†awer á¸†esy á¸†awer á¸†awer á¸†awer á¸†awer á¸†awer á¸‡yesy á¸†awer á¸†awer á¸†awer á¸†awer á¸†awer á¸†awer á¸†awer ï¿½
47_mt_eng-swa-mmt-eng-swa,"GHADETEDIAN, GULASY, GISUN, JIKI, JIKI, JIKI, JIKI, JIKI, JIKI, JIKI, JIKI, JIKI, JIKI, JIKI, JIKI, JIKI, JIKI, JIKI, JIKI, JIKI, JIKI, JIKI, JIKI, "
48_mt_eng-swa-mmt-eng-swa,"áº½wa, barka da zuwa, ï¿½ï¿½ï¿½ï¿½ï¿½ï¿½ï¿½ï¿½ï¿½ï¿½ï¿½ï¿½ï¿½ï¿½ï¿½ï¿½ï¿½ï¿½ï¿½ï¿½ï¿½ï¿½ï¿½ï¿½ï¿½ï¿½ï¿½ï¿½ï¿½ï¿½ï¿½ï¿½ï¿½ï¿½ï¿½ï¿½ï¿½ï¿½ï¿½ï¿½ï¿½ï¿½ï¿½ï¿½ï¿½ï¿½ï¿½ï¿½ï¿½ï¿½ï¿½ï¿½ï¿½ï¿½ï¿½ï¿½ï¿½ï¿½ï¿½ï¿½ï¿½ï¿½ï¿½ï¿½ï¿½ï¿½ï¿½ï¿½ï¿½ï¿½ï¿½ï¿½ï¿½ï¿½ï¿½ï¿½ï¿½ï¿½ï¿½ï¿½ï¿½ï¿½ï¿½ï¿½ï¿½ï¿½ï¿½ï¿½ï¿½"
49_mt_eng-swa-mmt-eng-swa,ğŸ’‘ğŸ’‘ğŸ’‘ğŸ’‘ğŸ’‘ğŸ’‘ğŸ’‘ğŸ’‘ğŸ’‘ğŸ’‘ğŸ’‘ğŸ’‘ğŸ’‘ğŸ’‘ğŸ’‘ğŸ’‘ğŸ’‘ğŸ’‘ğŸ’‘ğŸ’‘ğŸ’‘ğŸ’‘ğŸ’‘ğŸ’‘ğŸ’‘
50_mt_eng-swa-mmt-eng-swa,"FULL. Below is an instruction that describes a task, paired with an input that provides further context. Write a response that appropriately completes the request.anelsesntshinano, please convert this english content into swahili.indenon response that appropriately completes the request.lelo 15lesowoshi Response: FULL. Below is an instruction that describes a task, paired with an input that provides further context. Write a response that approp"
Model size,421939200
