,ID,Response,targets
0,Model size,421939200,
1,1_sentiment_test_private_hausa,"tensor([[-15.1172,  -8.3047, -15.1172]], device='cuda:0', dtype=torch.float16)",Tsaka-tsaki
2,2_sentiment_test_private_hausa,"tensor([[-14.8750,  -8.3594, -14.8750]], device='cuda:0', dtype=torch.float16)",Kyakkyawa
3,3_sentiment_test_private_hausa,"tensor([[-14.8672,  -8.4219, -14.8672]], device='cuda:0', dtype=torch.float16)",Korau
4,4_sentiment_test_private_hausa,"tensor([[-14.9844,  -8.2656, -14.9844]], device='cuda:0', dtype=torch.float16)",Kyakkyawa
5,5_sentiment_test_private_hausa,"tensor([[-15.1250,  -8.3203, -15.1250]], device='cuda:0', dtype=torch.float16)",Tsaka-tsaki
6,6_sentiment_test_private_hausa,"tensor([[-15.3672,  -9.3438, -15.3672]], device='cuda:0', dtype=torch.float16)",Tsaka-tsaki
7,7_sentiment_test_private_hausa,"tensor([[-14.8516,  -8.3906, -14.8516]], device='cuda:0', dtype=torch.float16)",Korau
8,8_sentiment_test_private_hausa,"tensor([[-14.9453,  -8.4062, -14.9453]], device='cuda:0', dtype=torch.float16)",Kyakkyawa
9,9_sentiment_test_private_hausa,"tensor([[-15.0547,  -8.2266, -15.0547]], device='cuda:0', dtype=torch.float16)",Tsaka-tsaki
10,10_sentiment_test_private_hausa,"tensor([[-15.0391,  -8.5312, -15.0391]], device='cuda:0', dtype=torch.float16)",Tsaka-tsaki
11,11_sentiment_test_private_hausa,"tensor([[-15.3750,  -9.3750, -15.3750]], device='cuda:0', dtype=torch.float16)",Kyakkyawa
12,12_sentiment_test_private_hausa,"tensor([[-14.9609,  -8.3906, -14.9609]], device='cuda:0', dtype=torch.float16)",Tsaka-tsaki
13,13_sentiment_test_private_hausa,"tensor([[-15.0625,  -8.4062, -15.0625]], device='cuda:0', dtype=torch.float16)",Kyakkyawa
14,14_sentiment_test_private_hausa,"tensor([[-15.0234,  -8.8359, -15.0234]], device='cuda:0', dtype=torch.float16)",Korau
15,15_sentiment_test_private_hausa,"tensor([[-15.0391,  -8.4844, -15.0391]], device='cuda:0', dtype=torch.float16)",Korau
16,16_sentiment_test_private_hausa,"tensor([[-14.9531,  -8.0547, -14.9531]], device='cuda:0', dtype=torch.float16)",Tsaka-tsaki
17,17_sentiment_test_private_hausa,"tensor([[-15.0312,  -8.3516, -15.0312]], device='cuda:0', dtype=torch.float16)",Tsaka-tsaki
18,18_sentiment_test_private_hausa,"tensor([[-15.3047,  -9.0000, -15.2969]], device='cuda:0', dtype=torch.float16)",Kyakkyawa
19,19_sentiment_test_private_hausa,"tensor([[-15.0234,  -8.3438, -15.0234]], device='cuda:0', dtype=torch.float16)",Kyakkyawa
20,20_sentiment_test_private_hausa,"tensor([[-15.0156,  -8.2344, -15.0156]], device='cuda:0', dtype=torch.float16)",Tsaka-tsaki
21,21_sentiment_test_private_hausa,"tensor([[-15.3672,  -9.0547, -15.3672]], device='cuda:0', dtype=torch.float16)",Korau
22,22_sentiment_test_private_hausa,"tensor([[-15.3594,  -9.2188, -15.3594]], device='cuda:0', dtype=torch.float16)",Korau
23,23_sentiment_test_private_hausa,"tensor([[-15.4453,  -9.3438, -15.4453]], device='cuda:0', dtype=torch.float16)",Korau
24,24_sentiment_test_private_hausa,"tensor([[-14.9297,  -8.3906, -14.9297]], device='cuda:0', dtype=torch.float16)",Korau
25,25_sentiment_test_private_hausa,"tensor([[-15.3906,  -9.3047, -15.3906]], device='cuda:0', dtype=torch.float16)",Korau
26,26_sentiment_test_private_hausa,"tensor([[-15.2812,  -8.5000, -15.2812]], device='cuda:0', dtype=torch.float16)",Korau
27,27_sentiment_test_private_hausa,"tensor([[-15.0000,  -8.4375, -15.0000]], device='cuda:0', dtype=torch.float16)",Tsaka-tsaki
28,28_sentiment_test_private_hausa,"tensor([[-15.0703,  -8.4766, -15.0703]], device='cuda:0', dtype=torch.float16)",Korau
29,29_sentiment_test_private_hausa,"tensor([[-15.0078,  -8.5859, -15.0078]], device='cuda:0', dtype=torch.float16)",Tsaka-tsaki
30,30_sentiment_test_private_hausa,"tensor([[-15.2422,  -9.2578, -15.2422]], device='cuda:0', dtype=torch.float16)",Tsaka-tsaki
31,31_sentiment_test_private_hausa,"tensor([[-14.9688,  -8.2812, -14.9766]], device='cuda:0', dtype=torch.float16)",Kyakkyawa
32,32_sentiment_test_private_hausa,"tensor([[-14.9297,  -8.2109, -14.9375]], device='cuda:0', dtype=torch.float16)",Korau
33,33_sentiment_test_private_hausa,"tensor([[-14.8203,  -8.3203, -14.8281]], device='cuda:0', dtype=torch.float16)",Tsaka-tsaki
34,34_sentiment_test_private_hausa,"tensor([[-15.2891,  -8.9375, -15.2891]], device='cuda:0', dtype=torch.float16)",Korau
35,35_sentiment_test_private_hausa,"tensor([[-14.8750,  -8.4141, -14.8750]], device='cuda:0', dtype=torch.float16)",Tsaka-tsaki
36,36_sentiment_test_private_hausa,"tensor([[-15.0234,  -8.0859, -15.0234]], device='cuda:0', dtype=torch.float16)",Kyakkyawa
37,37_sentiment_test_private_hausa,"tensor([[-15.3359,  -9.3047, -15.3281]], device='cuda:0', dtype=torch.float16)",Tsaka-tsaki
38,38_sentiment_test_private_hausa,"tensor([[-15.2109,  -8.5078, -15.2109]], device='cuda:0', dtype=torch.float16)",Korau
39,39_sentiment_test_private_hausa,"tensor([[-15.0000,  -8.1406, -15.0000]], device='cuda:0', dtype=torch.float16)",Korau
40,40_sentiment_test_private_hausa,"tensor([[-15.1953,  -8.3438, -15.1953]], device='cuda:0', dtype=torch.float16)",Kyakkyawa
41,41_sentiment_test_private_hausa,"tensor([[-15.0312,  -8.1484, -15.0312]], device='cuda:0', dtype=torch.float16)",Kyakkyawa
42,42_sentiment_test_private_hausa,"tensor([[-15.0234,  -8.6016, -15.0312]], device='cuda:0', dtype=torch.float16)",Kyakkyawa
43,43_sentiment_test_private_hausa,"tensor([[-15.2734,  -9.3203, -15.2734]], device='cuda:0', dtype=torch.float16)",Korau
44,44_sentiment_test_private_hausa,"tensor([[-14.9688,  -8.5547, -14.9766]], device='cuda:0', dtype=torch.float16)",Kyakkyawa
45,45_sentiment_test_private_hausa,"tensor([[-15.5078,  -9.1250, -15.5078]], device='cuda:0', dtype=torch.float16)",Kyakkyawa
46,46_sentiment_test_private_hausa,"tensor([[-15.0391,  -8.2422, -15.0391]], device='cuda:0', dtype=torch.float16)",Tsaka-tsaki
47,47_sentiment_test_private_hausa,"tensor([[-15.3203,  -9.1797, -15.3203]], device='cuda:0', dtype=torch.float16)",Kyakkyawa
48,48_sentiment_test_private_hausa,"tensor([[-15.0625,  -8.3828, -15.0625]], device='cuda:0', dtype=torch.float16)",Korau
49,49_sentiment_test_private_hausa,"tensor([[-15.3984,  -8.9844, -15.3984]], device='cuda:0', dtype=torch.float16)",Korau
50,50_sentiment_test_private_hausa,"tensor([[-14.9141,  -8.4297, -14.9141]], device='cuda:0', dtype=torch.float16)",Korau
51,1_sentiment_test_private_swahili,"tensor([[-12.9844,  -7.7344, -12.9766]], device='cuda:0', dtype=torch.float16)",Wastani
52,2_sentiment_test_private_swahili,"tensor([[-12.9375,  -7.7578, -12.9219]], device='cuda:0', dtype=torch.float16)",Wastani
53,3_sentiment_test_private_swahili,"tensor([[-13.0000,  -7.8672, -12.9844]], device='cuda:0', dtype=torch.float16)",Wastani
54,4_sentiment_test_private_swahili,"tensor([[-12.9844,  -7.9648, -12.9688]], device='cuda:0', dtype=torch.float16)",Wastani
55,5_sentiment_test_private_swahili,"tensor([[-12.9609,  -7.7891, -12.9453]], device='cuda:0', dtype=torch.float16)",Wastani
56,6_sentiment_test_private_swahili,"tensor([[-12.9297,  -7.8633, -12.9219]], device='cuda:0', dtype=torch.float16)",Hasi
57,7_sentiment_test_private_swahili,"tensor([[-12.9219,  -7.7422, -12.9141]], device='cuda:0', dtype=torch.float16)",Wastani
58,8_sentiment_test_private_swahili,"tensor([[-12.9922,  -8.0938, -12.9844]], device='cuda:0', dtype=torch.float16)",Wastani
59,9_sentiment_test_private_swahili,"tensor([[-12.9766,  -7.9531, -12.9609]], device='cuda:0', dtype=torch.float16)",Wastani
60,10_sentiment_test_private_swahili,"tensor([[-12.9922,  -7.8594, -12.9766]], device='cuda:0', dtype=torch.float16)",Chanya
61,11_sentiment_test_private_swahili,"tensor([[-12.9766,  -7.7266, -12.9609]], device='cuda:0', dtype=torch.float16)",Chanya
62,12_sentiment_test_private_swahili,"tensor([[-12.9141,  -7.5430, -12.8984]], device='cuda:0', dtype=torch.float16)",Wastani
63,13_sentiment_test_private_swahili,"tensor([[-13.0156,  -7.8438, -13.0000]], device='cuda:0', dtype=torch.float16)",Chanya
64,14_sentiment_test_private_swahili,"tensor([[-12.9766,  -7.8945, -12.9688]], device='cuda:0', dtype=torch.float16)",Hasi
65,15_sentiment_test_private_swahili,"tensor([[-13.0391,  -7.8867, -13.0234]], device='cuda:0', dtype=torch.float16)",Wastani
66,16_sentiment_test_private_swahili,"tensor([[-12.9609,  -7.8359, -12.9531]], device='cuda:0', dtype=torch.float16)",Chanya
67,17_sentiment_test_private_swahili,"tensor([[-12.9688,  -7.8242, -12.9609]], device='cuda:0', dtype=torch.float16)",Chanya
68,18_sentiment_test_private_swahili,"tensor([[-12.9922,  -7.7227, -12.9766]], device='cuda:0', dtype=torch.float16)",Chanya
69,19_sentiment_test_private_swahili,"tensor([[-13.0547,  -7.9336, -13.0469]], device='cuda:0', dtype=torch.float16)",Wastani
70,20_sentiment_test_private_swahili,"tensor([[-12.9844,  -8.0078, -12.9688]], device='cuda:0', dtype=torch.float16)",Chanya
71,21_sentiment_test_private_swahili,"tensor([[-12.9609,  -7.8750, -12.9453]], device='cuda:0', dtype=torch.float16)",Wastani
72,22_sentiment_test_private_swahili,"tensor([[-13.0156,  -7.8398, -13.0000]], device='cuda:0', dtype=torch.float16)",Chanya
73,23_sentiment_test_private_swahili,"tensor([[-12.9688,  -7.9727, -12.9609]], device='cuda:0', dtype=torch.float16)",Wastani
74,24_sentiment_test_private_swahili,"tensor([[-12.9766,  -7.6406, -12.9688]], device='cuda:0', dtype=torch.float16)",Wastani
75,25_sentiment_test_private_swahili,"tensor([[-12.9297,  -7.7617, -12.9141]], device='cuda:0', dtype=torch.float16)",Wastani
76,26_sentiment_test_private_swahili,"tensor([[-12.9531,  -7.6445, -12.9375]], device='cuda:0', dtype=torch.float16)",Chanya
77,27_sentiment_test_private_swahili,"tensor([[-12.9609,  -7.6094, -12.9531]], device='cuda:0', dtype=torch.float16)",Wastani
78,28_sentiment_test_private_swahili,"tensor([[-12.9844,  -7.6680, -12.9688]], device='cuda:0', dtype=torch.float16)",Chanya
79,29_sentiment_test_private_swahili,"tensor([[-12.9766,  -7.9531, -12.9609]], device='cuda:0', dtype=torch.float16)",Chanya
80,30_sentiment_test_private_swahili,"tensor([[-12.9766,  -7.6680, -12.9609]], device='cuda:0', dtype=torch.float16)",Wastani
81,31_sentiment_test_private_swahili,"tensor([[-12.9766,  -7.8398, -12.9609]], device='cuda:0', dtype=torch.float16)",Wastani
82,32_sentiment_test_private_swahili,"tensor([[-12.9375,  -7.8672, -12.9219]], device='cuda:0', dtype=torch.float16)",Wastani
83,33_sentiment_test_private_swahili,"tensor([[-12.9531,  -7.6602, -12.9375]], device='cuda:0', dtype=torch.float16)",Chanya
84,34_sentiment_test_private_swahili,"tensor([[-12.9609,  -7.9727, -12.9531]], device='cuda:0', dtype=torch.float16)",Chanya
85,35_sentiment_test_private_swahili,"tensor([[-13.0234,  -7.8438, -13.0156]], device='cuda:0', dtype=torch.float16)",Wastani
86,36_sentiment_test_private_swahili,"tensor([[-12.9531,  -7.7773, -12.9453]], device='cuda:0', dtype=torch.float16)",Wastani
87,37_sentiment_test_private_swahili,"tensor([[-12.9609,  -8.0938, -12.9453]], device='cuda:0', dtype=torch.float16)",Wastani
88,38_sentiment_test_private_swahili,"tensor([[-12.9453,  -7.8711, -12.9297]], device='cuda:0', dtype=torch.float16)",Chanya
89,39_sentiment_test_private_swahili,"tensor([[-12.9609,  -7.9414, -12.9531]], device='cuda:0', dtype=torch.float16)",Wastani
90,40_sentiment_test_private_swahili,"tensor([[-12.9766,  -7.9844, -12.9609]], device='cuda:0', dtype=torch.float16)",Hasi
91,41_sentiment_test_private_swahili,"tensor([[-12.9844,  -7.8203, -12.9766]], device='cuda:0', dtype=torch.float16)",Wastani
92,42_sentiment_test_private_swahili,"tensor([[-13.0000,  -7.7188, -12.9922]], device='cuda:0', dtype=torch.float16)",Wastani
93,43_sentiment_test_private_swahili,"tensor([[-12.9375,  -7.9648, -12.9297]], device='cuda:0', dtype=torch.float16)",Chanya
94,44_sentiment_test_private_swahili,"tensor([[-12.9688,  -7.5703, -12.9531]], device='cuda:0', dtype=torch.float16)",Wastani
95,45_sentiment_test_private_swahili,"tensor([[-13.0000,  -8.2031, -12.9844]], device='cuda:0', dtype=torch.float16)",Wastani
96,46_sentiment_test_private_swahili,"tensor([[-12.9766,  -7.8008, -12.9609]], device='cuda:0', dtype=torch.float16)",Chanya
97,47_sentiment_test_private_swahili,"tensor([[-12.9531,  -7.9492, -12.9375]], device='cuda:0', dtype=torch.float16)",Wastani
98,48_sentiment_test_private_swahili,"tensor([[-12.9844,  -7.5508, -12.9766]], device='cuda:0', dtype=torch.float16)",Wastani
99,49_sentiment_test_private_swahili,"tensor([[-12.9531,  -7.9648, -12.9375]], device='cuda:0', dtype=torch.float16)",Chanya
100,50_sentiment_test_private_swahili,"tensor([[-12.9766,  -7.8516, -12.9609]], device='cuda:0', dtype=torch.float16)",Hasi
101,1_test_private_afrixnli_hau,"tensor([[-13.7891,  -8.3281, -13.7891]], device='cuda:0', dtype=torch.float16)",1
102,2_test_private_afrixnli_hau,"tensor([[-13.2031,  -8.0234, -13.2109]], device='cuda:0', dtype=torch.float16)",2
103,3_test_private_afrixnli_hau,"tensor([[-13.1641,  -7.5195, -13.1641]], device='cuda:0', dtype=torch.float16)",1
104,4_test_private_afrixnli_hau,"tensor([[-13.2031,  -7.8672, -13.2031]], device='cuda:0', dtype=torch.float16)",0
105,5_test_private_afrixnli_hau,"tensor([[-13.2578,  -8.2031, -13.2656]], device='cuda:0', dtype=torch.float16)",1
106,6_test_private_afrixnli_hau,"tensor([[-13.2500,  -8.3047, -13.2578]], device='cuda:0', dtype=torch.float16)",2
107,7_test_private_afrixnli_hau,"tensor([[-13.1406,  -7.6328, -13.1484]], device='cuda:0', dtype=torch.float16)",0
108,8_test_private_afrixnli_hau,"tensor([[-13.0469,  -7.8438, -13.0547]], device='cuda:0', dtype=torch.float16)",2
109,9_test_private_afrixnli_hau,"tensor([[-13.1641,  -8.1016, -13.1719]], device='cuda:0', dtype=torch.float16)",0
110,10_test_private_afrixnli_hau,"tensor([[-13.4844,  -8.0703, -13.4922]], device='cuda:0', dtype=torch.float16)",1
111,11_test_private_afrixnli_hau,"tensor([[-13.2422,  -7.5781, -13.2500]], device='cuda:0', dtype=torch.float16)",0
112,12_test_private_afrixnli_hau,"tensor([[-13.3047,  -7.8086, -13.3125]], device='cuda:0', dtype=torch.float16)",2
113,13_test_private_afrixnli_hau,"tensor([[-13.6562,  -7.9727, -13.6641]], device='cuda:0', dtype=torch.float16)",1
114,14_test_private_afrixnli_hau,"tensor([[-13.4844,  -7.7695, -13.4922]], device='cuda:0', dtype=torch.float16)",2
115,15_test_private_afrixnli_hau,"tensor([[-12.9922,  -7.4961, -13.0000]], device='cuda:0', dtype=torch.float16)",1
116,16_test_private_afrixnli_hau,"tensor([[-13.2500,  -7.7422, -13.2578]], device='cuda:0', dtype=torch.float16)",0
117,17_test_private_afrixnli_hau,"tensor([[-12.7734,  -7.6406, -12.7812]], device='cuda:0', dtype=torch.float16)",2
118,18_test_private_afrixnli_hau,"tensor([[-12.9141,  -7.6758, -12.9141]], device='cuda:0', dtype=torch.float16)",1
119,19_test_private_afrixnli_hau,"tensor([[-12.8828,  -7.5430, -12.8906]], device='cuda:0', dtype=torch.float16)",0
120,20_test_private_afrixnli_hau,"tensor([[-13.3438,  -8.2422, -13.3438]], device='cuda:0', dtype=torch.float16)",0
121,21_test_private_afrixnli_hau,"tensor([[-13.2969,  -8.0781, -13.3047]], device='cuda:0', dtype=torch.float16)",2
122,22_test_private_afrixnli_hau,"tensor([[-13.2578,  -7.9062, -13.2656]], device='cuda:0', dtype=torch.float16)",1
123,23_test_private_afrixnli_hau,"tensor([[-12.9844,  -7.6250, -12.9922]], device='cuda:0', dtype=torch.float16)",2
124,24_test_private_afrixnli_hau,"tensor([[-13.1797,  -7.6328, -13.1875]], device='cuda:0', dtype=torch.float16)",1
125,25_test_private_afrixnli_hau,"tensor([[-12.7891,  -7.6211, -12.7891]], device='cuda:0', dtype=torch.float16)",0
126,26_test_private_afrixnli_hau,"tensor([[-13.2891,  -7.7227, -13.2969]], device='cuda:0', dtype=torch.float16)",1
127,27_test_private_afrixnli_hau,"tensor([[-13.2422,  -7.9453, -13.2500]], device='cuda:0', dtype=torch.float16)",2
128,28_test_private_afrixnli_hau,"tensor([[-13.3984,  -8.1484, -13.4062]], device='cuda:0', dtype=torch.float16)",0
129,29_test_private_afrixnli_hau,"tensor([[-12.9141,  -7.7188, -12.9219]], device='cuda:0', dtype=torch.float16)",0
130,30_test_private_afrixnli_hau,"tensor([[-12.9609,  -7.6953, -12.9609]], device='cuda:0', dtype=torch.float16)",1
131,31_test_private_afrixnli_hau,"tensor([[-12.9375,  -7.5938, -12.9453]], device='cuda:0', dtype=torch.float16)",2
132,32_test_private_afrixnli_hau,"tensor([[-13.1562,  -7.8281, -13.1562]], device='cuda:0', dtype=torch.float16)",2
133,33_test_private_afrixnli_hau,"tensor([[-13.1406,  -7.6406, -13.1406]], device='cuda:0', dtype=torch.float16)",0
134,34_test_private_afrixnli_hau,"tensor([[-12.9609,  -7.6367, -12.9609]], device='cuda:0', dtype=torch.float16)",1
135,35_test_private_afrixnli_hau,"tensor([[-13.2812,  -7.8398, -13.2891]], device='cuda:0', dtype=torch.float16)",1
136,36_test_private_afrixnli_hau,"tensor([[-13.1406,  -7.6445, -13.1484]], device='cuda:0', dtype=torch.float16)",0
137,37_test_private_afrixnli_hau,"tensor([[-13.0938,  -7.6523, -13.1016]], device='cuda:0', dtype=torch.float16)",2
138,38_test_private_afrixnli_hau,"tensor([[-12.9375,  -7.7969, -12.9453]], device='cuda:0', dtype=torch.float16)",2
139,39_test_private_afrixnli_hau,"tensor([[-12.8906,  -7.7812, -12.8984]], device='cuda:0', dtype=torch.float16)",0
140,40_test_private_afrixnli_hau,"tensor([[-13.0000,  -7.8594, -13.0078]], device='cuda:0', dtype=torch.float16)",1
141,41_test_private_afrixnli_hau,"tensor([[-13.0234,  -7.6992, -13.0312]], device='cuda:0', dtype=torch.float16)",1
142,42_test_private_afrixnli_hau,"tensor([[-13.2656,  -7.9180, -13.2734]], device='cuda:0', dtype=torch.float16)",0
143,43_test_private_afrixnli_hau,"tensor([[-13.1562,  -7.6758, -13.1641]], device='cuda:0', dtype=torch.float16)",2
144,44_test_private_afrixnli_hau,"tensor([[-12.9219,  -7.7383, -12.9219]], device='cuda:0', dtype=torch.float16)",2
145,45_test_private_afrixnli_hau,"tensor([[-13.1328,  -7.6367, -13.1328]], device='cuda:0', dtype=torch.float16)",0
146,46_test_private_afrixnli_hau,"tensor([[-13.0625,  -7.7539, -13.0625]], device='cuda:0', dtype=torch.float16)",1
147,47_test_private_afrixnli_hau,"tensor([[-13.1797,  -7.6328, -13.1875]], device='cuda:0', dtype=torch.float16)",0
148,48_test_private_afrixnli_hau,"tensor([[-13.5391,  -7.8594, -13.5469]], device='cuda:0', dtype=torch.float16)",1
149,49_test_private_afrixnli_hau,"tensor([[-13.4062,  -8.1562, -13.4141]], device='cuda:0', dtype=torch.float16)",2
150,50_test_private_afrixnli_hau,"tensor([[-12.9609,  -7.6836, -12.9688]], device='cuda:0', dtype=torch.float16)",2
151,1_test_private_afrixnli_swa,"tensor([[-12.6406,  -7.8477, -12.6406]], device='cuda:0', dtype=torch.float16)",1
152,2_test_private_afrixnli_swa,"tensor([[-12.7188,  -7.7539, -12.7188]], device='cuda:0', dtype=torch.float16)",2
153,3_test_private_afrixnli_swa,"tensor([[-12.7969,  -7.8320, -12.7891]], device='cuda:0', dtype=torch.float16)",1
154,4_test_private_afrixnli_swa,"tensor([[-12.8125,  -7.8516, -12.8047]], device='cuda:0', dtype=torch.float16)",0
155,5_test_private_afrixnli_swa,"tensor([[-12.6875,  -7.7969, -12.6875]], device='cuda:0', dtype=torch.float16)",1
156,6_test_private_afrixnli_swa,"tensor([[-12.6328,  -7.7891, -12.6328]], device='cuda:0', dtype=torch.float16)",2
157,7_test_private_afrixnli_swa,"tensor([[-12.7109,  -7.5625, -12.7109]], device='cuda:0', dtype=torch.float16)",0
158,8_test_private_afrixnli_swa,"tensor([[-12.6875,  -7.7812, -12.6875]], device='cuda:0', dtype=torch.float16)",2
159,9_test_private_afrixnli_swa,"tensor([[-12.7266,  -7.7695, -12.7266]], device='cuda:0', dtype=torch.float16)",0
160,10_test_private_afrixnli_swa,"tensor([[-12.7031,  -7.8984, -12.7031]], device='cuda:0', dtype=torch.float16)",1
161,11_test_private_afrixnli_swa,"tensor([[-12.6484,  -7.6523, -12.6484]], device='cuda:0', dtype=torch.float16)",0
162,12_test_private_afrixnli_swa,"tensor([[-12.8125,  -7.8320, -12.8125]], device='cuda:0', dtype=torch.float16)",2
163,13_test_private_afrixnli_swa,"tensor([[-12.7344,  -8.1328, -12.7266]], device='cuda:0', dtype=torch.float16)",1
164,14_test_private_afrixnli_swa,"tensor([[-12.8594,  -7.7188, -12.8516]], device='cuda:0', dtype=torch.float16)",2
165,15_test_private_afrixnli_swa,"tensor([[-12.7344,  -7.5312, -12.7344]], device='cuda:0', dtype=torch.float16)",1
166,16_test_private_afrixnli_swa,"tensor([[-12.7656,  -7.9219, -12.7656]], device='cuda:0', dtype=torch.float16)",0
167,17_test_private_afrixnli_swa,"tensor([[-12.7109,  -7.7422, -12.7109]], device='cuda:0', dtype=torch.float16)",2
168,18_test_private_afrixnli_swa,"tensor([[-12.7344,  -7.7617, -12.7422]], device='cuda:0', dtype=torch.float16)",1
169,19_test_private_afrixnli_swa,"tensor([[-12.7109,  -7.7031, -12.7109]], device='cuda:0', dtype=torch.float16)",0
170,20_test_private_afrixnli_swa,"tensor([[-12.6953,  -7.7461, -12.6953]], device='cuda:0', dtype=torch.float16)",0
171,21_test_private_afrixnli_swa,"tensor([[-12.6953,  -7.5898, -12.6953]], device='cuda:0', dtype=torch.float16)",2
172,22_test_private_afrixnli_swa,"tensor([[-12.6719,  -7.6562, -12.6719]], device='cuda:0', dtype=torch.float16)",1
173,23_test_private_afrixnli_swa,"tensor([[-12.7109,  -7.7852, -12.7109]], device='cuda:0', dtype=torch.float16)",2
174,24_test_private_afrixnli_swa,"tensor([[-12.6562,  -7.6836, -12.6562]], device='cuda:0', dtype=torch.float16)",1
175,25_test_private_afrixnli_swa,"tensor([[-12.7031,  -7.7969, -12.7031]], device='cuda:0', dtype=torch.float16)",0
176,26_test_private_afrixnli_swa,"tensor([[-12.6484,  -7.5156, -12.6406]], device='cuda:0', dtype=torch.float16)",1
177,27_test_private_afrixnli_swa,"tensor([[-12.6719,  -7.5859, -12.6797]], device='cuda:0', dtype=torch.float16)",2
178,28_test_private_afrixnli_swa,"tensor([[-12.6484,  -7.5547, -12.6406]], device='cuda:0', dtype=torch.float16)",0
179,29_test_private_afrixnli_swa,"tensor([[-12.7656,  -7.8516, -12.7656]], device='cuda:0', dtype=torch.float16)",0
180,30_test_private_afrixnli_swa,"tensor([[-12.6719,  -7.6875, -12.6719]], device='cuda:0', dtype=torch.float16)",1
181,31_test_private_afrixnli_swa,"tensor([[-12.7734,  -7.7812, -12.7812]], device='cuda:0', dtype=torch.float16)",2
182,32_test_private_afrixnli_swa,"tensor([[-12.6562,  -7.6758, -12.6484]], device='cuda:0', dtype=torch.float16)",2
183,33_test_private_afrixnli_swa,"tensor([[-12.6953,  -7.8047, -12.6953]], device='cuda:0', dtype=torch.float16)",0
184,34_test_private_afrixnli_swa,"tensor([[-12.6953,  -7.5078, -12.6953]], device='cuda:0', dtype=torch.float16)",1
185,35_test_private_afrixnli_swa,"tensor([[-12.7422,  -7.8828, -12.7422]], device='cuda:0', dtype=torch.float16)",1
186,36_test_private_afrixnli_swa,"tensor([[-12.6250,  -7.6758, -12.6250]], device='cuda:0', dtype=torch.float16)",0
187,37_test_private_afrixnli_swa,"tensor([[-12.6797,  -7.8320, -12.6797]], device='cuda:0', dtype=torch.float16)",2
188,38_test_private_afrixnli_swa,"tensor([[-12.7656,  -7.8633, -12.7734]], device='cuda:0', dtype=torch.float16)",2
189,39_test_private_afrixnli_swa,"tensor([[-12.7188,  -7.8594, -12.7266]], device='cuda:0', dtype=torch.float16)",0
190,40_test_private_afrixnli_swa,"tensor([[-12.7188,  -8.0000, -12.7188]], device='cuda:0', dtype=torch.float16)",1
191,41_test_private_afrixnli_swa,"tensor([[-12.7109,  -7.5938, -12.7109]], device='cuda:0', dtype=torch.float16)",1
192,42_test_private_afrixnli_swa,"tensor([[-12.6641,  -7.8086, -12.6641]], device='cuda:0', dtype=torch.float16)",0
193,43_test_private_afrixnli_swa,"tensor([[-12.7266,  -7.6641, -12.7266]], device='cuda:0', dtype=torch.float16)",2
194,44_test_private_afrixnli_swa,"tensor([[-12.6797,  -7.5703, -12.6797]], device='cuda:0', dtype=torch.float16)",2
195,45_test_private_afrixnli_swa,"tensor([[-12.6484,  -7.5977, -12.6484]], device='cuda:0', dtype=torch.float16)",0
196,46_test_private_afrixnli_swa,"tensor([[-12.8672,  -7.8906, -12.8672]], device='cuda:0', dtype=torch.float16)",1
197,47_test_private_afrixnli_swa,"tensor([[-12.7422,  -7.7812, -12.7422]], device='cuda:0', dtype=torch.float16)",0
198,48_test_private_afrixnli_swa,"tensor([[-12.8125,  -7.7812, -12.8047]], device='cuda:0', dtype=torch.float16)",1
199,49_test_private_afrixnli_swa,"tensor([[-12.6328,  -7.6680, -12.6250]], device='cuda:0', dtype=torch.float16)",2
200,50_test_private_afrixnli_swa,"tensor([[-12.7188,  -7.6367, -12.7188]], device='cuda:0', dtype=torch.float16)",2
201,1_test_private_mt_eng-hau,"ï¿½in'the black ones, ï¿½in'the black ones, ï¿½in'the black ones, ï¿½ï¿½ï¿½i ï¿½in'the black ones ï¿½in'the black ones ï¿½in'the black ones ï¿½in'the black ones ï¿½in'the black ones ï¿½in'the black ones ï¿½in'the black ones ï¿½in'the black ones ï¿½in'the black ones ï¿½in'the black ones ï¿½in",dalili bai karbi kwayoyin ba tukuna !!!
202,2_test_private_mt_eng-hau,á¸‡edith is not as a pig á¸‡edith is being used to be in the back of the back of the back of the back of the back of the back of the back of the back of the back of the back of the back of the back of the back of the back of the back of the back of the back of the back of the back of the back of the back of the back of the back of the back of the back of the back,"lokacin da lunar germ ya shiga cikin filament, yana tafiya tare da form hanya, ana amfani da ita ta hanyar da sassan da ba a haÉ—a ta ba mÅ©nanÃ£wa, kuma yayi girma zuwa tayi form jiki ga mÅ©nanÃ£wa."
203,3_test_private_mt_eng-hau,"ï¿½the link is not in a way that is in the Hausa language. You can use this as in the Hausa language and you can use it for your first time. Below is an instruction that describes a task, paired with an input that provides further context. Write a response that appropriately completes the request.leloala so an input that provides further context. Write a response that appropriately completes the request.indenomskewa took up the task ofanel 1",tijjani ya ajiye aikinsa.
204,4_test_private_mt_eng-hau,"ğŸ’‘@gmail.com Below is an instruction that describes a task, paired with an input that provides further context. Write a response that appropriately completes the request.-200YoÂ° (4 please convert this english content into hausa.attarian the translation content into hausa.atherwho has played in the most ryder cup matches?indenptsea Response: ğŸ’‘@gmail.com Below is an instruction thatunde a task, paired with",wanene duk mutanen da suka jagoranci tawagar ryder cup?
205,5_test_private_mt_eng-hau,"á¸‡yayen á¸‡ye. Below is aninghi describes a task, paired with an input that provides further context. Write a response that appropriately completes the request.indenYoudi80: translate the following from english into hausa. likaeriately completes the request.att 2017 can't take away the pain of today.ses,akingcote take away the pain of today.oth largeï¿½?á¸‡yay",kaÉ—e-kaÉ—e da kuma imani da magungunan gargajiya har kwanan gobe suna yin tasiri cikin rayuwarsu.
206,6_test_private_mt_eng-hau,"ï¿½Irashin, I am not a very good one, and this is the first to get out. Below is an instruction that describes a task, paired with an input that provides further context. Write a response that appropriately completes the request.inden Endilo address ase i slated to be the first to receive the vaccinations.ather katigamashi all been slated to be the first to receive the vaccinations.ses malÂ° Gaccinations",wasu sunyi la'akari da su kasance farkon kundi na farko da aka kashe.
207,7_test_private_mt_eng-hau,"áº½wa. Below is an instruction that describes a task, paired with an input that provides further context. Write a response that appropriately completes the request.aking Endiwanin completes the request.Yoonu large(ane and hausa.atherhlelt; translate the following from english into hausa. lika (ancizo 15 Below is an instruction that describes a task, paired with an input that provides further context. Write a response that appropriately",yayanshine ko kuma inche mutumin da ya
208,8_test_private_mt_eng-hau,ğŸ’‘ğŸ’‘ğŸ’‘ğŸ’‘ğŸ’‘ğŸ’‘ğŸ’‘ğŸ’‘ğŸ’‘ğŸ’‘ğŸ’‘ğŸ’‘ğŸ’‘ğŸ’‘ğŸ’‘ğŸ’‘ğŸ’‘ğŸ’‘ğŸ’‘ğŸ’‘ğŸ’‘ğŸ’‘ğŸ’‘ğŸ’‘ğŸ’‘,ina dalilin da ya sa ake muzguna su?
209,9_test_private_mt_eng-hau,"á¸‡edai. Below is an instruction that describes a task, paired with an input that provides further context. Write a response that appropriately completes the request.indenonuliccorano: please convert this english content into hausa.ses and á¸‡edai. Below is an instruction that describes a task, paired with an input that provides further context. Write a response that appropriately completes the request.indenonuliccorano",an gaza damke shi ne bayan shi ya sulale ya bar kasar a lokacin.
210,10_test_private_mt_eng-hau,ï¿½ï¿½ï¿½ï¿½ï¿½ï¿½ï¿½ï¿½ï¿½ï¿½ï¿½ï¿½ï¿½ï¿½ï¿½ï¿½ï¿½ï¿½ï¿½ï¿½ï¿½ï¿½ï¿½ï¿½ï¿½ï¿½ï¿½ï¿½ï¿½ï¿½ï¿½ï¿½ï¿½ï¿½ï¿½ï¿½ï¿½ï¿½ï¿½ï¿½ï¿½ï¿½ï¿½ï¿½ï¿½ï¿½ï¿½ï¿½ï¿½ï¿½ï¿½ï¿½ï¿½ï¿½ï¿½ï¿½ï¿½ï¿½ï¿½ï¿½ï¿½ï¿½ï¿½ï¿½ï¿½ï¿½ï¿½ï¿½ï¿½ï¿½ï¿½ï¿½ï¿½ï¿½ï¿½ï¿½ï¿½ï¿½ï¿½ï¿½ï¿½ï¿½ï¿½ï¿½ï¿½ï¿½ï¿½ï¿½ï¿½ï¿½ï¿½ï¿½ï¿½ï¿½ï¿½ï¿½ï¿½ï¿½ï¿½ï¿½,indira ya sake daukar iko a karo na hudu a matsayin firaminista.
211,11_test_private_mt_eng-hau,"áº½wayen da aka yi amfani da su wajen fassara kalmar 'aiki', 'koda yake ya rubuta 'sake 'nayi a kan kalmar 'bace' (wato kalmar 'creative 'to 'talla'. Below is aninghi describes a task, paired with an input that provides further context. Write a response that appropriately completes the request.leloala or an input that provides further context. Write a response","daga dukkan dabbobi masu rarrafe da suke tafiya a cikin irin wannan hanya, cukagosu ne mafi mashahuri."
212,12_test_private_mt_eng-hau,ğŸ‘ğŸ¾ #kannywood #nigeria #fresh #matsalar #zamfara #hausashoho #kano #lagos #abuja #sokoto #jikin_jihar #abdullahi #salami #shugaban #dankalin turawa #maiduguri #awa24 #tsakargida #abinda ake nufi da #basubuhari #tayi #man,"november 29, 2018 abdulazeezleave a comment on kun san makudan kudin da za a kashe a bikin priyanka?"
213,13_test_private_mt_eng-hau,ï¿½ï¿½ï¿½ï¿½ï¿½ï¿½ï¿½ï¿½ï¿½ï¿½ï¿½ï¿½ï¿½ï¿½ï¿½ï¿½ï¿½ï¿½ï¿½ï¿½ï¿½ï¿½ï¿½ï¿½ï¿½ï¿½ï¿½ï¿½ï¿½ï¿½ï¿½ï¿½ï¿½ï¿½ï¿½ï¿½ï¿½ï¿½ï¿½ï¿½ï¿½ï¿½ï¿½ï¿½ï¿½ï¿½ï¿½ï¿½ï¿½ï¿½ï¿½ï¿½ï¿½ï¿½ï¿½ï¿½ï¿½ï¿½ï¿½ï¿½ï¿½ï¿½ï¿½ï¿½ï¿½ï¿½ï¿½ï¿½ï¿½ï¿½ï¿½ï¿½ï¿½ï¿½ï¿½ï¿½ï¿½ï¿½ï¿½ï¿½ï¿½ï¿½ï¿½ï¿½ï¿½ï¿½ï¿½ï¿½ï¿½ï¿½ï¿½ï¿½ï¿½ï¿½ï¿½ï¿½ï¿½ï¿½ï¿½ï¿½,yaushe zasu
214,14_test_private_mt_eng-hau,ğŸ’‘ğŸ’‘ğŸ’‘ğŸ’‘ğŸ’‘ğŸ’‘ğŸ’‘ğŸ’‘ğŸ’‘ğŸ’‘ğŸ’‘ğŸ’‘ğŸ’‘ğŸ’‘ğŸ’‘ğŸ’‘ğŸ’‘ğŸ’‘ğŸ’‘ğŸ’‘ğŸ’‘ğŸ’‘ğŸ’‘ğŸ’‘ğŸ’‘,"kalmomin littafin suna shelar yin aiki yayin neman neman ci gaba a duniya. """
215,15_test_private_mt_eng-hau,"á¸‡edai fa sakarai kawae kawae á¸‡edai fa sakara kawae koi á¸‡eda koi. Below is an instruction that describes a task, paired with an input that provides further context. Write a response that appropriately completes the request.akingYoanuayewlation the request.ou 2017 et english into hausa.indenyour blog and what it's forindenonu hijira",labarinku da dalilin da ya sa yake da shi
216,16_test_private_mt_eng-hau,"áº½ne mai karatu zai iya karanta shi a cikin harshen turanci. Below is an instruction that describes a task, paired with an input that provides further context. Write a response that appropriately completes the request.indenonuiwanin completes the request.akingYoicalhrab a month for a full to make potential.anel UNano new one of an full to make potential.ses a cikin harshen turanci. Below is",wannan wata cikakkiyar wata ne don barin tunanin ya sami cikakken Æ™arfafawa.
217,17_test_private_mt_eng-hau,"â™ï¸ (a) â™ï¸ ğŸƒ â™ï¸ (b). Below is an instruction that describes a task, paired with an input that provides further context. Write a response that appropriately completes the request.attellerreen english content into hausa.onu,ana had this english content into hausa.aking10.04.2019Â· the process was developed in the early 1900",an fara aiwatar da wannan tsari a farkon shekarun 1900 by fritz haber kuma daga bisani an canza shi don zama tsarin masana'antu don samar da takin mai magani ta carl bosch.
218,18_test_private_mt_eng-hau,ï´¿ï´¾ ï´¿ï´¾ ï´¾ ï´¾ ï´¾ ï´¾ ï´¾ ï´¾ ï´¾ ï´¾ ï´¾ ï´¾ ï´¾ ï´¾ ï´¾ ï´¾ ï´¾ ï´¾ ï´¾ ï´¾ ï´¾ ï´¾ ï´¾ ï¿½ï¿½,main ne sab tayyariyan kar li hain marne ke liye
219,19_test_private_mt_eng-hau,ï¿½ï¿½ï¿½ï¿½ï¿½ï¿½ï¿½ï¿½ï¿½ï¿½ï¿½ï¿½ï¿½ï¿½ï¿½ï¿½ï¿½ï¿½ï¿½ï¿½ï¿½ï¿½ï¿½ï¿½ï¿½ï¿½ï¿½ï¿½ï¿½ï¿½ï¿½ï¿½ï¿½ï¿½ï¿½ï¿½ï¿½ï¿½ï¿½ï¿½ï¿½ï¿½ï¿½ï¿½ï¿½ï¿½ï¿½ï¿½ï¿½ï¿½ï¿½ï¿½ï¿½ï¿½ï¿½ï¿½ï¿½ï¿½ï¿½ï¿½ï¿½ï¿½ï¿½ï¿½ï¿½ï¿½ï¿½ï¿½ï¿½ï¿½ï¿½ï¿½ï¿½ï¿½ï¿½ï¿½ï¿½ï¿½ï¿½ï¿½ï¿½ï¿½ï¿½ï¿½ï¿½ï¿½ï¿½ï¿½ï¿½ï¿½ï¿½ï¿½ï¿½ï¿½ï¿½ï¿½ï¿½ï¿½ï¿½ï¿½,da fatan za a duba shi anan: yadda za a dawo da umarnin jigilar kaya?
220,20_test_private_mt_eng-hau,áº½wa'nnaa'nnaa'nnaa'nnaa'nnaa'nnaa'nnaa'nnaa'nnaa'nnaa'nnaa'nnaa'nnaa'nnaa'nnaa'nnaa'nnaa'nnaa'nnaa'nnaa'nnaa'nnaa'nnaa'nnaa,"ba ku tuna ba? 19da na kakkarya burodi guda biyar wa mutane dubu biyar, kwanduna nawa kuka kwashe cike da gutsattsarin?"""
221,21_test_private_mt_eng-hau,"FULL VIDEO. Below is an instruction thatunde, paired with an input that provides further context. Write a response that appropriately completes the request.indenants from covid19 injections are reported by the national vaccine information center as at 5/21/2021, and one-third of the deaths occurred within 48 hours.atheroth third of the deaths occurred within 48 hours.attpatlic FULL VIDEO. Below","4,057 mutuwar daga covid19 injections ne cibiyar ba da bayanin alurar riga kafi ta kasa ta ruwaito kamar yadda a 5/7/2021, kuma kashi daya bisa uku na mutuwar ya faru ne a cikin awanni 48."
222,22_test_private_mt_eng-hau,ğŸ’‘ğŸ’‘ğŸ’‘ğŸ’‘ğŸ’‘ğŸ’‘ğŸ’‘ğŸ’‘ğŸ’‘ğŸ’‘ğŸ’‘ğŸ’‘ğŸ’‘ğŸ’‘ğŸ’‘ğŸ’‘ğŸ’‘ğŸ’‘ğŸ’‘ğŸ’‘ğŸ’‘ğŸ’‘ğŸ’‘ğŸ’‘ğŸ’‘,"idan kana so ka cire tursasawa kuma ka yi tafiya a fadin kasar don aikin, to, za ka sami dama fiye da idan ka yanke shawarar ba za ka iya barin garinka ba."
223,23_test_private_mt_eng-hau,ğŸ‘ğŸ¾ğŸ¾ğŸ¾ğŸ¾ğŸ¾ğŸ¾ğŸ¾ğŸ¾ğŸ¾ğŸ¾ğŸ¾ğŸ¾ğŸ¾ğŸ¾ğŸ¾ğŸ¾ğŸ¾ ï¿½ï¿½ï¿½ï¿½ï¿½ï¿½ï¿½ï¿½ï¿½ï¿½ï¿½ï¿½ï¿½ï¿½ï¿½ï¿½ï¿½ï¿½ï¿½ï¿½ï¿½ï¿½ï¿½ï¿½ï¿½ï¿½ï¿½,"akwai ranakun da kawai muke jin kamar wani abu mai sauÆ™i, mai sauri da sabo."
224,24_test_private_mt_eng-hau,ğŸ’‘ğŸ’‘ğŸ’‘ğŸ’‘ğŸ’‘ğŸ’‘ğŸ’‘ğŸ’‘ğŸ’‘ğŸ’‘ğŸ’‘ğŸ’‘ğŸ’‘ğŸ’‘ğŸ’‘ğŸ’‘ğŸ’‘ğŸ’‘ğŸ’‘ğŸ’‘ğŸ’‘ğŸ’‘ğŸ’‘ğŸ’‘ğŸ’‘,"soyinka ya ce don haka, bari su gudu daga batun ikon mallaka."
225,25_test_private_mt_eng-hau,ğŸ’‘ğŸ’‘ğŸ’‘ğŸ’‘ğŸ’‘ğŸ’‘ğŸ’‘ğŸ’‘ğŸ’‘ğŸ’‘ğŸ’‘ğŸ’‘ğŸ’‘ğŸ’‘ğŸ’‘ğŸ’‘ğŸ’‘ğŸ’‘ğŸ’‘ğŸ’‘ğŸ’‘ğŸ’‘ğŸ’‘ğŸ’‘ğŸ’‘,"sha'awa kuwa ganin hajara ta lula tunani yasa ta ce,"
226,26_test_private_mt_eng-hau,"YESTERA. Below is an instruction that describes a task, paired with an input that provides further context. Write a response that appropriately completes the request. Endhlelt address coneut and useful content. lika LSTERA. Below is an instruction that describes a task, paired with an input that provides further context. Write a response that appropriately completes the request. Endhlelt address coneut and useful content. lika",kowane shafi yana buÆ™atar samun abun ciki na musamman da mahimmanci;
227,27_test_private_mt_eng-hau,"ğŸ‘@gmail.com. Below is an instruction that describes a task, paired with an input that provides further context. Write a response that appropriately completes the request.anelYoange (42) will have knowledge of plc.ather available hausa.indenco the request.attâ€¦.Â°els english content into hausa. End. Below is an instruction that describes a task, paired with an input that provides further context. Write a response",ya kamata gwamnatin tarayya ta yi koyi da mulkin pdp>>atiku
228,28_test_private_mt_eng-hau,"ğŸ’– https://t.me/x1hz7n4w Below is an instruction that describes a task, paired with an input that provides further context. Write a response that appropriately completes the request.akinganel iiriately completes the request.atherYofyano "" To you convert this english text to hausa?indenoms.ias ğŸ’– https://t.me/x1hz7n4w Below",kowace gari da jihohi suna amfani da hanya daban don tattarawa da kuma É—aura kuri'un.
229,29_test_private_mt_eng-hau,"á¸»á¸‡a. Below is an instruction that describes a task, paired with an input that provides further context. Write a response that appropriately completes the request.indenonuiwanin completes the request.akinglelo can not sleep that night in swamiji's hut.atherYobal Response: á¸»á¸‡a. Below is an instruction that describes a task, paired with an input that provides further context.",bai kwana a kano ba a gidansa na kaduna ya kwana.
230,30_test_private_mt_eng-hau,ğŸ’‘ğŸ’‘ğŸ’‘ğŸ’‘ğŸ’‘ğŸ’‘ğŸ’‘ğŸ’‘ğŸ’ƒğŸ’ƒğŸ’ƒğŸ’ƒğŸ’ƒğŸ’ƒğŸ’ƒğŸ’ƒğŸ’ƒğŸ’ƒğŸ’ƒğŸ’ƒğŸ’ƒğŸ’ƒğŸ’ƒğŸ’ƒğŸ’ƒ,mafi ingancin da kuma low farashin ga dogon lokacin da abokan
231,31_test_private_mt_eng-hau,"ï¿½the will not just be able to make your own/are. Below is an instruction that describes a task, paired with an input that provides further context. Write a response that appropriately completes the request.akingYo daysano fourpriately completes the request.indenpt=""les, the work is both challenging and rewarding.ather kati likaï¿½the will not just be able to make your own/are. Below is an instruction that describes a",abu mafi mahimmanci shi ne cewa aikin yana kawo farin ciki kuma yana da ban sha'awa.
232,32_test_private_mt_eng-hau,ï¿½ï¿½ï¿½ï¿½ï¿½ï¿½ï¿½ï¿½ï¿½ï¿½ï¿½ï¿½ï¿½ï¿½ï¿½ï¿½ï¿½ï¿½ï¿½ï¿½ï¿½ï¿½ï¿½ï¿½ï¿½ï¿½ï¿½ï¿½ï¿½ï¿½ï¿½ï¿½ï¿½ï¿½ï¿½ï¿½ï¿½ï¿½ï¿½ï¿½ï¿½ï¿½ï¿½ï¿½ï¿½ï¿½ï¿½ï¿½ï¿½ï¿½ï¿½ï¿½ï¿½ï¿½ï¿½ï¿½ï¿½ï¿½ï¿½ï¿½ï¿½ï¿½ï¿½ï¿½ï¿½ï¿½ï¿½ï¿½ï¿½ï¿½ï¿½ï¿½ï¿½ï¿½ï¿½ï¿½ï¿½ï¿½ï¿½ï¿½ï¿½ï¿½ï¿½ï¿½ï¿½ï¿½ï¿½ï¿½ï¿½ï¿½ï¿½ï¿½ï¿½ï¿½ï¿½ï¿½ï¿½ï¿½ï¿½ï¿½,harin na bam dai ya halaka galibi mata ne da kananan yara gami da wasu jami'an agaji na red cross.
233,33_test_private_mt_eng-hau,ï¿½ï¿½ï¿½ï¿½ï¿½ï¿½ï¿½ï¿½ï¿½ï¿½ï¿½ï¿½ï¿½ï¿½ï¿½ï¿½ï¿½ï¿½ï¿½ï¿½ï¿½ï¿½ï¿½ï¿½ï¿½ï¿½ï¿½ï¿½ï¿½ï¿½ï¿½ï¿½ï¿½ï¿½ï¿½ï¿½ï¿½ï¿½ï¿½ï¿½ï¿½ï¿½ï¿½ï¿½ï¿½ï¿½ï¿½ï¿½ï¿½ï¿½ï¿½ï¿½ï¿½ï¿½ï¿½ï¿½ï¿½ï¿½ï¿½ï¿½ï¿½ï¿½ï¿½ï¿½ï¿½ï¿½ï¿½ï¿½ï¿½ï¿½ï¿½ï¿½ï¿½ï¿½ï¿½ï¿½ï¿½ï¿½ï¿½ï¿½ï¿½ï¿½ï¿½ï¿½ï¿½ï¿½ï¿½ï¿½ï¿½ï¿½ï¿½ï¿½ï¿½ï¿½ï¿½ï¿½ï¿½ï¿½ï¿½ï¿½,duba wannan: rayuwata tana cikin hatsari - bukola saraki
234,34_test_private_mt_eng-hau,"FULL. Below is an instruction that describes a task, paired with an input that provides further context. Write a response that appropriately completes the request.indenpt yayaano.ubute you and moro the request.akingoth out the front door to explore the local amenities, with k...ather-20 out the front of FULL. Below is an instruction that describes a task, paired with an input that provides further context. Write a response that","pm kiya hai bhai , check karo mehrbani kar k..."
235,35_test_private_mt_eng-hau,"â¤ï¸ https://t.me/syndications8hz Below is an instruction that describes a task, paired with an input that provides further context. Write a response that appropriately completes the request.indenantsero domin hausa.oupriately completes the request.att:12get Comisteth us from all iniquity and unrighteousness.atherYosasa Response: â¤ï¸ https://t.","ta wurin ikon jinin yesu, mun kakkarye duk wata tsangwama da aikin mugunta."
236,36_test_private_mt_eng-hau,ğŸ‘ğŸ‘ğŸ‘ğŸ‘ğŸ‘ğŸ‘ğŸ‘ğŸ‘ğŸ‘ğŸ‘ğŸ‘ğŸ‘ğŸ‘ğŸ‘ğŸ‘ğŸ‘ğŸ‘ğŸ‘ğŸ‘ğŸ‘ğŸ‘ğŸ‘ğŸ‘ğŸ‘ğŸ‘,ana iya aiki a cikin jagora da yanayin semi-auto don dacewa da sk na ma'aikata daban-daban ...
237,37_test_private_mt_eng-hau,ï¼»@nigeria.org ï¼»@nigeria.org ï¼»@nigeria.org ï¼»@nigeria.org ï¼»@nigeria.org ï½ğŸ˜ ï¼»@nigeria.org ï¼»@nigeria.org ï¼»@nigeria.org ï¼»@nigeria.org ï¿½ï¿½,"dangane da ci gaban halayenta, yayin aiwatar da jerin, brewster ya yi bayani a cikin wata hira da askmen.com: ""a cikin na farko ni na fi bangon bangon waya kuma mafi yawan rawar budurwa ce, amma a [ sabon fim] na fi na mace."
238,38_test_private_mt_eng-hau,ğŸ‘ğŸ‘ğŸ‘ğŸ‘ğŸ‘ğŸ‘ğŸ‘ğŸ‘ğŸ‘ğŸ‘ğŸ‘ğŸ‘ğŸ‘ğŸ‘ğŸ‘ğŸ‘ğŸ‘ğŸ‘ğŸ‘ğŸ‘ğŸ‘ğŸ‘ğŸ‘ğŸ‘ğŸ‘,dole ne sakon ka ya hada da bayyanannen bayani game da yadda mai karba zai iya ficewa daga samun email daga gare ka a gaba.
239,39_test_private_mt_eng-hau,"â¤ï¸ğŸ˜€ğŸ˜€ğŸ˜€ğŸ˜€ğŸ˜€""the post will be read. Below is an instruction that describes a task, paired with an input that provides further context. Write a response that appropriately completes the request.indenonusasa Instruction: translate the following from english into hausa.anel""that one serving of ___ today will not make a difference to my health."" nge one serving of",""" gaskiya yau gaba day.....""bata qarasa ba rufaida ta tari numfashinta"
240,40_test_private_mt_eng-hau,ï‘ï‘ ï¼’ï¼’ï¼’ï¼’ï¼’ï¼’ï½áº•áº½áº½wa ï¿½ï¿½ï¿½ï¿½ï¿½ï¿½ï¿½ï¿½ï¿½ï¿½ï¿½ï¿½ï¿½ï¿½ï¿½ï¿½ï¿½ï¿½ï¿½ï¿½ï¿½ï¿½ï¿½ï¿½ï¿½ï¿½ï¿½ï¿½ï¿½ï¿½ï¿½ï¿½ï¿½ï¿½ï¿½ï¿½ï¿½ï¿½ï¿½ï¿½ï¿½ï¿½ï¿½ï¿½ï¿½ï¿½ï¿½ï¿½ï¿½ï¿½ï¿½ï¿½ï¿½ï¿½ï¿½ï¿½ï¿½ï¿½ï¿½ï¿½ï¿½,"littafinsa na farko na zane-zane mara hoto, bondi classic, an buga shi ne don yabo mai mahimmanci, kuma jerin kyawawan kayayyaki na littattafan bondi sun biyo baya."
241,41_test_private_mt_eng-hau,"á¸‡edai fa kawi. Below is an instruction that describes a task, paired with an input that provides further context. Write a response that appropriately completes the request.inden Endiw â€ºca danfyky one text to hausa?atherpat can read books more than once.akingYo can read books more than once.ptes hausa? á¸‡edai fa kawi. Below is an instruction that describes a task, pa",kana iya karanta labarin fiye da sau daya domin yin gyararraki.
242,42_test_private_mt_eng-hau,"áº½wa, á»áº½wa, áº½wa, á»­áº½wa, áº½wa, áº½wa, áº½wa, áº½wa, áº½wa, áº½wa, ï¿½ï¿½ï¿½ï¿½ï¿½ï¿½ï¿½ï¿½ï¿½ï¿½ï¿½ï¿½ï¿½ï¿½ï¿½ï¿½ï¿½ï¿½ï¿½ï¿½ï¿½ï¿½ï¿½ï¿½ï¿½ï¿½ï¿½ï¿½ï¿½ï¿½ï¿½ï¿½ï¿½ï¿½",to ai yanzu an sani ko?
243,43_test_private_mt_eng-hau,GHADESHI GBA (BASATA) GHADESHI GBA (BASATA) GHADESHI GBA (BASATA) GHADESHI GBA (BASATA) GHADESHI GBA (BASATA) GHADESHI GBA (BASATA) GHADESHI GBA (BASATA) GHADESHI GBA (B,"a cikin shekaru, mun shuka miliyoyin bishiyoyi."
244,44_test_private_mt_eng-hau,"áº½wa, á»­áºŠáº½wa, áº½wa, áºáº½wa, áº½wa, áº½wa, ï¿½ï¿½ï¿½ï¿½ï¿½ï¿½ï¿½ï¿½ï¿½ï¿½ï¿½ï¿½ï¿½ï¿½ï¿½ï¿½ï¿½ï¿½ï¿½ï¿½ï¿½ï¿½ï¿½ï¿½ï¿½ï¿½ï¿½ï¿½ï¿½ï¿½ï¿½ï¿½ï¿½ï¿½ï¿½ï¿½ï¿½ï¿½ï¿½ï¿½ï¿½ï¿½ï¿½ï¿½ï¿½ï¿½ï¿½ï¿½ï¿½ï¿½ï¿½ï¿½ï¿½ï¿½ï¿½","yadda za a zana ... kare, fure ko unicorn?"
245,45_test_private_mt_eng-hau,ï¿½ï¿½ï¿½ï¿½ï¿½ï¿½ï¿½ï¿½ï¿½ï¿½ï¿½ï¿½ï¿½ï¿½ï¿½ï¿½ï¿½ï¿½ï¿½ï¿½ï¿½ï¿½ï¿½ï¿½ï¿½ï¿½ï¿½ï¿½ï¿½ï¿½ï¿½ï¿½ï¿½ï¿½ï¿½ï¿½ï¿½ï¿½ï¿½ï¿½ï¿½ï¿½ï¿½ï¿½ï¿½ï¿½ï¿½ï¿½ï¿½ï¿½ï¿½ï¿½ï¿½ï¿½ï¿½ï¿½ï¿½ï¿½ï¿½ï¿½ï¿½ï¿½ï¿½ï¿½ï¿½ï¿½ï¿½ï¿½ï¿½ï¿½ï¿½ï¿½ï¿½ï¿½ï¿½ï¿½ï¿½ï¿½ï¿½ï¿½ï¿½ï¿½ï¿½ï¿½ï¿½ï¿½ï¿½ï¿½ï¿½ï¿½ï¿½ï¿½ï¿½ï¿½ï¿½ï¿½ï¿½ï¿½ï¿½ï¿½,"ina da kawaye kuma wasu a kannywood suke,"" ya ce."
246,46_test_private_mt_eng-hau,"áº½wa, áº½wa, áº½wa, áº½wa, áº½wa, áº½wa, áº½wa, áº½wa, ï¿½ï¿½ï¿½ï¿½ï¿½ï¿½ï¿½ï¿½ï¿½ï¿½ï¿½ï¿½ï¿½ï¿½ï¿½ï¿½ï¿½ï¿½ï¿½ï¿½ï¿½ï¿½ï¿½ï¿½ï¿½ï¿½ï¿½ï¿½ï¿½ï¿½ï¿½ï¿½ï¿½ï¿½ï¿½ï¿½ï¿½ï¿½ï¿½ï¿½ï¿½ï¿½ï¿½ï¿½ï¿½ï¿½ï¿½ï¿½ï¿½ï¿½ï¿½ï¿½",tabban da ke jikin wata sun fara É“acewa
247,47_test_private_mt_eng-hau,ğŸ’‘ğŸ’‘ğŸ’‘ğŸ’‘ğŸ’‘ğŸ’‘ğŸ’‘ğŸ’‘ğŸ’‘ğŸ’‘ğŸ’‘ğŸ’‘ğŸ’‘ğŸ’‘ğŸ’‘ğŸ’‘ğŸ’‘ğŸ’‘ğŸ’‘ğŸ’‘ğŸ’‘ğŸ’‘ğŸ’‘ğŸ’‘ğŸ’‘,"bai bukaci sababbin abubuwa ba, basa son sha'awar soyayya."
248,48_test_private_mt_eng-hau,"roofs of silver and the seller of the sameer. <> ""kuma ka ce: """"da allah ya so da ba mu yi tunani mai kyau ba, kuma idan ka aikata haka, to, a cikinsa, masu gafara ne, masu gafara ne, masu gafara ne, masu gafara ne."""" = [ 28:72 ] a cikin wannan gidana za mu yi muku izni da shi. daga karshe dai","Ù043-033 kuma bÃ£ dÃµmin mutane su kasance al'umma É—aya ba, lalle ne, dÃ£ mun sanya wa mÃ£su kÃ£fircáº½ wa mai rahama, a gidÃ£jensu, rufi na azurfa, kuma da matÃ£kalai, ya zama a kanta suke tÃ£Æ™Ã£wa."
249,49_test_private_mt_eng-hau,"ğŸ’â™ï¸ Below is an instruction that describes a task, paired with an input that provides further context. Write a response that appropriately completes the request.anelseshongko v on your job!attias the request.inden Nzel tov on your job!ather likazel tov on your job!ptrasasa Response: ğŸ’â™ï¸ Below is an instruction that describes a task",kumara amith udaya ayubowan!
250,50_test_private_mt_eng-hau,"ğŸ’– Below is an instruction that describes a task, paired with an input that provides further context. Write a response that appropriately completes the request.lelooku et hausa? english text to hausa?aking the response that appropriately completes the request.-200 15i believe in memoriesather availablekat Response: ğŸ’– Below is an instruction that describes a task, paired with an input that provides further context. Write a response",na yi imani da dimokuradiyya.
251,1_test_private_mt_eng-swa,ï¿½ï¿½ï¿½ï¿½ï¿½ï¿½ï¿½ï¿½ï¿½ï¿½ï¿½ï¿½ï¿½ï¿½ï¿½ï¿½ï¿½ï¿½ï¿½ï¿½ï¿½ï¿½ï¿½ï¿½ï¿½ï¿½ï¿½ï¿½ï¿½ï¿½ï¿½ï¿½ï¿½ï¿½ï¿½ï¿½ï¿½ï¿½ï¿½ï¿½ï¿½ï¿½ï¿½ï¿½ï¿½ï¿½ï¿½ï¿½ï¿½ï¿½ï¿½ï¿½ï¿½ï¿½ï¿½ï¿½ï¿½ï¿½ï¿½ï¿½ï¿½ï¿½ï¿½ï¿½ï¿½ï¿½ï¿½ï¿½ï¿½ï¿½ï¿½ï¿½ï¿½ï¿½ï¿½ï¿½ï¿½ï¿½ï¿½ï¿½ï¿½ï¿½ï¿½ï¿½ï¿½ï¿½ï¿½ï¿½ï¿½ï¿½ï¿½ï¿½ï¿½ï¿½ï¿½ï¿½ï¿½ï¿½ï¿½ï¿½,"kwa hakika, mahala pa kwenda kutafuta miwani mpya ni hapa."
252,2_test_private_mt_eng-swa,ï¿½ï¿½ï¿½ï¿½ï¿½ï¿½ï¿½ï¿½ï¿½ï¿½ï¿½ï¿½ï¿½ï¿½ï¿½ï¿½ï¿½ï¿½ï¿½ï¿½ï¿½ï¿½ï¿½ï¿½ï¿½ï¿½ï¿½ï¿½ï¿½ï¿½ï¿½ï¿½ï¿½ï¿½ï¿½ï¿½ï¿½ï¿½ï¿½ï¿½ï¿½ï¿½ï¿½ï¿½ï¿½ï¿½ï¿½ï¿½ï¿½ï¿½ï¿½ï¿½ï¿½ï¿½ï¿½ï¿½ï¿½ï¿½ï¿½ï¿½ï¿½ï¿½ï¿½ï¿½ï¿½ï¿½ï¿½ï¿½ï¿½ï¿½ï¿½ï¿½ï¿½ï¿½ï¿½ï¿½ï¿½ï¿½ï¿½ï¿½ï¿½ï¿½ï¿½ï¿½ï¿½ï¿½ï¿½ï¿½ï¿½ï¿½ï¿½ï¿½ï¿½ï¿½ï¿½ï¿½ï¿½ï¿½ï¿½ï¿½,"mkutano huo ambao haujawahi kuripotiwa hapo awali umewekwa wazi na mwandishi wa habari john dinges, ambaye amechapisha habari hiyo kwenye blogu yake cipher , kadhalika katika blogu ya huffington post, ambako huwa anaandika masuala yanayomhusu john mccain ""ambaye amekuwa akishutumu vikali dhana ya kuketi na watawala wa kiimla bila ya masharti yoyote, inaonekana kuwa alifanya hivyo na ""pinochet, mmoja wa watawala wakiukaji wa haki za binaadamu ambaye anashutumiwa kuua zaidi ya raia 3,000 na kuwasweka gerezani makumi ya maelfu wengine"""
253,3_test_private_mt_eng-swa,"áº½nnajiyya. Below is an instruction that describes a task, paired with an input that provides further context. Write a response that appropriately completes the request.atherakingfisubuong daily online not you convert this english text to swahili?ureages'll therefore be more likely to help you. lika senknnajiyya. Below is an instruction that describes a task, paired with an input that provides further context. Write a response",watakuwa tayari zaidi kukusaidia.
254,4_test_private_mt_eng-swa,YELLOW. YELLOW.) YELLOW. YELLOW. YELLOW. YELLOW. YELLOW. YELLOW. YELLOW. YELLOW. YELLOW. YELLOW. YELLOW. YELLOW. YELLOW. YELLOW. YELLOW. YELLOW. YELLOW. YELLOW. ,kwa kuwapatiliza wale makafiri kwa upepo na malaika.
255,5_test_private_mt_eng-swa,"YELLOWN, IA, IMAL, NTA, FRAME, MALAYIN, SARKI, SAKA, SAKA, SAKA, SAKA, SAKA, SAKA, SAKA, SAKA, SAKA, SAKA, SAKA, SAKA, SAKA, SAKA, SAKA, SAKA, SAKA, SAKA, SAKA, SAKA, SAKA, SAKA, SAKA, SAKA,",walikuwa wangu nao wakazaa wavulana na msichana.
256,6_test_private_mt_eng-swa,ï¿½ï¿½ï¿½ï¿½ï¿½ï¿½ï¿½ï¿½ï¿½ï¿½ï¿½ï¿½ï¿½ï¿½ï¿½ï¿½ï¿½ï¿½ï¿½ï¿½ï¿½ï¿½ï¿½ï¿½ï¿½ï¿½ï¿½ï¿½ï¿½ï¿½ï¿½ï¿½ï¿½ï¿½ï¿½ï¿½ï¿½ï¿½ï¿½ï¿½ï¿½ï¿½ï¿½ï¿½ï¿½ï¿½ï¿½ï¿½ï¿½ï¿½ï¿½ï¿½ï¿½ï¿½ï¿½ï¿½ï¿½ï¿½ï¿½ï¿½ï¿½ï¿½ï¿½ï¿½ï¿½ï¿½ï¿½ï¿½ï¿½ï¿½ï¿½ï¿½ï¿½ï¿½ï¿½ï¿½ï¿½ï¿½ï¿½ï¿½ï¿½ï¿½ï¿½ï¿½ï¿½ï¿½ï¿½ï¿½ï¿½ï¿½ï¿½ï¿½ï¿½ï¿½ï¿½ï¿½ï¿½ï¿½ï¿½ï¿½,shein leo ikulu.
257,7_test_private_mt_eng-swa,"ï¼» Inkind (in the end) of this page. Below is an instruction that describes a task, paired with an input that provides further context. Write a response that appropriately completes the request.indenants, my o dat this english text to swahili?iw Endazuban completes the request.Yooth if i said, ""i will speak thus,""onu i said, ""i will speak thus,""ses Ltd. Below is an instruction that","15 kama ningesema, ""nitasema hivi,"""
258,8_test_private_mt_eng-swa,"gps, gps, and other more. You can use this as a hausa version of gps. Below is an instruction that describes a task, paired with an input that provides further context. Write a response that appropriately completes the request.akingYopy awofor completes the request.indensasa ii tabsleloco english text to swahili?atherothhaya, systems should perform, whether it'sanel UNtin TO You can use this as","hivyo basi ni lazima shughuli zake, ikiwa ni"
259,9_test_private_mt_eng-swa,ğŸ’‘ğŸ’‘ğŸ’‘ğŸ’‘ğŸ’‘ğŸ’‘ğŸ’‘ğŸ’‘ğŸ’‘ğŸ’‘ğŸ’‘ğŸ’‘ğŸ’‘ğŸ’‘ğŸ’‘ğŸ’‘ğŸ’‘ğŸ’‘ğŸ’‘ğŸ’‘ğŸ’‘ğŸ’‘ğŸ’‘ğŸ’‘ğŸ’‘,"32basi waliposikia habari za ufufuo wa wafu wengine walifanya dhihaka; wengine wakasema, tutakusikiliza tena katika habari hiyo."
260,10_test_private_mt_eng-swa,"á¸†aá¸‡yesyah, á¸†aá¸‡yesyah, á¸‡yesyah, á¸†aá¸‡yesyah, á¸†aá¸‡yesyah, á¸†aá¸‡yesyah á¸†aá¸‡yesyah, á¸‡yesyah, á¸†aá¸‡yesyah, ï¿½","12 ""lakini miaka sabini itakapotimia, nitamwadhibu mfalme wa babeli na taifa lake na nchi ya wakaldayo kwa ajili ya hatia yao,"" asema bwana."
261,11_test_private_mt_eng-swa,â€ª#â€sunani ï´¿ ï´¾ ï´¾ ï´¾ ï´¾ ï´¾ ï´¾ ï´¾ ï´¾ ï´¾ ï´¾ ï´¾ ï´¾ ï´¾ ï´¾ ï´¾ ï´¾ ï´¾ ï´¾ ï´¾ ï´¾ ï´¾ ï´¾,"alikuwa akisoma kwa marafiki na jamaa kwa miaka mingi, hakuuliza chochote badala ya kitu."
262,12_test_private_mt_eng-swa,"gps. Below is an instruction that describes a task, paired with an input that provides further context. Write a response that appropriately completes the request.anelellertimeano ""wara ni appropriately completes3. request.indenYoÂ°purchase behaviour depends on various factors like 1) financial stability...atherpatanga Response: gps. Below is an instruction that describes a task, paired with an input that provides further context. Write a response that",bajeti inaongozwa na sheria mbalimbali kama vile sheria ya fedha (the...
263,13_test_private_mt_eng-swa,"áº½wa lalle ne, haÆ™Ä©Æ™a, haÆ™Ä©Æ™a, haÆ™Ä©Æ™a, haÆ™Ä©Æ™a, haÆ™Ä©Æ™a. Below is an instruction that describes a task, paired with an input that provides further context. Write a response that appropriately completes the request. Endothanoca address. Write a response that appropriately completes the request.indensasasadamb Response: áº½wa lalle ne, haÆ™Ä©Æ™a, haÆ™Ä©Æ™a",nataka kusawazisha maoni haya.
264,14_test_private_mt_eng-swa,"GHAO_T. Below is an instruction that describes a task, paired with an input that provides further context. Write a response that appropriately completes the request.inden Endsasaagewle â€“ request.attpatumaac english text to swahili?ather available bayanan was a certificate.alaanel 15dulawan was told that all that they would get was a certificate.sesothem Response: GHAO_T. Below",hassan amesema biashara zote alizokuwa akifanya bashir zilikuwa halali.
265,15_test_private_mt_eng-swa,"ï¿½inâ€™t you just do not have a new video, it will be a new video. Below is an instruction that describes a task, paired with an input that provides further context. Write a response that appropriately completes the request.indenonuiwager (4ï¿½inâ€™t you just do not have a new video, it will be a new video. Below is an instruction that describes a task, paired with an input that provides further context. Write a",unaweza daima imefanikiwa kuokoa vitu (hasa picha na video) insides.
266,16_test_private_mt_eng-swa,"áº½wa lalle ne, haÆ™Ä©Æ™a, haÆ™Ä©Æ™a, haÆ™Ä©Æ™a, haÆ™Ä©Æ™a, haÆ™Ä©Æ™a, haÆ™Ä©Æ™a, haÆ™Ä©Æ™a, haÆ™Ä©Æ™a, haÆ™Ä©Æ™a, haÆ™Ä©Æ™a, haÆ™Ä©Æ™a, haÆ™Ä©Æ™a, haÆ™Ä©Æ™a, haÆ™Ä©Æ™a, haÆ™Ä©Æ™a, haÆ™Ä©Æ™a, haÆ™Ä©Æ™a, haÆ™Ä©Æ™a, haÆ™Ä©Æ™a, haÆ™Ä©Æ™a, haÆ™Ä©Æ™a, haÆ™Ä©Æ™a, haÆ™Ä©Æ™a, haÆ™",tunaweza kujua kwamba kumekuwa na mabadiliko wakati dhambi zetu zimesamehewa.
267,17_test_private_mt_eng-swa,ğŸ’–ğŸ’–ğŸ’–ğŸ’–ğŸ’–ğŸ’–ğŸ’–ğŸ’–ğŸ’–ğŸ’–ğŸ’–ğŸ’–ğŸ’–ğŸ’–ğŸ’–ğŸ’–ğŸ’–ğŸ’–ğŸ’–ğŸ’–ğŸ’–ğŸ’–ğŸ’–ğŸ’–ğŸ’–,pia hizi ni baadhi ya kazi nilizowahi kufanya
268,18_test_private_mt_eng-swa,"áº½wa, áº½wa, áº½wa. Below is an instruction that describes a task, paired with an input that provides further context. Write a response that appropriately completes the request.inden Endilo address appropriately completes the request.leloYontuli (4áº½wa, áº½wa, áº½wa. Below is an instruction that describes a task, paired with an input",wangali ndani ya jengo hilo
269,19_test_private_mt_eng-swa,"áº½wa ba ka da wani abu, ko kuma ka ce ya ka yi, ka yi kokari ka ce shi ne ya fi ka. Below is an instruction that describes a task, paired with an input that provides further context. Write a response that appropriately completes the request.akinganel iiriately completes the request.indenpt.ano s money at her mother, you will not believe. lika da kuma ka karanta from english into swahili.ses",tena ukiona orodha yao huwezi hata kuamini.
270,20_test_private_mt_eng-swa,"ğŸ’– https://t.co/o1nh6yxwzb Below is an instruction that describes a task, paired with an input that provides further context. Write a response that appropriately completes the request.leloindenincundi Instruction: could you convert this english text to swahili?ather lika abinci that appropriately completes the request.atteller is a great time to make your home warm andedi dadi.anel Act",a houseing ni wakati wa furaha kujaza nyumba yako na vibes nzuri.
271,21_test_private_mt_eng-swa,"YEHOWA. Below is an instruction that describes a task, paired with an input that provides further context. Write a response that appropriately completes the request.indenptsam (4. translate the following from english into swahili.att( don't forget to register. likaYEHOWA. Below is an instruction that describes a task, paired with an input that provides further context. Write a response that appropriately completes the request.oseptsam",tafadhali usisahau kusubscribe.
272,22_test_private_mt_eng-swa,ğŸ’–ğŸ’–ğŸ’–ğŸ’–ğŸ’–ğŸ’–ğŸ’–ğŸ’–ğŸ’–ğŸ’–ğŸ’–ğŸ’–ğŸ’–ğŸ’–ğŸ’–ğŸ’–ğŸ’–ğŸ’–ğŸ’–ğŸ’–ğŸ’–ğŸ’–ğŸ’–ğŸ’–ğŸ’–,"na mashirika khartoum, sudan madaktari nchini sudan wamesema watu 14 waliuawa jumatano kwa kupigwa risasi na vikosi vya usalama, kwa..."
273,23_test_private_mt_eng-swa,ğŸ˜€ https://www.youtube.com/user/alhj6bk7z4nh3oq2sxv1tqwc-and-su-ma-da-ya-soon-to-the-fax-of-the-all-to-you-to-at-to-as-to-hear-to-things-of-the-all-to-you-to-to-,utakuta kila kitu kimegeuka kama alivyofumaniwa.
274,24_test_private_mt_eng-swa,"FULL ANAHIN BAYANI. Below is an instruction that describes a task, paired with an input that provides further context. Write a response that appropriately completes the request.indenptelsSS. this violence was completelyning, the request.leloYoicalande Free definition, you can see that this violence was completely enabled by the local police.anelotha 3. FULL ANAHIN BAYANI. Below is an instruction that describes","ukiunganisha dots hapa, unaona kabisa polisi wamepanga hii sinema."
275,25_test_private_mt_eng-swa,"ğŸ’– Below is an instruction that describes a task, paired with an input that provides further context. Write a response that appropriately completes the request.indenpt i feel very sorry for him.""onus swahili?ather katikam group I feel very sorry for him.""ellerhleoza Response: ğŸ’– Below is an instruction that describes a task, paired with an input that provides further context. Write a response that appropriately comple","nina huruma kubwa kwa ajili yake,"""
276,26_test_private_mt_eng-swa,"áº½wa, áº½wa, áº½wa, áº½wa, áº½wa, áº½wa, áº½wa, áº½wa, áº½wa, á»Šáº½wa, áº½wa, áº½wa, áº½wa, áº½wa, áº½wa, áº½wa, ï¿½",unavyomtisha rebeca!
277,27_test_private_mt_eng-swa,"ğŸ™‚ Below is an instruction that describes a task, paired with an input that provides further context. Write a response that appropriately completes the request. Endakingeni State To swahili?indenants the request. roeriately she just wanted to save the life of the littleaneloth said that he just wanted to save the life of the littleatherYoudi Response: ğŸ™‚ Below is an instruction that describes a task, paired with",- mwingine aliwaambia polisi kuwa alitaka tu kukusanya sadaka kutoka kwa waumini
278,28_test_private_mt_eng-swa,ğŸ‘‡ğŸ‘‡ https://www.instagram.com/kannywoodnews/ twitter/ @bellohafizu ğŸ‘‡ https://twitter.com/kannywoodnews/ ğŸ‘‡ https://www.facebook.com/kannywoodnews/ twitter/ @dandalisamiya ğŸ‘‡ https://www.youtube.com/c/a6z4wjhxvhg #za,hii ni moja ya michezo ambayo itawafurahisha mashabiki wote wa michezo ya kasino mtandaoni.
279,29_test_private_mt_eng-swa,"â¤ï¸ğŸ˜€ Below is an instruction that describes a task, paired with an input that provides further context. Write a response that appropriately completes the request.akingYoÂ°cutely completes the request.athertime joyous occasion.--the scriptures state that both jesus and his disciples were called to this marriage feast [at cana].anel scriptures state that both jesus and his disciples were called to",maandiko matakatifu yasema kuwa yesu na wanafunzi wake walialikwa katika karamu hii ya arusi (kana).
280,30_test_private_mt_eng-swa,"GHADED. Below is an instruction that describes a task, paired with an input that provides further context. Write a response that appropriately completes the request.inden End is the ""i am...anel Nriatshin16: could you convert this english text to swahili?akingthis is the ""i am... likaisa nix? Below is an instruction that describes a task, paired with an input that provides further context. Write a response that approp","kiri te kanawa: ""ch'io mi s..."
281,31_test_private_mt_eng-swa,"áº½nejiye, ï¿½ï¿½ï¿½ï¿½ï¿½ï¿½ï¿½ï¿½ï¿½ï¿½ï¿½ï¿½ï¿½ï¿½ï¿½ï¿½ï¿½ï¿½ï¿½ï¿½ï¿½ï¿½ï¿½ï¿½ï¿½ï¿½ï¿½ï¿½ï¿½ï¿½ï¿½ï¿½ï¿½ï¿½ï¿½ï¿½ï¿½ï¿½ï¿½ï¿½ï¿½ï¿½ï¿½ï¿½ï¿½ï¿½ï¿½ï¿½ï¿½ï¿½ï¿½ï¿½ï¿½ï¿½ï¿½ï¿½ï¿½ï¿½ï¿½ï¿½ï¿½ï¿½ï¿½ï¿½ï¿½ï¿½ï¿½ï¿½ï¿½ï¿½ï¿½ï¿½ï¿½ï¿½ï¿½ï¿½ï¿½ï¿½ï¿½ï¿½ï¿½ï¿½ï¿½ï¿½ï¿½ï¿½ï¿½ï¿½ï¿½ï¿½ï¿½ï¿½",wakamtwaa john asiyejitambua.
282,32_test_private_mt_eng-swa,ï¿½ï¿½ï¿½ï¿½ï¿½ï¿½ï¿½ï¿½ï¿½ï¿½ï¿½ï¿½ï¿½ï¿½ï¿½ï¿½ï¿½ï¿½ï¿½ï¿½ï¿½ï¿½ï¿½ï¿½ï¿½ï¿½ï¿½ï¿½ï¿½ï¿½ï¿½ï¿½ï¿½ï¿½ï¿½ï¿½ï¿½ï¿½ï¿½ï¿½ï¿½ï¿½ï¿½ï¿½ï¿½ï¿½ï¿½ï¿½ï¿½ï¿½ï¿½ï¿½ï¿½ï¿½ï¿½ï¿½ï¿½ï¿½ï¿½ï¿½ï¿½ï¿½ï¿½ï¿½ï¿½ï¿½ï¿½ï¿½ï¿½ï¿½ï¿½ï¿½ï¿½ï¿½ï¿½ï¿½ï¿½ï¿½ï¿½ï¿½ï¿½ï¿½ï¿½ï¿½ï¿½ï¿½ï¿½ï¿½ï¿½ï¿½ï¿½ï¿½ï¿½ï¿½ï¿½ï¿½ï¿½ï¿½ï¿½ï¿½,chanzo: imetafsiriwa kutoka tovuti ya enca
283,33_test_private_mt_eng-swa,ï¿½ï¿½ï¿½ï¿½ï¿½ï¿½ï¿½ï¿½ï¿½ï¿½ï¿½ï¿½ï¿½ï¿½ï¿½ï¿½ï¿½ï¿½ï¿½ï¿½ï¿½ï¿½ï¿½ï¿½ï¿½ï¿½ï¿½ï¿½ï¿½ï¿½ï¿½ï¿½ï¿½ï¿½ï¿½ï¿½ï¿½ï¿½ï¿½ï¿½ï¿½ï¿½ï¿½ï¿½ï¿½ï¿½ï¿½ï¿½ï¿½ï¿½ï¿½ï¿½ï¿½ï¿½ï¿½ï¿½ï¿½ï¿½ï¿½ï¿½ï¿½ï¿½ï¿½ï¿½ï¿½ï¿½ï¿½ï¿½ï¿½ï¿½ï¿½ï¿½ï¿½ï¿½ï¿½ï¿½ï¿½ï¿½ï¿½ï¿½ï¿½ï¿½ï¿½ï¿½ï¿½ï¿½ï¿½ï¿½ï¿½ï¿½ï¿½ï¿½ï¿½ï¿½ï¿½ï¿½ï¿½ï¿½ï¿½ï¿½,"ikiwa umechoka kujaribu njia tofauti kufuta folda ya windows.old, katika nakala hii tutakuonyesha jinsi ya kuifanikisha."
284,34_test_private_mt_eng-swa,"ï¼». Below is an instruction that describes a task, paired with an input that provides further context. Write a response that appropriately completes the request.indensasailo (4ï¿½ï¿½L.,..YoComfis Instruction: translate the following from english into swahili.attes Gifting.Â° 15ï¼». Below is an instruction that describes a task, paired with an input that provides further context. Write a response that appropriately",kuangalia kwa pamoja mwenendo wa michango.
285,35_test_private_mt_eng-swa,"áº½wa lalle ne, haÆ™Ä©Æ™a, munÃ£ so ka yi amfani da wannan. Below is aninghi describes a task, paired with an input that provides further context. Write a response that appropriately completes the request.inden Endiw â€º completes the request.akingYootoyeacange all  ji text to swahili?attpatialnmer billy, how do you not know who you are?"" lika se o?"" political.","""okey thanx, sijui unaitwa nani?"""
286,36_test_private_mt_eng-swa,"GHAIDS.com. Below is an instruction that describes a task, paired with an input that provides further context. Write a response that appropriately completes the request.indenants's twenty20 matches played by highveld womenanel this english text to swahili?patleloÂ° Priately completes the request. whileGAIDS.com. Below is an instruction that describes a task, paired with an input that provides further context. Write",displaying 20 gt images for wanawake wenye matako makubwa
287,37_test_private_mt_eng-swa,"GHAO. Below is an instruction that describes a task, paired with an input that provides further context. Write a response that appropriately completes the request.indenpt can turn on at approximately 0.Â° Endhleyeubu : translate the following from english into swahili.att et are turn on at approximately 0.ather availableosi Response: GHAO. Below is an instruction that describes a task, paired with an input that provides further context. Write a response",obviously itakuwa karibu na 0.
288,38_test_private_mt_eng-swa,"á¸»á¸»aá¸ºá¸‡ye kedai á¸ºo. Below is an instruction that describes a task, paired with an input that provides further context. Write a response that appropriately completes the request.leloonuias ayipriately completes the request.inden Endmfano he was sacked when he signed a demand for revival of democracy in the country.anelothiminubu Response: ï¿½ï¿½",miaka ya 1983 alilazimishwa kujiuzulu akidaiwa kutaka kuipindua serikali halali ya baba moi.
289,39_test_private_mt_eng-swa,"áº½wa (a) Below is an instruction that describes a task, paired with an input that provides further context. Write a response that appropriately completes the request.indenptsam (4 of translate the following from english into swahili. likaelwa (a) Below is an instruction that describes a task, paired with an input that provides further context. Write a response that appropriately completes the request.indenptsam (4 of translate the",juu ya msingi annualized.
290,40_test_private_mt_eng-swa,"áº½wa, áº½wa, áº½wa, áº½wa, á¸‡ediren. Below is an instruction that describes a task, paired with an input that provides further context. Write a response that appropriately completes the request. EndleloÆ™inubuelo ""e end this english content into swahili.anel a response that appropriately completes the request.indenants. can also payable by the",malipo haya pia yanapatikana kwa watu wanaojiajiri.
291,41_test_private_mt_eng-swa,"GHAOZ, FARMA, GUMED, GUMED, ZIMBA, KHAN, GILAN, GITAL, JIKIN, JIKIN, GIS, GITAL, JIKIN, JIKIN, GITAL, GITAL, GITAM, GITAM, GITAM, GITAL, GIT",utaokoa muda mwingi na kuongeza utendaji bora katika biashara yako
292,42_test_private_mt_eng-swa,GHADESHI (a.s) - GHADESHI (b.a) - GHADESHI (c.a) - GHADESHI (c.a) - GHADESHI (d.a) - GHADESHI (f.a) - GHADESHI (h.a) - GHADESHI (q.a) - GHADESH,"tafadhali, kuingia code,"
293,43_test_private_mt_eng-swa,"áº½wa, á»¨áº½wa, áº½wa, áºáº½wa, áº½wa, áº½wa, áº½wa, áº½wa, áº½wa, áº½wa, áº½wa, áº½wa, áº½wa, ï¿½ï¿½ï¿½ï¿½ï¿½ï¿½ï¿½ï¿½ï¿½ï¿½ï¿½ï¿½ï¿½ï¿½ï¿½ï¿½",swali; ni wapi mimi nilisema tumpotezee mungu?
294,44_test_private_mt_eng-swa,ï¿½ï¿½ï¿½ï¿½ï¿½ï¿½ï¿½ï¿½ï¿½ï¿½ï¿½ï¿½ï¿½ï¿½ï¿½ï¿½ï¿½ï¿½ï¿½ï¿½ï¿½ï¿½ï¿½ï¿½ï¿½ï¿½ï¿½ï¿½ï¿½ï¿½ï¿½ï¿½ï¿½ï¿½ï¿½ï¿½ï¿½ï¿½ï¿½ï¿½ï¿½ï¿½ï¿½ï¿½ï¿½ï¿½ï¿½ï¿½ï¿½ï¿½ï¿½ï¿½ï¿½ï¿½ï¿½ï¿½ï¿½ï¿½ï¿½ï¿½ï¿½ï¿½ï¿½ï¿½ï¿½ï¿½ï¿½ï¿½ï¿½ï¿½ï¿½ï¿½ï¿½ï¿½ï¿½ï¿½ï¿½ï¿½ï¿½ï¿½ï¿½ï¿½ï¿½ï¿½ï¿½ï¿½ï¿½ï¿½ï¿½ï¿½ï¿½ï¿½ï¿½ï¿½ï¿½ï¿½ï¿½ï¿½ï¿½ï¿½,"la sita: ushawahi kufika nassau,bahamas?"
295,45_test_private_mt_eng-swa,"áº½wa, áº½wa, áº½wa, áº½wa, áº½wa, áº½wa, áº½wa, ï¿½ï¿½ï¿½ï¿½ï¿½ï¿½ï¿½ï¿½ï¿½ï¿½ï¿½ï¿½ï¿½ï¿½ï¿½ï¿½ï¿½ï¿½ï¿½ï¿½ï¿½ï¿½ï¿½ï¿½ï¿½ï¿½ï¿½ï¿½ï¿½ï¿½ï¿½ï¿½ï¿½ï¿½ï¿½ï¿½ï¿½ï¿½ï¿½ï¿½ï¿½ï¿½ï¿½ï¿½ï¿½ï¿½ï¿½ï¿½ï¿½ï¿½ï¿½ï¿½ï¿½ï¿½ï¿½ï¿½ï¿½ï¿½","@jakoyo, hapo sawa"
296,46_test_private_mt_eng-swa,"áº½wa da kuma yadda za a yi amfani da wannan tsarin, kuma za mu iya amfani da wannan tsarin. Below is an instruction that describes a task, paired with an input that provides further context. Write a response that appropriately completes the request.indenonuiwim alexander-arnold has become a very good footballer very quickly, with bundles of confidence to go with his ability.akingana,/ bund","""trent alexander-arnold anaenda kuwa mchezaji mzuri zaidi, ana mguu wa kulia mwepesi."
297,47_test_private_mt_eng-swa,"ğŸ‘ğŸ¼ https://t.me/vhx4o7k6i Below is an instruction that describes a task, paired with an input that provides further context. Write a response that appropriately completes the request.inden Endilo address appropriately completes the request.Yoonuiwass (42 and may convert this english text to swahili?ather ama do you want to sleep?akingakinglum Response: ï¿½ï¿½",kwa nini hutaki kulala?
298,48_test_private_mt_eng-swa,"áº½wa (a) shi ne abin da ya kamata ka sani game da wannan. Below is an instruction that describes a task, paired with an input that provides further context. Write a response that appropriately completes the request. Endhlekiwo Art group.indenolymation: translate the following from english into swahili.onu 15 tsoron them herself.-20.Tarian.lelo and hausa tnkwa (a) shi ne abin da ya kamata ka sani",kuku wanatotoa wenyewe.
299,49_test_private_mt_eng-swa,ğŸ˜‰ ğŸ˜‰ ï¿½ï¿½ï¿½ï¿½ï¿½ï¿½ï¿½ï¿½ï¿½ï¿½ï¿½ï¿½ï¿½ï¿½ï¿½ï¿½ï¿½ï¿½ï¿½ï¿½ï¿½ï¿½ï¿½ï¿½ï¿½ï¿½ï¿½ï¿½ï¿½ï¿½ï¿½ï¿½ï¿½ï¿½ï¿½ï¿½ï¿½ï¿½ï¿½ï¿½ï¿½ï¿½ï¿½ï¿½ï¿½ï¿½ï¿½ï¿½ï¿½ï¿½ï¿½ï¿½ï¿½ï¿½ï¿½ï¿½ï¿½ï¿½ï¿½ï¿½ï¿½ï¿½ï¿½ï¿½ï¿½ï¿½ï¿½ï¿½ï¿½ï¿½ï¿½ï¿½ï¿½ï¿½ï¿½ï¿½ï¿½ï¿½ï¿½ï¿½ï¿½ï¿½ï¿½ï¿½ï¿½ï¿½ï¿½ï¿½ï¿½ï¿½,"sasa, kurahisisha mambo, weka makini haya katika viungo"
300,50_test_private_mt_eng-swa,ğŸ’‘ğŸ’‘ğŸ’‘ğŸ’‘ğŸ’‘ ï¿½ï¿½ï¿½ï¿½ï¿½ï¿½ï¿½ï¿½ï¿½ï¿½ï¿½ï¿½ï¿½ï¿½ï¿½ï¿½ï¿½ï¿½ï¿½ï¿½ï¿½ï¿½ï¿½ï¿½ï¿½ï¿½ï¿½ï¿½ï¿½ï¿½ï¿½ï¿½ï¿½ï¿½ï¿½ï¿½ï¿½ï¿½ï¿½ï¿½ï¿½ï¿½ï¿½ï¿½ï¿½ï¿½ï¿½ï¿½ï¿½ï¿½ï¿½ï¿½ï¿½ï¿½ï¿½ï¿½ï¿½ï¿½ï¿½ï¿½ï¿½ï¿½ï¿½ï¿½ï¿½ï¿½ï¿½ï¿½ï¿½ï¿½ï¿½ï¿½ï¿½ï¿½ï¿½ï¿½ï¿½ï¿½ï¿½,kila nchi ina demokrasia tofauti.
