,ID,Response,Targets
0,ID_f3c74c7b_sentiment_test__hausa,1,Tsaka-tsaki
1,ID_aad19dbf_sentiment_test__hausa,1,Kyakkyawa
2,ID_885caf5c_sentiment_test__hausa,1,Korau
3,ID_7b906b9a_sentiment_test__hausa,1,Kyakkyawa
4,ID_e7cee9ee_sentiment_test__hausa,1,Kyakkyawa
5,ID_c7dc56cb_sentiment_test__hausa,1,Tsaka-tsaki
6,ID_4b6adc9c_sentiment_test__hausa,1,Korau
7,ID_33052866_sentiment_test__hausa,1,Tsaka-tsaki
8,ID_cf957b31_sentiment_test__hausa,1,Tsaka-tsaki
9,ID_6c19468d_sentiment_test__hausa,1,Korau
10,ID_381bf6ea_sentiment_test__hausa,1,Korau
11,ID_f515148a_sentiment_test__hausa,1,Korau
12,ID_6104a57f_sentiment_test__hausa,1,Kyakkyawa
13,ID_a3123ee2_sentiment_test__hausa,1,Korau
14,ID_38a28112_sentiment_test__hausa,1,Tsaka-tsaki
15,ID_b37e82b6_sentiment_test__hausa,1,Kyakkyawa
16,ID_a9d6ce2d_sentiment_test__hausa,1,Korau
17,ID_e62697f5_sentiment_test__hausa,1,Korau
18,ID_681a9d1f_sentiment_test__hausa,1,Kyakkyawa
19,ID_fbde5c73_sentiment_test__hausa,1,Korau
20,ID_14d3268a_sentiment_test__hausa,1,Korau
21,ID_d0b661ef_sentiment_test__hausa,1,Kyakkyawa
22,ID_efd01523_sentiment_test__hausa,1,Kyakkyawa
23,ID_0af16a72_sentiment_test__hausa,1,Tsaka-tsaki
24,ID_b9057caa_sentiment_test__hausa,1,Kyakkyawa
25,ID_468f8671_sentiment_test__hausa,1,Korau
26,ID_e6f000ee_sentiment_test__hausa,1,Kyakkyawa
27,ID_9f56765d_sentiment_test__hausa,1,Kyakkyawa
28,ID_173a5024_sentiment_test__hausa,1,Tsaka-tsaki
29,ID_e7a45cb4_sentiment_test__hausa,1,Tsaka-tsaki
30,ID_e7e6587c_sentiment_test__hausa,1,Tsaka-tsaki
31,ID_18634de3_sentiment_test__hausa,1,Kyakkyawa
32,ID_c90d4a24_sentiment_test__hausa,1,Tsaka-tsaki
33,ID_fb3709b8_sentiment_test__hausa,1,Kyakkyawa
34,ID_4fca7ce4_sentiment_test__hausa,1,Tsaka-tsaki
35,ID_34ba7a09_sentiment_test__hausa,1,Kyakkyawa
36,ID_6cf9c253_sentiment_test__hausa,1,Tsaka-tsaki
37,ID_f2a85ff3_sentiment_test__hausa,1,Kyakkyawa
38,ID_5bc7b79b_sentiment_test__hausa,1,Kyakkyawa
39,ID_a3c6b4f3_sentiment_test__hausa,1,Korau
40,ID_b5581ce7_sentiment_test__hausa,1,Kyakkyawa
41,ID_006f2c04_sentiment_test__hausa,1,Korau
42,ID_b1983862_sentiment_test__hausa,1,Korau
43,ID_eb7a6010_sentiment_test__hausa,1,Korau
44,ID_8510254b_sentiment_test__hausa,1,Tsaka-tsaki
45,ID_6188460e_sentiment_test__hausa,1,Kyakkyawa
46,ID_2f73e632_sentiment_test__hausa,1,Tsaka-tsaki
47,ID_405b1779_sentiment_test__hausa,1,Korau
48,ID_c11386c1_sentiment_test__hausa,1,Kyakkyawa
49,ID_b9d2738a_sentiment_test__hausa,1,Korau
50,ID_0097c0a9_sentiment_test__hausa,1,Korau
51,ID_1383b56a_sentiment_test__hausa,1,Kyakkyawa
52,ID_448335eb_sentiment_test__hausa,1,Kyakkyawa
53,ID_5b6cbf77_sentiment_test__hausa,1,Kyakkyawa
54,ID_8267d453_sentiment_test__hausa,1,Kyakkyawa
55,ID_85e4709e_sentiment_test__hausa,1,Kyakkyawa
56,ID_d4fb37ab_sentiment_test__hausa,1,Kyakkyawa
57,ID_975b6fad_sentiment_test__hausa,1,Korau
58,ID_a5e55896_sentiment_test__hausa,1,Tsaka-tsaki
59,ID_7325df36_sentiment_test__hausa,1,Tsaka-tsaki
60,ID_817a3782_sentiment_test__hausa,1,Korau
61,ID_4134727d_sentiment_test__hausa,1,Tsaka-tsaki
62,ID_7f633c23_sentiment_test__hausa,1,Tsaka-tsaki
63,ID_f6510b2f_sentiment_test__hausa,1,Tsaka-tsaki
64,ID_094f027e_sentiment_test__hausa,1,Kyakkyawa
65,ID_b98063fa_sentiment_test__hausa,1,Kyakkyawa
66,ID_a02f39e4_sentiment_test__hausa,1,Tsaka-tsaki
67,ID_1837ba5d_sentiment_test__hausa,1,Kyakkyawa
68,ID_4a17dae0_sentiment_test__hausa,1,Tsaka-tsaki
69,ID_f665b316_sentiment_test__hausa,1,Korau
70,ID_3d6cc898_sentiment_test__hausa,1,Kyakkyawa
71,ID_531a9bf0_sentiment_test__hausa,1,Tsaka-tsaki
72,ID_9855e7d7_sentiment_test__hausa,1,Korau
73,ID_8888336b_sentiment_test__hausa,1,Korau
74,ID_5199efee_sentiment_test__hausa,1,Tsaka-tsaki
75,ID_93954b30_sentiment_test__hausa,1,Korau
76,ID_57d1979b_sentiment_test__hausa,1,Korau
77,ID_a8573b5e_sentiment_test__hausa,1,Kyakkyawa
78,ID_f5ab689e_sentiment_test__hausa,1,Tsaka-tsaki
79,ID_039c5395_sentiment_test__hausa,1,Tsaka-tsaki
80,ID_35e4690d_sentiment_test__hausa,1,Tsaka-tsaki
81,ID_fdbe9b6c_sentiment_test__hausa,1,Kyakkyawa
82,ID_8898bd7f_sentiment_test__hausa,1,Kyakkyawa
83,ID_e3cd996c_sentiment_test__hausa,1,Korau
84,ID_16f75e55_sentiment_test__hausa,1,Kyakkyawa
85,ID_d5401e58_sentiment_test__hausa,1,Tsaka-tsaki
86,ID_1af2b09b_sentiment_test__hausa,1,Tsaka-tsaki
87,ID_2a54a80a_sentiment_test__hausa,1,Tsaka-tsaki
88,ID_dd5c1684_sentiment_test__hausa,1,Korau
89,ID_2b989f6d_sentiment_test__hausa,1,Korau
90,ID_336702f2_sentiment_test__hausa,1,Kyakkyawa
91,ID_ccd75be2_sentiment_test__hausa,1,Korau
92,ID_e842978a_sentiment_test__hausa,1,Tsaka-tsaki
93,ID_3458d0da_sentiment_test__hausa,1,Kyakkyawa
94,ID_47503dde_sentiment_test__hausa,1,Kyakkyawa
95,ID_f9e84767_sentiment_test__hausa,1,Tsaka-tsaki
96,ID_5e5b06e1_sentiment_test__hausa,1,Tsaka-tsaki
97,ID_a95c4eda_sentiment_test__hausa,1,Tsaka-tsaki
98,ID_c3eb5891_sentiment_test__hausa,1,Kyakkyawa
99,ID_e477521e_sentiment_test__hausa,1,Kyakkyawa
100,ID_a5e55896_sentiment_test__swahili,1,Chanya
101,ID_93954b30_sentiment_test__swahili,1,Wastani
102,ID_e842978a_sentiment_test__swahili,1,Chanya
103,ID_e7a45cb4_sentiment_test__swahili,1,Wastani
104,ID_35e4690d_sentiment_test__swahili,1,Wastani
105,ID_0097c0a9_sentiment_test__swahili,1,Wastani
106,ID_eb7a6010_sentiment_test__swahili,1,Wastani
107,ID_a8573b5e_sentiment_test__swahili,1,Chanya
108,ID_8510254b_sentiment_test__swahili,1,Hasi
109,ID_ccd75be2_sentiment_test__swahili,1,Wastani
110,ID_7b906b9a_sentiment_test__swahili,1,Wastani
111,ID_006f2c04_sentiment_test__swahili,1,Wastani
112,ID_fdbe9b6c_sentiment_test__swahili,1,Wastani
113,ID_c11386c1_sentiment_test__swahili,1,Hasi
114,ID_5199efee_sentiment_test__swahili,1,Wastani
115,ID_2b989f6d_sentiment_test__swahili,1,Wastani
116,ID_18634de3_sentiment_test__swahili,1,Wastani
117,ID_448335eb_sentiment_test__swahili,1,Chanya
118,ID_7f633c23_sentiment_test__swahili,1,Wastani
119,ID_1837ba5d_sentiment_test__swahili,1,Wastani
120,ID_6cf9c253_sentiment_test__swahili,1,Wastani
121,ID_039c5395_sentiment_test__swahili,1,Chanya
122,ID_f9e84767_sentiment_test__swahili,1,Wastani
123,ID_531a9bf0_sentiment_test__swahili,1,Wastani
124,ID_efd01523_sentiment_test__swahili,1,Wastani
125,ID_a9d6ce2d_sentiment_test__swahili,1,Wastani
126,ID_8888336b_sentiment_test__swahili,1,Wastani
127,ID_173a5024_sentiment_test__swahili,1,Wastani
128,ID_e62697f5_sentiment_test__swahili,1,Wastani
129,ID_3d6cc898_sentiment_test__swahili,1,Wastani
130,ID_d4fb37ab_sentiment_test__swahili,1,Chanya
131,ID_405b1779_sentiment_test__swahili,1,Wastani
132,ID_1af2b09b_sentiment_test__swahili,1,Chanya
133,ID_c7dc56cb_sentiment_test__swahili,1,Chanya
134,ID_14d3268a_sentiment_test__swahili,1,Wastani
135,ID_16f75e55_sentiment_test__swahili,1,Wastani
136,ID_b98063fa_sentiment_test__swahili,1,Chanya
137,ID_f665b316_sentiment_test__swahili,1,Hasi
138,ID_2f73e632_sentiment_test__swahili,1,Chanya
139,ID_468f8671_sentiment_test__swahili,1,Wastani
140,ID_817a3782_sentiment_test__swahili,1,Chanya
141,ID_aad19dbf_sentiment_test__swahili,1,Wastani
142,ID_f6510b2f_sentiment_test__swahili,1,Hasi
143,ID_2a54a80a_sentiment_test__swahili,1,Hasi
144,ID_33052866_sentiment_test__swahili,1,Wastani
145,ID_9855e7d7_sentiment_test__swahili,1,Wastani
146,ID_336702f2_sentiment_test__swahili,1,Chanya
147,ID_c90d4a24_sentiment_test__swahili,1,Hasi
148,ID_094f027e_sentiment_test__swahili,1,Wastani
149,ID_e7e6587c_sentiment_test__swahili,1,Wastani
150,ID_8267d453_sentiment_test__swahili,1,Wastani
151,ID_e477521e_sentiment_test__swahili,1,Wastani
152,ID_a3c6b4f3_sentiment_test__swahili,1,Hasi
153,ID_9f56765d_sentiment_test__swahili,1,Chanya
154,ID_885caf5c_sentiment_test__swahili,1,Chanya
155,ID_5e5b06e1_sentiment_test__swahili,1,Wastani
156,ID_38a28112_sentiment_test__swahili,1,Chanya
157,ID_3458d0da_sentiment_test__swahili,1,Chanya
158,ID_34ba7a09_sentiment_test__swahili,1,Chanya
159,ID_e3cd996c_sentiment_test__swahili,1,Wastani
160,ID_4fca7ce4_sentiment_test__swahili,1,Wastani
161,ID_fbde5c73_sentiment_test__swahili,1,Wastani
162,ID_b37e82b6_sentiment_test__swahili,1,Chanya
163,ID_f5ab689e_sentiment_test__swahili,1,Wastani
164,ID_381bf6ea_sentiment_test__swahili,1,Wastani
165,ID_fb3709b8_sentiment_test__swahili,1,Wastani
166,ID_cf957b31_sentiment_test__swahili,1,Wastani
167,ID_975b6fad_sentiment_test__swahili,1,Chanya
168,ID_e6f000ee_sentiment_test__swahili,1,Hasi
169,ID_57d1979b_sentiment_test__swahili,1,Wastani
170,ID_4a17dae0_sentiment_test__swahili,1,Chanya
171,ID_d0b661ef_sentiment_test__swahili,1,Wastani
172,ID_d5401e58_sentiment_test__swahili,1,Wastani
173,ID_a95c4eda_sentiment_test__swahili,1,Wastani
174,ID_8898bd7f_sentiment_test__swahili,1,Chanya
175,ID_b1983862_sentiment_test__swahili,1,Hasi
176,ID_681a9d1f_sentiment_test__swahili,1,Wastani
177,ID_5b6cbf77_sentiment_test__swahili,1,Chanya
178,ID_6104a57f_sentiment_test__swahili,1,Chanya
179,ID_7325df36_sentiment_test__swahili,1,Wastani
180,ID_f3c74c7b_sentiment_test__swahili,1,Wastani
181,ID_5bc7b79b_sentiment_test__swahili,1,Wastani
182,ID_f515148a_sentiment_test__swahili,1,Chanya
183,ID_f2a85ff3_sentiment_test__swahili,1,Chanya
184,ID_b9057caa_sentiment_test__swahili,1,Wastani
185,ID_dd5c1684_sentiment_test__swahili,1,Chanya
186,ID_4134727d_sentiment_test__swahili,1,Chanya
187,ID_a3123ee2_sentiment_test__swahili,1,Hasi
188,ID_b9d2738a_sentiment_test__swahili,1,Wastani
189,ID_a02f39e4_sentiment_test__swahili,1,Chanya
190,ID_85e4709e_sentiment_test__swahili,1,Chanya
191,ID_1383b56a_sentiment_test__swahili,1,Chanya
192,ID_c3eb5891_sentiment_test__swahili,1,Wastani
193,ID_6188460e_sentiment_test__swahili,1,Chanya
194,ID_6c19468d_sentiment_test__swahili,1,Chanya
195,ID_e7cee9ee_sentiment_test__swahili,1,Hasi
196,ID_b5581ce7_sentiment_test__swahili,1,Wastani
197,ID_4b6adc9c_sentiment_test__swahili,1,Wastani
198,ID_0af16a72_sentiment_test__swahili,1,Chanya
199,ID_47503dde_sentiment_test__swahili,1,Hasi
200,ID_f373d29e_test__afrixnli_hau,1,0
201,ID_31e0a793_test__afrixnli_hau,1,1
202,ID_c1c6ab23_test__afrixnli_hau,1,0
203,ID_3a1e7f50_test__afrixnli_hau,1,0
204,ID_3cff9f76_test__afrixnli_hau,1,1
205,ID_cace949a_test__afrixnli_hau,1,0
206,ID_404bc9af_test__afrixnli_hau,1,1
207,ID_62bbb942_test__afrixnli_hau,1,2
208,ID_147843ab_test__afrixnli_hau,1,0
209,ID_17fd196f_test__afrixnli_hau,1,1
210,ID_68ec0cdf_test__afrixnli_hau,1,2
211,ID_d0c656a2_test__afrixnli_hau,1,2
212,ID_b4fb76b1_test__afrixnli_hau,1,1
213,ID_b48a3fe4_test__afrixnli_hau,1,2
214,ID_fb3c5b03_test__afrixnli_hau,1,1
215,ID_5ccbc572_test__afrixnli_hau,1,1
216,ID_68a2cb6d_test__afrixnli_hau,1,0
217,ID_c5cd0ede_test__afrixnli_hau,1,2
218,ID_7fce5a5a_test__afrixnli_hau,1,2
219,ID_7a799ab2_test__afrixnli_hau,1,0
220,ID_5116b13a_test__afrixnli_hau,1,0
221,ID_ab62f869_test__afrixnli_hau,1,0
222,ID_a808749a_test__afrixnli_hau,1,1
223,ID_a399ed32_test__afrixnli_hau,1,1
224,ID_32272356_test__afrixnli_hau,1,1
225,ID_c357edd2_test__afrixnli_hau,1,1
226,ID_e8757270_test__afrixnli_hau,1,0
227,ID_80895d44_test__afrixnli_hau,1,2
228,ID_4415c762_test__afrixnli_hau,1,1
229,ID_eddf1c2a_test__afrixnli_hau,1,0
230,ID_612a0927_test__afrixnli_hau,1,2
231,ID_7c50e6c5_test__afrixnli_hau,1,1
232,ID_d16a3a7c_test__afrixnli_hau,1,1
233,ID_545a344d_test__afrixnli_hau,1,1
234,ID_53c8d561_test__afrixnli_hau,1,1
235,ID_9345c509_test__afrixnli_hau,1,0
236,ID_a4f08414_test__afrixnli_hau,1,1
237,ID_f7a69cdc_test__afrixnli_hau,1,1
238,ID_9a4c0e0c_test__afrixnli_hau,1,0
239,ID_670f58f9_test__afrixnli_hau,1,1
240,ID_4530d49c_test__afrixnli_hau,1,2
241,ID_64f25015_test__afrixnli_hau,1,1
242,ID_0e1e5321_test__afrixnli_hau,1,0
243,ID_9e72f2bb_test__afrixnli_hau,1,1
244,ID_382a0eb8_test__afrixnli_hau,1,0
245,ID_e7b69bc2_test__afrixnli_hau,1,0
246,ID_83b30721_test__afrixnli_hau,1,2
247,ID_51121ab3_test__afrixnli_hau,1,1
248,ID_c5dae825_test__afrixnli_hau,1,0
249,ID_d03fb1d4_test__afrixnli_hau,1,2
250,ID_ebc4aeae_test__afrixnli_hau,1,2
251,ID_44e79e5f_test__afrixnli_hau,1,1
252,ID_cf2e2849_test__afrixnli_hau,1,0
253,ID_d4caacd7_test__afrixnli_hau,1,0
254,ID_33962fe9_test__afrixnli_hau,1,2
255,ID_6b4f0b2f_test__afrixnli_hau,1,1
256,ID_728f5b40_test__afrixnli_hau,1,2
257,ID_0ca38c50_test__afrixnli_hau,1,1
258,ID_8d0fbaf3_test__afrixnli_hau,1,1
259,ID_463f4396_test__afrixnli_hau,1,2
260,ID_cad07e7f_test__afrixnli_hau,1,1
261,ID_d50b5472_test__afrixnli_hau,1,2
262,ID_3dacebb3_test__afrixnli_hau,1,2
263,ID_33108dd9_test__afrixnli_hau,1,0
264,ID_631c3eb9_test__afrixnli_hau,1,0
265,ID_c818b969_test__afrixnli_hau,1,2
266,ID_c224a761_test__afrixnli_hau,1,2
267,ID_f8642da1_test__afrixnli_hau,1,0
268,ID_80cdefbb_test__afrixnli_hau,1,2
269,ID_1a1441fa_test__afrixnli_hau,1,1
270,ID_ad932303_test__afrixnli_hau,1,0
271,ID_5f5aa7b4_test__afrixnli_hau,1,1
272,ID_a1a90fcb_test__afrixnli_hau,1,0
273,ID_e0767a98_test__afrixnli_hau,1,2
274,ID_4b1e30f2_test__afrixnli_hau,1,2
275,ID_ec49f999_test__afrixnli_hau,1,2
276,ID_f7fcf73b_test__afrixnli_hau,1,2
277,ID_28570568_test__afrixnli_hau,1,0
278,ID_f0dd4ecd_test__afrixnli_hau,1,1
279,ID_606477e0_test__afrixnli_hau,1,2
280,ID_fdc33dbe_test__afrixnli_hau,1,0
281,ID_f965373c_test__afrixnli_hau,1,2
282,ID_1e5eedf6_test__afrixnli_hau,1,2
283,ID_dc74a5dd_test__afrixnli_hau,1,1
284,ID_7963af9d_test__afrixnli_hau,1,1
285,ID_53f87e15_test__afrixnli_hau,1,0
286,ID_388d3bd6_test__afrixnli_hau,1,0
287,ID_fae0e38a_test__afrixnli_hau,1,0
288,ID_711a1e8f_test__afrixnli_hau,1,1
289,ID_60f3e484_test__afrixnli_hau,1,2
290,ID_d137ffcb_test__afrixnli_hau,1,0
291,ID_d67e1afb_test__afrixnli_hau,1,2
292,ID_7fc2102e_test__afrixnli_hau,1,2
293,ID_dabfa336_test__afrixnli_hau,1,2
294,ID_31eb3181_test__afrixnli_hau,1,0
295,ID_b53cae46_test__afrixnli_hau,1,2
296,ID_2fcff0af_test__afrixnli_hau,1,0
297,ID_7f7fb68b_test__afrixnli_hau,1,2
298,ID_ad838acf_test__afrixnli_hau,1,1
299,ID_9f28a032_test__afrixnli_hau,1,0
300,ID_8d0fbaf3_test__afrixnli_swa,1,1
301,ID_ec49f999_test__afrixnli_swa,1,2
302,ID_7fc2102e_test__afrixnli_swa,1,2
303,ID_eddf1c2a_test__afrixnli_swa,1,0
304,ID_fdc33dbe_test__afrixnli_swa,1,0
305,ID_ebc4aeae_test__afrixnli_swa,1,2
306,ID_9e72f2bb_test__afrixnli_swa,1,1
307,ID_28570568_test__afrixnli_swa,1,0
308,ID_382a0eb8_test__afrixnli_swa,1,0
309,ID_d67e1afb_test__afrixnli_swa,1,2
310,ID_3a1e7f50_test__afrixnli_swa,1,0
311,ID_64f25015_test__afrixnli_swa,1,1
312,ID_f965373c_test__afrixnli_swa,1,2
313,ID_c5dae825_test__afrixnli_swa,1,0
314,ID_4b1e30f2_test__afrixnli_swa,1,2
315,ID_60f3e484_test__afrixnli_swa,1,2
316,ID_7c50e6c5_test__afrixnli_swa,1,1
317,ID_cf2e2849_test__afrixnli_swa,1,0
318,ID_3dacebb3_test__afrixnli_swa,1,2
319,ID_f8642da1_test__afrixnli_swa,1,0
320,ID_a4f08414_test__afrixnli_swa,1,1
321,ID_606477e0_test__afrixnli_swa,1,2
322,ID_b53cae46_test__afrixnli_swa,1,2
323,ID_5f5aa7b4_test__afrixnli_swa,1,1
324,ID_a808749a_test__afrixnli_swa,1,1
325,ID_68a2cb6d_test__afrixnli_swa,1,0
326,ID_e0767a98_test__afrixnli_swa,1,2
327,ID_4415c762_test__afrixnli_swa,1,1
328,ID_c5cd0ede_test__afrixnli_swa,1,2
329,ID_ad932303_test__afrixnli_swa,1,0
330,ID_728f5b40_test__afrixnli_swa,1,2
331,ID_51121ab3_test__afrixnli_swa,1,1
332,ID_388d3bd6_test__afrixnli_swa,1,0
333,ID_cace949a_test__afrixnli_swa,1,0
334,ID_5116b13a_test__afrixnli_swa,1,0
335,ID_7963af9d_test__afrixnli_swa,1,1
336,ID_c818b969_test__afrixnli_swa,1,2
337,ID_1a1441fa_test__afrixnli_swa,1,1
338,ID_83b30721_test__afrixnli_swa,1,2
339,ID_c357edd2_test__afrixnli_swa,1,1
340,ID_cad07e7f_test__afrixnli_swa,1,1
341,ID_31e0a793_test__afrixnli_swa,1,1
342,ID_33108dd9_test__afrixnli_swa,1,0
343,ID_fae0e38a_test__afrixnli_swa,1,0
344,ID_62bbb942_test__afrixnli_swa,1,2
345,ID_a1a90fcb_test__afrixnli_swa,1,0
346,ID_d137ffcb_test__afrixnli_swa,1,0
347,ID_d16a3a7c_test__afrixnli_swa,1,1
348,ID_631c3eb9_test__afrixnli_swa,1,0
349,ID_612a0927_test__afrixnli_swa,1,2
350,ID_33962fe9_test__afrixnli_swa,1,2
351,ID_9f28a032_test__afrixnli_swa,1,0
352,ID_670f58f9_test__afrixnli_swa,1,1
353,ID_80895d44_test__afrixnli_swa,1,2
354,ID_c1c6ab23_test__afrixnli_swa,1,0
355,ID_2fcff0af_test__afrixnli_swa,1,0
356,ID_fb3c5b03_test__afrixnli_swa,1,1
357,ID_dabfa336_test__afrixnli_swa,1,2
358,ID_9345c509_test__afrixnli_swa,1,0
359,ID_dc74a5dd_test__afrixnli_swa,1,1
360,ID_53c8d561_test__afrixnli_swa,1,1
361,ID_7a799ab2_test__afrixnli_swa,1,0
362,ID_5ccbc572_test__afrixnli_swa,1,1
363,ID_f0dd4ecd_test__afrixnli_swa,1,1
364,ID_68ec0cdf_test__afrixnli_swa,1,2
365,ID_545a344d_test__afrixnli_swa,1,1
366,ID_147843ab_test__afrixnli_swa,1,0
367,ID_0ca38c50_test__afrixnli_swa,1,1
368,ID_e8757270_test__afrixnli_swa,1,0
369,ID_f7fcf73b_test__afrixnli_swa,1,2
370,ID_80cdefbb_test__afrixnli_swa,1,2
371,ID_ab62f869_test__afrixnli_swa,1,0
372,ID_53f87e15_test__afrixnli_swa,1,0
373,ID_7f7fb68b_test__afrixnli_swa,1,2
374,ID_1e5eedf6_test__afrixnli_swa,1,2
375,ID_0e1e5321_test__afrixnli_swa,1,0
376,ID_7fce5a5a_test__afrixnli_swa,1,2
377,ID_d4caacd7_test__afrixnli_swa,1,0
378,ID_b4fb76b1_test__afrixnli_swa,1,1
379,ID_463f4396_test__afrixnli_swa,1,2
380,ID_f373d29e_test__afrixnli_swa,1,0
381,ID_9a4c0e0c_test__afrixnli_swa,1,0
382,ID_d0c656a2_test__afrixnli_swa,1,2
383,ID_f7a69cdc_test__afrixnli_swa,1,1
384,ID_32272356_test__afrixnli_swa,1,1
385,ID_711a1e8f_test__afrixnli_swa,1,1
386,ID_d50b5472_test__afrixnli_swa,1,2
387,ID_b48a3fe4_test__afrixnli_swa,1,2
388,ID_d03fb1d4_test__afrixnli_swa,1,2
389,ID_c224a761_test__afrixnli_swa,1,2
390,ID_6b4f0b2f_test__afrixnli_swa,1,1
391,ID_44e79e5f_test__afrixnli_swa,1,1
392,ID_ad838acf_test__afrixnli_swa,1,1
393,ID_e7b69bc2_test__afrixnli_swa,1,0
394,ID_17fd196f_test__afrixnli_swa,1,1
395,ID_3cff9f76_test__afrixnli_swa,1,1
396,ID_4530d49c_test__afrixnli_swa,1,2
397,ID_404bc9af_test__afrixnli_swa,1,1
398,ID_a399ed32_test__afrixnli_swa,1,1
399,ID_31eb3181_test__afrixnli_swa,1,0
400,ID_290c7da3_test__mt_eng-hau,ï¿½ï¿½ï¿½ï¿½ï¿½ï¿½ï¿½ï¿½ï¿½ï¿½ï¿½ï¿½ï¿½ï¿½ï¿½ï¿½ï¿½ï¿½ï¿½ï¿½ï¿½ï¿½ï¿½ï¿½ï¿½ï¿½ï¿½ï¿½ï¿½ï¿½ï¿½ï¿½ï¿½ï¿½ï¿½ï¿½ï¿½ï¿½ï¿½ï¿½ï¿½ï¿½ï¿½ï¿½ï¿½ï¿½ï¿½ï¿½ï¿½ï¿½ï¿½ï¿½ï¿½ï¿½ï¿½ï¿½ï¿½ï¿½ï¿½ï¿½ï¿½ï¿½ï¿½ï¿½ï¿½ï¿½ï¿½ï¿½ï¿½ï¿½ï¿½ï¿½ï¿½ï¿½ï¿½ï¿½ï¿½ï¿½ï¿½ï¿½ï¿½ï¿½ï¿½ï¿½ï¿½ï¿½ï¿½ï¿½ï¿½ï¿½ï¿½ï¿½ï¿½ï¿½ï¿½ï¿½ï¿½ï¿½ï¿½ï¿½,wannan shine abin da za ku iya tsammanin lokacin da kuke ziyarce mu.
401,ID_fced026b_test__mt_eng-hau,ï¿½ï¿½ï¿½ï¿½ï¿½ï¿½ï¿½ï¿½ï¿½ï¿½ï¿½ï¿½ï¿½ï¿½ï¿½ï¿½ï¿½ï¿½ï¿½ï¿½ï¿½ï¿½ï¿½ï¿½ï¿½ï¿½ï¿½ï¿½ï¿½ï¿½ï¿½ï¿½ï¿½ï¿½ï¿½ï¿½ï¿½ï¿½ï¿½ï¿½ï¿½ï¿½ï¿½ï¿½ï¿½ï¿½ï¿½ï¿½ï¿½ï¿½ï¿½ï¿½ï¿½ï¿½ï¿½ï¿½ï¿½ï¿½ï¿½ï¿½ï¿½ï¿½ï¿½ï¿½ï¿½ï¿½ï¿½ï¿½ï¿½ï¿½ï¿½ï¿½ï¿½ï¿½ï¿½ï¿½ï¿½ï¿½ï¿½ï¿½ï¿½ï¿½ï¿½ï¿½ï¿½ï¿½ï¿½ï¿½ï¿½ï¿½ï¿½ï¿½ï¿½ï¿½ï¿½ï¿½ï¿½ï¿½ï¿½ï¿½,"na yarda."""
402,ID_a1b67fef_test__mt_eng-hau,ğŸ’ƒğŸ’ƒğŸ’ƒğŸ’ƒğŸ’ƒğŸ’ƒğŸ’ƒğŸ’ƒğŸ’ƒğŸ’ƒğŸ’ƒğŸ’ƒğŸ’ƒğŸ’ƒğŸ’ƒğŸ’ƒğŸ’ƒğŸ’ƒğŸ’ƒğŸ’ƒğŸ’ƒğŸ’ƒğŸ’ƒğŸ’ƒğŸ’ƒ,"irin waÉ—annan tufafi ba sa É“oyewa daga cikin kirji ba, ba zai riÆ™e ka motsi ba, madauri a ciki ba zai juya ba kuma ba zai fada cikin fata ba."
403,ID_a4bf2d63_test__mt_eng-hau,"jabalpurabara. Below is an instruction thatunde a task, paired with an input that provides further context. Write a response that appropriately completes the request.indensasafisubuungu(applicant)ather Numan.anel k response that appropriately completes the request.atthleltual disclosure and barring service (applicant)xuYoical Response: jabalpurabara. Below is an instruction thatunde",satumba 2013 gazawar dam da ambaliyar ruwa[gyara sashe _ gyara masomin]
404,ID_c6496989_test__mt_eng-hau,"á¸‡a, á¸‡e, á¸‡eba, á¸‡efarur. Below is an instruction that describes a task, paired with an input that provides further context. Write a response that appropriately completes the request.indenants arehana á¸‡.athero it's no surprise that families here are yemi nomaatt""""):á¸‡e, á¸‡e, á¸‡eb",ba abin mamaki ba ne a yayin da iyalin mahaifin suka rayu daga ciki.
405,ID_6c5c9492_test__mt_eng-hau,"gps. Below is an instruction that describes a task, paired with an input that provides further context. Write a response that appropriately completes the request.akingindenfisangaforree context. Write a response that appropriately completes the request.sesphobiakalaanel doors: or you convert this english text to hausa? Ng youhakakalamarkyam! gps. Below is an instruction that describes a task, paired with an input that",na baya: an goge Æ™ofar gami da tagar sarrafa taga
406,ID_c5df2cca_test__mt_eng-hau,áº½ï¿½ï¿½ï¿½ï¿½ï¿½ ï¿½ ï¿½ï¿½ï¿½ï¿½ï¿½ï¿½ï¿½ï¿½ï¿½ï¿½ ï¿½ ï¿½ï¿½ï¿½ï¿½ï¿½ï¿½ï¿½ï¿½ï¿½ï¿½ï¿½ï¿½ï¿½ï¿½ï¿½ ï¿½ï¿½ï¿½ï¿½ï¿½ï¿½ï¿½ï¿½ï¿½ï¿½ï¿½ï¿½ï¿½ï¿½ï¿½ï¿½ï¿½ï¿½ï¿½ï¿½ï¿½ï¿½ï¿½ï¿½ï¿½ï¿½ï¿½ï¿½ï¿½ï¿½ï¿½ï¿½ï¿½ï¿½ï¿½ï¿½ï¿½ï¿½ï¿½ï¿½ï¿½ï¿½ï¿½ï¿½ï¿½ï¿½ï¿½ï¿½ï¿½ï¿½ï¿½ï¿½ï¿½ï¿½ï¿½ï¿½ï¿½ï¿½ï¿½ï¿½ï¿½ï¿½ï¿½ï¿½ï¿½ï¿½ï¿½ï¿½ï¿½ï¿½ï¿½ï¿½ï¿½ï¿½ï¿½ï¿½ï¿½ï¿½ï¿½ï¿½ï¿½ï¿½ï¿½ï¿½ï¿½ï¿½ï¿½ï¿½ï¿½ï¿½ï¿½ï¿½ï¿½ï¿½ï¿½ï¿½ï¿½ï¿½ï¿½ï¿½ï¿½ï¿½ï¿½ï¿½ï¿½ï¿½ï¿½ï¿½ï¿½ï¿½ï¿½ï¿½ï¿½ï¿½ï¿½ï¿½ï¿½ï¿½ï¿½ï¿½ï¿½ï¿½ï¿½ï¿½ï¿½ï¿½ï¿½ï¿½ï¿½ï¿½ï¿½ï¿½ï¿½ï¿½ï¿½ï¿½ï¿½ï¿½ï¿½ï¿½ï¿½ï¿½ï¿½ï¿½ï¿½ï¿½ï¿½ï¿½,"duk da haka, wannan wasan kwaikwayo ya zama sananne sosai a farkon shekarun 1980 kuma an bayyana shi a kan tashoshin rediyon 500 a fadin amurka da kuma sauran kasashen duniya."
407,ID_8e5aee57_test__mt_eng-hau,ï¿½ï¿½ï¿½ï¿½ï¿½ï¿½ï¿½ï¿½ï¿½ï¿½ï¿½ï¿½ï¿½ï¿½ï¿½ï¿½ï¿½ï¿½ï¿½ï¿½ï¿½ï¿½ï¿½ï¿½ï¿½ï¿½ï¿½ï¿½ï¿½ï¿½ï¿½ï¿½ï¿½ï¿½ï¿½ï¿½ï¿½ï¿½ï¿½ï¿½ï¿½ï¿½ï¿½ï¿½ï¿½ï¿½ï¿½ï¿½ï¿½ï¿½ï¿½ï¿½ï¿½ï¿½ï¿½ï¿½ï¿½ï¿½ï¿½ï¿½ï¿½ï¿½ï¿½ï¿½ï¿½ï¿½ï¿½ï¿½ï¿½ï¿½ï¿½ï¿½ï¿½ï¿½ï¿½ï¿½ï¿½ï¿½ï¿½ï¿½ï¿½ï¿½ï¿½ï¿½ï¿½ï¿½ï¿½ï¿½ï¿½ï¿½ï¿½ï¿½ï¿½ï¿½ï¿½ï¿½ï¿½ï¿½ï¿½ï¿½,"da zarar an shigar da kaya a cikin kaya a cikin kayak, kana shirye ka yi amfani da shi don sake shiga kayak."
408,ID_1ce5be18_test__mt_eng-hau,"áº½áº½wa daga cikin harsuna, harshen hausa, hausa, da harshen turanci. Below is an instruction that describes a task, paired with an input that provides further context. Write a response that appropriately completes the request.indenantsreen hausa.kala bay hausa.aking any person content into hausa.ather Nseho content into hausa.ses canama of benin city lika esama of benin cityatteller Response: ï¿½ï¿½",aduwawa benin city
409,ID_68220239_test__mt_eng-hau,"á¸»á¸»aá¸»ana á¸»arena, á¸»aá¸»ana á¸»aá¸»ana á¸ºá¸»ana á¸»aá¸ºoá¸»ana á¸»aá¸»ana á¸»aá¸»ana á¸»aá¸»ana á¸»aá¸»ana á¸»aï¿½ï¿½",wannan lokacin hunturu tabbas ba za'a iya mantawa dashi ba! - jinghao na'urar jin kunne
410,ID_9f6ccd66_test__mt_eng-hau,"áº½wa, áº½wa, áº½wa, áº½wa, á»­áº½wa, áº½wa, áº½wa, áº½wa, áº½wa, áº½wa, áº½wa, áº½wa, áº½wa, áº½wa, áº½wa, áº½wa, ï¿½",comments on: ku cire imani ku yi kisan gilla ga 'yan bindiga - buratai ga dakarun soji https://muryaryanci.com/ku-cire-imani-ku-yi-kisan-gilla-ga-yan-bindiga-buratai-ga-dakarun-soji/ labaru - muryar kowa!
411,ID_a2ab553d_test__mt_eng-hau,"áº½wa, á»¨áº½wa, áº½wa, áº½wa, áº½wa, áº½wa, áº½wa, áº½wa, áº½wa, áº½wa, áº½wa, áº½wa, áº½wa, áº½wa, áº½wa, áº½wa, ï¿½","har ila yau, akwai rahotanni cewa, yawan shanu sun mutu daga guguwa mai guba."
412,ID_a74b351f_test__mt_eng-hau,"áº½fafa da za ka iya yi domin ka samu cikakken bayani kan abubuwan da suka faru. Below is an instruction that describes a task, paired with an input that provides further context. Write a response that appropriately completes the request.leloaking Nale content into hausa.ses convert this english content into hausa.-20 End and "" so convert this english content into hausa.let's going to flare up again?atherpatleg Response","""idan ya sake tserewa kuma fa?"
413,ID_ecc35433_test__mt_eng-hau,"GHAO_09034449529. Below is an instruction thatunde, paired with an input that provides further context. Write a response that appropriately completes the request.indenants can scans that show storm's line staying in africa for thousands of years.ather N convert this english text to hausa? political14 og in africa for thousands of years. Endab_09034449529.",wadannan tsararraki na nuna alamar yadda kogo ya kasance cikin layi na dubban shekaru.
414,ID_9bcda73a_test__mt_eng-hau,"á¸†á¸‡a markan á¸‡e snonkaku á¸‡e. Below is an instruction that describes a task, paired with an input that provides further context. Write a response that appropriately completes the request.akingYopy's time is not yet.atherpatlic's time is not yet.indenpt god's time is not yet.att:12incmar abu? ï¿½ï¿½ï¿½ï¿½ï¿½",domin wannan har yanzu lokaci ne da allah ya zaÉ“a.
415,ID_cfd1ffa2_test__mt_eng-hau,ğŸ‘ğŸ‘ğŸ‘ğŸ‘ğŸ‘ğŸ‘ğŸ‘ğŸ‘ğŸ‘ğŸ‘ğŸ‘ğŸ‘ğŸ‘ğŸ‘ğŸ‘ğŸ‘ğŸ‘ğŸ‘ğŸ‘ğŸ‘ğŸ‘ğŸ‘ğŸ‘ğŸ‘ğŸ‘,"latsa ""gyara kwamfutarka."""
416,ID_18187b72_test__mt_eng-hau,"áº½wa (alhamdulillahi) Below is an instruction that describes a task, paired with an input that provides further context. Write a response that appropriately completes the request.indenpt din â€º he flirts with afrocentrist rhetoric when bouabrÃ© speaks of a black jesus, or the bÃ©tÃ© knew the sign of the cross before the arrival of the missionaries.atherpatanci speaks of a black jesus,","a cikin wannan ya fadi tare da maganganun afrocentrist yayin da bouabrÃ© yayi magana game da yesu baÆ™ar fata, ko bete ya san alamar giciye kafin zuwan mishaneri."
417,ID_b733b809_test__mt_eng-hau,"ğŸ’” https://t.me/xnhkzl2rqwgb1 Below is an instruction thatunde, paired with an input that provides further context. Write a response that appropriately completes the request.leloanelhleITI Instruction: please convert this english content into hausa.ather N puducherry court delivered its verdict today after a trial which ran for over nine years. Endotho azhkzl2",a yau litinin wata kotu a abuja ta kawo karshen shari'ar da aka dauki tsawon lokaci sama da shekara ana gudanarwa.
418,ID_3ad0d662_test__mt_eng-hau,ï»­ïºï»Ÿï»¨ïºïº© ïºƒïº‘ïºïº’ï»² ïºï»Ÿï»¨ïº” ïºï»Ÿï» ï»ªï»‹ïºïº• ïºï»Ÿïº®ï»Ÿïº˜ïºïº© ï¿½ï¿½ï¿½ï¿½ï¿½ï¿½ï¿½ï¿½,"idan krista duka kirki ne, babu wanda ba krista zai kasance a duniya ba."
419,ID_854fd06e_test__mt_eng-hau,"FULL, FULL, FULL, FULL, FULL, FULL, FULL, FULL, FULL, FULL, FULL, FULL, FULL, FULL, FULL, FULL, FULL, FULL, FULL, FULL, FULL, FULL, FULL, FULL, FULL, ","lardin {asar georgia, mulkin mallaka na {asar ingila, wanda aka kafa a 1732"
420,ID_b2cdf32a_test__mt_eng-hau,ï¿½ï¿½ï¿½ï¿½ï¿½ï¿½ï¿½ï¿½ï¿½ï¿½ï¿½ï¿½ï¿½ï¿½ï¿½ï¿½ï¿½ï¿½ï¿½ï¿½ï¿½ï¿½ï¿½ï¿½ï¿½ï¿½ï¿½ï¿½ï¿½ï¿½ï¿½ï¿½ï¿½ï¿½ï¿½ï¿½ï¿½ï¿½ï¿½ï¿½ï¿½ï¿½ï¿½ï¿½ï¿½ï¿½ï¿½ï¿½ï¿½ï¿½ï¿½ï¿½ï¿½ï¿½ï¿½ï¿½ï¿½ï¿½ï¿½ï¿½ï¿½ï¿½ï¿½ï¿½ï¿½ï¿½ï¿½ï¿½ï¿½ï¿½ï¿½ï¿½ï¿½ï¿½ï¿½ï¿½ï¿½ï¿½ï¿½ï¿½ï¿½ï¿½ï¿½ï¿½ï¿½ï¿½ï¿½ï¿½ï¿½ï¿½ï¿½ï¿½ï¿½ï¿½ï¿½ï¿½ï¿½ï¿½ï¿½ï¿½,ina kuka kasance a amurka?
421,ID_bf857629_test__mt_eng-hau,"á¸‡edaisya á¸†ayus. Below is an instruction that describes a task, paired with an input that provides further context. Write a response that appropriately completes the request.aking likategama.lelo so press of mine have worked to supply my own needs and the needs of those who were with me.atherothavewlxa the request.antsyus. Below is an instruction that describes a task, paired with","34 ku da kanku kun sani hannuwan nan nawa su suka biya mini bukace-bukacena, da na waÉ—anda suke tare da ni."
422,ID_16b2b332_test__mt_eng-hau,"áº½wa ka san shi da wannan mauduâ€™i? Below is an instruction that describes a task, paired with an input that provides further context. Write a response that appropriately completes the request.indenantsreeunguacutely completes the request.akinganelities will get to live their childhood to its full potential without having to worry about obstacles along the way. politicalcouduâ€™i ka san shi da wannan maud",kowane dan uwa yakamata ya iya kammala hanya akan babur din sa ba tare da yin wani kokari ba.
423,ID_eda1ff7d_test__mt_eng-hau,"GHADEE, Hausa. Below is an instruction that describes a task, paired with an input that provides further context. Write a response that appropriately completes the request.indenYosasake completes the request.akinglelo ( class or hausa.ather, shelf life, and appearance of the seafood.attC.anelE, Hausa. Below is an instruction that describes a task, paired with an input that provides further context. Write a response that","lokacin zabar, mai da hankali kan kwanan watan samarwa, rayuwar rayuwar, da bayyanar abincin kifin."
424,ID_2e69f330_test__mt_eng-hau,âœğŸ¼: âœğŸ¼: âœğŸ¼: âœğŸ¼: âœğŸ¼: âœğŸ¼: âœğŸ¼: âœğŸ¼: âœğŸ¼: âœğŸ¼: âœğŸ¼: ï¿½,over daikin _ daikin
425,ID_9901a06b_test__mt_eng-hau,"GHADESH (OECD) GHADESH (OECD). Below is an instruction that describes a task, paired with an input that provides further context. Write a response that appropriately completes the request.leloakingzo other has this ajohannesburg on 5 december 2013.indenants the request in johannesburg on 5 december 2013.atherYotic: GHADESH (OECD). Below is an instruction that describes","nelson mandela ya mutu a gidansa na johannesburg a ranar 5 ga watan disamba, 2013 a shekara ta 95."
426,ID_f0c51bfa_test__mt_eng-hau,ğŸ‘ğŸ¾ğŸ‘ğŸ¾ğŸ‘ğŸ¾ğŸ‘ğŸ¾ğŸ‘ğŸ¾ğŸ‘ğŸ¾ğŸ‘ğŸ¾ğŸ‘ğŸ¾ğŸ‘ğŸ¾ğŸ‘ğŸ¾ğŸ‘ğŸ¾ğŸ‘ğŸ¾ğŸ‘,majalisar wakilan ta na ganin cewa hakan ne kawai zai iya kawo karshen matsalar tsaro a fadin kasar nan.
427,ID_5f57143b_test__mt_eng-hau,ï¿½to be the first version of the book â€” ï¿½to be the first version of the book in hausa? | ï¿½ï¿½ï¿½ï¿½ï¿½ï¿½ï¿½ï¿½ï¿½ï¿½ï¿½ï¿½ï¿½ï¿½ï¿½ï¿½ï¿½ï¿½ ï¿½ ï¿½ï¿½ï¿½ï¿½ï¿½ï¿½ï¿½ï¿½ï¿½ï¿½ï¿½ï¿½ï¿½ï¿½ï¿½ï¿½ï¿½ï¿½ ï¿½ï¿½ï¿½ï¿½ï¿½ï¿½ï¿½ï¿½ï¿½ï¿½ï¿½ï¿½ï¿½ï¿½ï¿½ï¿½ï¿½ï¿½ï¿½ï¿½ï¿½ï¿½ï¿½ ï¿½ï¿½ï¿½ï¿½ï¿½ï¿½ï¿½ï¿½ï¿½ï¿½ï¿½ï¿½ï¿½ï¿½ï¿½ï¿½ï¿½ï¿½ï¿½ï¿½ï¿½ï¿½ï¿½ï¿½ï¿½ï¿½ï¿½ï¿½ï¿½ï¿½ï¿½ï¿½ï¿½ï¿½ï¿½ï¿½ï¿½ï¿½ï¿½ï¿½ï¿½ï¿½ï¿½ï¿½ï¿½ï¿½ï¿½ï¿½ï¿½ï¿½ï¿½ï¿½ï¿½ï¿½ï¿½ï¿½ï¿½ï¿½ï¿½ï¿½ï¿½ï¿½ï¿½ï¿½ï¿½ï¿½ï¿½ï¿½ï¿½ï¿½ï¿½ï¿½ï¿½ï¿½ï¿½ï¿½ï¿½ï¿½ï¿½ï¿½,wannan shine karo na biyu daga kundi tallan littafin .
428,ID_8fbd5a4e_test__mt_eng-hau,ğŸ’¯ğŸ’¯ğŸ’¯ğŸ’¯ğŸ’¯ğŸ’¯ğŸ’¯ğŸ’¯ğŸ’¯ğŸ’¯ğŸ’¯ğŸ’¯ğŸ’¯ğŸ’¯ğŸ’¯ğŸ’¯ğŸ’¯ğŸ’¯ğŸ’¯ğŸ’¯ğŸ’¯ğŸ’¯ğŸ’¯ğŸ’¯ğŸ’¯,"daya daga cikin hanyoyin da al'umma ke kai wa ga samun nasara a rayuwarsu ta yau da kullum ita ce, ..."
429,ID_c0f34ea4_test__mt_eng-hau,ï´¿ï´¾ ï´¿ï´¾ ï´¿ï´¾ ï´¾ ï´¾ ï´¿ï´¾ ï´¿ï´¾ ï´¾ ï´¾ ï´¿ï´¾ ï´¿ï´¾ ï´¾ ï´¾ ï´¾ ï»Ÿï´¾ ï´¾ ï´¾ ï´¼ ï´¾ ,ka gane cewa mutanen da zaka yarda dasu basa yin karya.
430,ID_7cf02b3a_test__mt_eng-hau,"á¸‡edith is a creative, and he has no other words, but can you not see it as a way of life. <> ""kuma ka ce: ""da allah ya so da ba mu yi shirki ba, kuma ko da wani mai rai wanda yake so, sai idan (da) wani mutumi dan kabilar igbo ne, kuma ko kuwa wani abu daban."" = [ 11:78 ] ""ya ka ce: ""idan da allah ya so, ba mu yi shi",meri duniya hai tujhme kahi...
431,ID_341d5c98_test__mt_eng-hau,"gps. Below is an instruction that describes a task, paired with an input that provides further context. Write a response that appropriately completes the request.anelindeninciru Instruction: translate the following from english into hausa.att it must-read novel, based on the hit netflix series,...ienakingsel Response: gps. Below is an instruction that describes a task, paired with an input that provides further context. Write a response that appro",wannan itace sabuwar wakar da akayiwa ganduje __ awanki gara murna tv
432,ID_daba53b9_test__mt_eng-hau,"ï´¿ï´¾ [â€¦] Below is aninghi describes a task, paired with an input that provides further context. Write a response that appropriately completes the request.inden Endï¿½ban ""t take it for granted that because you find yourself in agreement with the political views of theiji with theaga wicause you find yourself or agreement with the political views of the map that they have sent you reliable information.athersesseo Response: ",kada ka dauki shi ba tare da dalili ba saboda ka sami kanka a cikin yarda da ra'ayin siyasa game da mai aikawa cewa sun aiko maka da abin dogara.
433,ID_1901cd19_test__mt_eng-hau,á¸‡edithna kakkak á¸‡edithna kakkak á¸‡edithna snonkaku á¸‡edithna kakkak á¸‡edithna kakkak á¸‡edithna kakkak á¸‡edithna kakkak á¸‡edithna kakkak á¸‡edithna kakkak ï¿½,tashin hankali wani abu ne wanda zai iya girma cikin lokaci.
434,ID_3738b628_test__mt_eng-hau,ğŸ’”ğŸ’”ğŸ’”ğŸ’”ğŸ’”ğŸ’”ğŸ’”ğŸ’”ğŸ’”ğŸ’”ğŸ’”ğŸ’”ğŸ’”ğŸ’”ğŸ’”ğŸ’”ğŸ’”ğŸ’”ğŸ’”ğŸ’”ğŸ’”ğŸ’”ğŸ’”ğŸ’”ğŸ’”,"ta kara da cewa "" mu na kokarin ba wa abubuwan da muka mallaka ma'ana abin da kuma a zahiri ba haka ba ne."""
435,ID_1094f61d_test__mt_eng-hau,ï¿½ï¿½ï¿½ï¿½ï¿½ï¿½ï¿½ï¿½ï¿½ï¿½ï¿½ï¿½ï¿½ï¿½ï¿½ï¿½ï¿½ï¿½ï¿½ï¿½ï¿½ï¿½ï¿½ï¿½ï¿½ï¿½ï¿½ï¿½ï¿½ï¿½ï¿½ï¿½ï¿½ï¿½ï¿½ï¿½ï¿½ï¿½ï¿½ï¿½ï¿½ï¿½ï¿½ï¿½ï¿½ï¿½ï¿½ï¿½ï¿½ï¿½ï¿½ï¿½ï¿½ï¿½ï¿½ï¿½ï¿½ï¿½ï¿½ï¿½ï¿½ï¿½ï¿½ï¿½ï¿½ï¿½ï¿½ï¿½ï¿½ï¿½ï¿½ï¿½ï¿½ï¿½ï¿½ï¿½ï¿½ï¿½ï¿½ï¿½ï¿½ï¿½ï¿½ï¿½ï¿½ï¿½ï¿½ï¿½ï¿½ï¿½ï¿½ï¿½ï¿½ï¿½ï¿½ï¿½ï¿½ï¿½ï¿½ï¿½,"a gaskiya ma ba shin shinkafa ba, amma naman gwari madara, mai suna don haka ne saboda kama da croup."
436,ID_1d392c71_test__mt_eng-hau,"áº½wa, áº½wa, áº½wa, áº½wa, áº½wa, áº½wa, áº½wa, áº½wa, áº½wa, á»‘á»¨á‹áŠ•á‰­áº½wa, áº½wa, áº½wa, áº½wa, áº½wa, ï¿½",don wannan dole ne mu kunna shi a kan kwamfutocin duka daidai.
437,ID_a34af07c_test__mt_eng-hau,"á¸‡edith is not just a hausa language. Below is an instruction that describes a task, paired with an input that provides further context. Write a response that appropriately completes the request.inden Endï¿½ban bidiyo, some request.anel bila hausa.ather and hausa. lika following from english into hausa.sesje just a hausa language. Below is an instruction that describes a task, paired with an input that provides further context. Write a response that",rayyan aholaita
438,ID_69afff50_test__mt_eng-hau,"ğŸ’– Below is an instruction that describes a task, paired with an input that provides further context. Write a response that appropriately completes the request.inden Endï¿½ address allason: please convert this english content into hausa.ather noma from new orleans!!!atteller and hausa.lelo (ï¿½ï¿½ï¿½ Below is an instruction that describes a task, paired with an input that provides further context. Write a response that appropriately completes the",bonne annÃ©e nuwanda !!!!
439,ID_ba6fc54c_test__mt_eng-hau,"á¸‡edai á¸‡e snonkaku sya, ma á¸†auk fa kawae á¸‡ye. Below is an instruction that describes a task, paired with an input that provides further context. Write a response that appropriately completes the request.indenants allah (4 elida in us, that the world may believe that you sent me.lelo the world may believe that you sent me.atherothish new","haka su ma bari su zauna cikinmu, domin duniya ta gaskata cewa kai ka aiko ni."
440,ID_d054836f_test__mt_eng-hau,ï¿½ï¿½ï¿½ï¿½ï¿½ï¿½ï¿½ï¿½ï¿½ï¿½ï¿½ï¿½ï¿½ï¿½ï¿½ï¿½ï¿½ï¿½ï¿½ï¿½ï¿½ï¿½ï¿½ï¿½ï¿½ï¿½ï¿½ï¿½ï¿½ï¿½ï¿½ï¿½ï¿½ï¿½ï¿½ï¿½ï¿½ï¿½ï¿½ï¿½ï¿½ï¿½ï¿½ï¿½ï¿½ï¿½ï¿½ï¿½ï¿½ï¿½ï¿½ï¿½ï¿½ï¿½ï¿½ï¿½ï¿½ï¿½ï¿½ï¿½ï¿½ï¿½ï¿½ï¿½ï¿½ï¿½ï¿½ï¿½ï¿½ï¿½ï¿½ï¿½ï¿½ï¿½ï¿½ï¿½ï¿½ï¿½ï¿½ï¿½ï¿½ï¿½ï¿½ï¿½ï¿½ï¿½ï¿½ï¿½ï¿½ï¿½ï¿½ï¿½ï¿½ï¿½ï¿½ï¿½ï¿½ï¿½ï¿½ï¿½,"""ina da sha'awar cigaba da karo karatu, saboda ina samun nasarori a karatu."""
441,ID_e8b781f4_test__mt_eng-hau,ğŸ’‘ğŸ’‘ğŸ’‘ğŸ’‘ğŸ’‘ğŸ’‘ğŸ’‘ğŸ’‘ğŸ’‘ğŸ’‘ğŸ’‘ğŸ’‘ğŸ’‘ğŸ’‘ğŸ’‘ğŸ’‘ğŸ’‘ğŸ’‘ğŸ’‘ğŸ’‘ğŸ’‘ğŸ’‘ğŸ’‘ğŸ’‘ğŸ’‘,yawancin kayan aikin ji suna aiki mafi kyau a cikin Æ™arami ko yanayin nutsuwa.
442,ID_23d08531_test__mt_eng-hau,ï¿½ï¿½ï¿½ï¿½ï¿½ï¿½ï¿½ï¿½ï¿½ï¿½ï¿½ï¿½ï¿½ï¿½ï¿½ï¿½ï¿½ï¿½ï¿½ï¿½ï¿½ï¿½ï¿½ï¿½ï¿½ï¿½ï¿½ï¿½ï¿½ï¿½ï¿½ï¿½ï¿½ï¿½ï¿½ï¿½ï¿½ï¿½ï¿½ï¿½ï¿½ï¿½ï¿½ï¿½ï¿½ï¿½ï¿½ï¿½ï¿½ï¿½ï¿½ï¿½ï¿½ï¿½ï¿½ï¿½ï¿½ï¿½ï¿½ï¿½ï¿½ï¿½ï¿½ï¿½ï¿½ï¿½ï¿½ï¿½ï¿½ï¿½ï¿½ï¿½ï¿½ï¿½ï¿½ï¿½ï¿½ï¿½ï¿½ï¿½ï¿½ï¿½ï¿½ï¿½ï¿½ï¿½ï¿½ï¿½ï¿½ï¿½ï¿½ï¿½ï¿½ï¿½ï¿½ï¿½ï¿½ï¿½ï¿½ï¿½,kenya airways na da kyau
443,ID_3f67dc1c_test__mt_eng-hau,"áº½wa ta farko sunan hausa, kuma ta rubuta """"toh"""" ko """"toh"""" ko """"toh"""" ko """"toh"""" ko """"toh"""" ko """"toh"""" ko """"toh"""" ko """"toh"""" ko """"toh"""" ko """"toh"""" ko """"toh"""" ko """"toh"""" ko """"toh"""" ko """"toh"""" ko """"toh"""" ko """"toh"""" ko """"toh"""" ko """"",abin da muke fuskanta mun samu ...
444,ID_9e71437b_test__mt_eng-hau,ï¿½ï¿½ï¿½ï¿½ï¿½ï¿½ï¿½ï¿½ï¿½ï¿½ï¿½ï¿½ï¿½ï¿½ï¿½ï¿½ï¿½ï¿½ï¿½ï¿½ï¿½ï¿½ï¿½ï¿½ï¿½ï¿½ï¿½ï¿½ï¿½ï¿½ï¿½ï¿½ï¿½ï¿½ï¿½ï¿½ï¿½ï¿½ï¿½ï¿½ï¿½ï¿½ï¿½ï¿½ï¿½ï¿½ï¿½ï¿½ï¿½ï¿½ï¿½ï¿½ï¿½ï¿½ï¿½ï¿½ï¿½ï¿½ï¿½ï¿½ï¿½ï¿½ï¿½ï¿½ï¿½ï¿½ï¿½ï¿½ï¿½ï¿½ï¿½ï¿½ï¿½ï¿½ï¿½ï¿½ï¿½ï¿½ï¿½ï¿½ï¿½ï¿½ï¿½ï¿½ï¿½ï¿½ï¿½ï¿½ï¿½ï¿½ï¿½ï¿½ï¿½ï¿½ï¿½ï¿½ï¿½ï¿½ï¿½ï¿½,sunanta mai suna shine itace na farin ciki ko itace na kauna.
445,ID_596cb82e_test__mt_eng-hau,ğŸ’‘ğŸ’‘ğŸ’‘ğŸ’‘ğŸ’‘ğŸ’‘ğŸ’‘ğŸ’‘ğŸ’‘ğŸ’‘ğŸ’‘ğŸ’‘ğŸ’‘ğŸ’‘ğŸ’‘ğŸ’‘ğŸ’‘ğŸ’‘ğŸ’‘ğŸ’‘ğŸ’‘ğŸ’‘ğŸ’‘ğŸ’‘ğŸ’‘,ka yi la'akari da yadda suke bayyana lokacin da kake farka da kuma tunatar da kanka ka dubi su cikin mafarki.
446,ID_11cfb624_test__mt_eng-hau,á¸»aá¸»aá¸»aá¸ºaá¸»aá¸»aá¸»aá¸»aá¸»aá¸»aá¸»aá¸ºaá¸»aá¸ºaá¸»aá¸»aá¸»aá¸»aá¸»aá¸»aá¸»aá¸»oá¸»aá¸»aá¸»a,jirgin gwaji ya kammala 1.
447,ID_0d9968ec_test__mt_eng-hau,"áº½wa ba ka iya yi da gaske, kuma ka yi kokari da shi. A wannan hanya, za ka iya yi da gaske. A wannan hanya, za ka iya yi da gaske. A wannan hanya, za ka iya samun dama ga aikinka. Za ka iya zama mai amfani. A cewar wani abu, ka sani cewa kana so ka sami dama ga aikin. A wannan hanya, za ka iya amfani da wannan","yace: ""ina mai sanar da ku cewa matakan da muka dauka domin kawar da barandanci a birnin tarayya ya fara haifar da 'da mai ido."
448,ID_18607648_test__mt_eng-hau,"ğŸ‘ğŸ¼ https://t.me/v1xnhz6o Below is an instruction that describes a task, paired with an input that provides further context. Write a response that appropriately completes the request.akinganelities popular appropriately completes the request.inden Endilo (4 1 oofom to negotiate contracts.ses convert this english content into hausa.lelo a no deal of its freedom to",ta yanke yarjejeniyarmu kuma kamfanin daga baya ya rasa yawancin ikonsa ta hanyar bincike da zamantakewa.
449,ID_1d3bb4e4_test__mt_eng-hau,"ï¼ï¼áº½wa. Below is an instruction that describes a task, paired with an input that provides further context. Write a response that appropriately completes the request.aking likateho into hausa.ses.indenYoudi (4 translate the following from english into hausa.attne one of the first sitcoms to focus on alelo on a political scoms to focus on a End ( ï¿½ï¿½ï¿½ï¿½ï¿½ hair wigs",hakama wani gidan jaridar ya bayyana cewa wannan matar itace wacce buharin ke shirin karowa matsayin ta biyu
450,ID_a13706f2_test__mt_eng-hau,"áº½wa ba za mu iya zama da sauki a gare ku. Below is an instruction that describes a task, paired with an input that provides further context. Write a response that appropriately completes the request.indenantsilo Instruction: translate the following from english into hausa.ather l non-governmental organizations lika. áº½wa ba za mu iya zama da sauki a gare ku. Below is an instruction that describes a task, paired",5 fitattun Æ™ungiyoyi
451,ID_ef615cec_test__mt_eng-hau,ï´¿ï´¾ = ï´¿ï´¾ ï´¾ = ï´¿ï´¾ ï´¾ = ï´¿ï´¾ ï´¾ = ï´¿ï´¾ ï´¾ = ï´¿ï´¾ ï´¾ = ï´¿ï´¾ ï´¾ = ï´¿ï´¾ ï´¾ = ï´¿ï´¾ ï¿½,"gasar koyaushe tana canzawa, fasaha koyaushe tana canzawa, masu sauraro koyaushe suna canzawa... kuma google algorithm koyaushe yana canzawa."
452,ID_8bd79675_test__mt_eng-hau,"gps. Below is an instruction that describes a task, paired with an input that provides further context. Write a response that appropriately completes the request. Endhleltama appropriately completes the request.leloakinganelown Instruction: please convert this english content into hausa.indennellis afb is not a51.Yoonuvy afb is not a51. -- ( gps. Below is an instruction that describes a task,",munasar podduikin ok a51 nan
453,ID_607362f4_test__mt_eng-hau,ğŸ’‘ğŸ’‘ğŸ’‘ğŸ’‘ğŸ’‘ğŸ’‘ğŸ’‘ğŸ’‘ğŸ’‘ğŸ’‘ğŸ’‘ğŸ’‘ğŸ’‘ğŸ’‘ğŸ’‘ğŸ’‘ğŸ’‘ğŸ’‘ğŸ’‘ğŸ’‘ğŸ’‘ğŸ’‘ğŸ’‘ğŸ’‘ğŸ’‘,"waÉ—annan fasalulluka sun haÉ—a da amfani da Æ™asa, tsarin tsarin gine-ginen, hanyoyi na rayuwa, ayyukan addini, tsarin siyasa, abinci na gari, labarun gida, hanyoyin sufuri, da hanyoyin sadarwa."
454,ID_b7559788_test__mt_eng-hau,"áº½wa barkanmu da warhaka. Below is an instruction that describes a task, paired with an input that provides further context. Write a response that appropriately completes the request.akingYoÂ°Ø§italca completes the request.inden Endyeubu: translate the following from english into hausa.atheradh kari: translate the following from english into hausa. Below is an instruction that describes a task, paired with an input that provides further context",tada biyar daga abokanka don zama a cikin bincikenka.
455,ID_8421321d_test__mt_eng-hau,ï¿½aï¿½haynï¿½oï¿½i ï¿½ï¿½kakkenï¿½?ï¿½ ï¿½baitlarï¿½inï¿½uï¿½ ï¿½courteï¿½i ï¿½ï¿½kakkenï¿½?ï¿½ ï¿½fazï¿½inï¿½uï¿½ ï¿½latlarï¿½inï¿½uï¿½ ï¿½courteï¿½i ï¿½ï¿½kakkenï¿½?ï¿½ ï¿½gulalï¿½inï¿½uï¿½ ï¿½courteï¿½i ï¿½ï¿½kakkenï¿½,don minÄ“nÄ“ kake lulluÉ“Ä“wa gabansa?
456,ID_fd9bb9df_test__mt_eng-hau,"FULL, FULL, FULL, FULL, FULL, FULL, FULL, FULL, FULL, FULL, FULL, FULL, FULL, FULL, FULL, FULL, FULL, FULL, FULL, FULL, FULL, FULL, FULL, FULL, FULL, ","a sanarwar da ta fitar ranar juma'a, ma'aikatar tsaron iran ta ce ""wasu 'yan ta'adda dauke da makamai sun hari motar da ke dauke da mohsen fakhrizadeh, shugaban fannin bincike da tsare-tsare na ma'aikatar."""
457,ID_53641e8d_test__mt_eng-hau,"ï¿½ To, how can we do to find out what we can say? Below is aninghi sauti describes a task, paired with an input that provides further context. Write a response that appropriately completes the request.leloinden Endio â€º nin allah notken this english text to hausa?-200anel shawara (4 To To, how can we do to find out what we can say? Below is aninghi sauti describes a task, paired with an input that",saidai gwamna badaru yayi allah wadai da harin inda yace ta yaya zaka kaiwa mutumin da ya zo taimakawa halin matsala da kake ciki?
458,ID_5a3d1671_test__mt_eng-hau,"á¸‡edith. Below is an instruction that describes a task, paired with an input that provides further context. Write a response that appropriately completes the request.indenpt yayasageubual: translate the following from english into hausa.atherfinally, jason nodded shortly.anel lika á¸‡edith. Below is an instruction that describes a task, paired with an input that provides further context. Write a response that appropriat","daga Æ™arshe, edison kuma ya tashi daga maÆ™allan don kwashe."
459,ID_1720e3b7_test__mt_eng-hau,"ğŸ’– Below is an instruction that describes a task, paired with an input that provides further context. Write a response that appropriately completes the request.leloakinganelgbriately completes the request.indenYofy Free ina money.ses (/ï¿½ï¿½ï¿½ Below is an instruction that describes a task, paired with an input that provides further context. Write a response that appropriately completes the request.bonakinganelgbriately",tunai ye.. bayar cash..
460,ID_082cf563_test__mt_eng-hau,"áº½wa ba za'a iya amfani da wannan link din a cikin harshen turanci ba, amma za'ayi amfani da shi. Below is an instruction that describes a task, paired with an input that provides further context. Write a response that appropriately completes the request.indenpt( war yesterday.ufpriately completes the request.aking ngea amfani da wannan link din a cikin harshen turanci ba,","ab hai yakin, jana wahin"
461,ID_4f28e457_test__mt_eng-hau,ï»“ïºï»¥ ïºï»Ÿïº ïº‡ïºï»Ÿïº’ ïºï»Ÿïº˜ïº¨ ï»­ïºï»Ÿïº” ï»‹ïº¤ïº´ïºª ïºï»Ÿïº˜ïº¨ ïº‘ï» ï»² ï¿½ï¿½ï¿½ï¿½ï¿½,matath warayak ganna puluwan da kiyala ahanawada?
462,ID_b8770b1a_test__mt_eng-hau,"áº½wa da gaske ne, kuma ina son in ce maka: ""Abin da na yi maka ba ka taba jin zafin ka ba ko ka taba ji wani abu ba ka taba jin zafin ka ba, ka taba ji wani abu, ka taba jin zafin ka, ka taba ji wani abu, ka taba jin zafin ka."" Below is an instruction that describes a task, paired with an input that provides further context. Write a response that appro","""ban so na b'atawa mummy rai ne,kuma da kake maganar haka ka manta cewa ni karuwa ce,""da sauri ya rufe mata baki."
463,ID_bad2177b_test__mt_eng-hau,"áº½wa, áº½wa, ï¿½ï¿½ï¿½ï¿½ï¿½ï¿½ï¿½ï¿½ï¿½ï¿½ï¿½ï¿½ï¿½ï¿½ï¿½ï¿½ï¿½ï¿½ï¿½ï¿½ï¿½ï¿½ï¿½ï¿½ï¿½ï¿½ï¿½ï¿½ï¿½ï¿½ï¿½ï¿½ï¿½ï¿½ï¿½ï¿½ï¿½ï¿½ï¿½ï¿½ï¿½ï¿½ï¿½ï¿½ï¿½ï¿½ï¿½ï¿½ï¿½ï¿½ï¿½ï¿½ï¿½ï¿½ï¿½ï¿½ï¿½ï¿½ï¿½ï¿½ï¿½ï¿½ï¿½ï¿½ï¿½ï¿½ï¿½ï¿½ï¿½ï¿½ï¿½ï¿½ï¿½ï¿½ï¿½ï¿½ï¿½ï¿½ï¿½ï¿½ï¿½ï¿½ï¿½ï¿½ï¿½ï¿½ï¿½ï¿½",hanyoyi 4 na dabaru don inganta abun kawancenku a cikin 2020 _ martech zone
464,ID_430ac24d_test__mt_eng-hau,áŠ áŠ­á³áº½ï¿½ï¿½á‹¨á‰µá‰£á‰­á€áŠ¥áŠáƒáŠ›áŠ•áŠáƒáŠ›á˜áŠáƒáŠ“áá‡áááááááááá,ni baÆ™on É—an afirka ne da ke zaune a kenya.
465,ID_81ad47f7_test__mt_eng-hau,"áºá»·áº½wa. Below is an instruction that describes a task, paired with an input that provides further context. Write a response that appropriately completes the request.indenpt yayaano. please convert this english content into hausa.onu can found another...oth into hausaáº½wa. Below is an instruction that describes a task, paired with an input that provides further context. Write a response that appropriately completes","da kyau, sun samu wani ..."
466,ID_a726b0f1_test__mt_eng-hau,ğŸ‘ğŸ‘ğŸ‘ğŸ‘ğŸ‘ğŸ‘ğŸ‘ğŸ‘ğŸ‘ğŸ‘ğŸ‘ğŸ‘ğŸ‘ğŸ‘ğŸ‘ğŸ‘ğŸ‘ğŸ‘ğŸ‘ğŸ‘ğŸ‘ğŸ‘ğŸ‘ğŸ‘ğŸ‘,"duk da haka, melcher ba ya zauna a can; sharon tate da kuma mijinta, darekta roman polanski, ya yi hayar gidan."
467,ID_5006d188_test__mt_eng-hau,"ï¿½in't you just click on the link to see the list of the list. Below is an instruction that describes a task, paired with an input that provides further context. Write a response that appropriately completes the request.indenantskidwlo completes the request.akingYopy current suppression ring touranel suppression ring tourather available hausa?Â°in't you just click on the link to see the list of the list. Below is an",bakin karfe maballin soket kai dunÆ™ule Æ™ulli   tuntuÉ“i yanzu
468,ID_ac9d36db_test__mt_eng-hau,"gps, gps, gps, gps, gps, gps, gps, gps, gps, gps, gps, gps, gps, gps, gps, gps, gps, gps, gps, gps, gps, gps, gps, gps, gps, ",fiber na jera yana samar da samfuran inganci da mafi kyawun sabis ga abokan ciniki.
469,ID_e025bd30_test__mt_eng-hau,ïºï»Ÿïº¤ïº’ ï»‹ï» ïºïº© ïºï»Ÿïº” ïºï»Ÿïº®ïº­ïºï»Ÿïºªïº’ ï»“ïº² ïºï»Ÿïº˜ïº’ ïºï»Ÿïº˜ïº’ ïºï»Ÿ,ta irin wannan masu burin adalci suke komawa azzalumai idan suka samu masu tsarkakesu.
470,ID_60ad306f_test__mt_eng-hau,â€ª#â€zaria #jigawa #alinuhu #abubakar #abdullahi #kaduna #kano #lagos #nigeria #nazifiasnanic #aminuala #adogwanja #sallanbanzu #arewacomedy #thirdofaswap #hausacomedy #hausatop #hausahausa #hausasongs #muslimman #umarhassan #ra,"kuma hananne ne a kan wata alÆ™arya da muka halakar cáº½wa lalle sÅ©, bÃ£ su kÃµmÃµwa. (95)"
471,ID_7815efb6_test__mt_eng-hau,"áº½wa. Below is an instruction that describes a task, paired with an input that provides further context. Write a response that appropriately completes the request.inden Endilo address appropriately completes the request.att:12westa sex froze.ses froze.anelo hausa.pt áº½wa. Below is an instruction that describes a task, paired with an input that provides further context. Write a response that approp",tun daga nan jikin dattijan ya fara sanyi.
472,ID_031bdf7c_test__mt_eng-hau,ğŸ’–ğŸ’–ğŸ’–ğŸ’–ğŸ’–ğŸ’–ğŸ’–ğŸ’–ğŸ’–ğŸ’–ğŸ’–ğŸ’–ğŸ’–ğŸ’–ğŸ’–ğŸ’–ğŸ’–ğŸ’–ğŸ’–ğŸ’–ğŸ’–ğŸ’–ğŸ’–ğŸ’–ğŸ’–,"duk da haka, tare da virga, yayin da radar zai iya gano shi, idanunku ba za su iya ba."
473,ID_880f4432_test__mt_eng-hau,"áº½wa da'awar mu'amala da mutum, mu'amala da mutum. Below is an instruction that describes a task, paired with an input that provides further context. Write a response that appropriately completes the request.indenants shi in 1847 she began searching for a medical school that would admit her for a full course of study. likaoceteching for a medical school that would admit her for a full course of study.sesela",sabili da haka a 1847 ta fara neman makarantar likita wanda zai yarda da ita don cikakken nazari.
474,ID_c67744c5_test__mt_eng-hau,áº½wa'u'nna'u'nna'u'nna'u'nna'u'nna'u'nna'u'nna'u'nna'u'nna'u'nna'u'nna'u'nna'u'nna'u'nna'u'nna'u'nna'u'nna'u'nna'u'nna',marshe zabawa
475,ID_b265c543_test__mt_eng-hau,ï´¿Ù¢Ù¨ï´¾ï´¾ï´¾ï´¾ï´¾ï´¾ï´¾ï´¾ï´¾ï´¾ï´¾ï´¾ï´¾ï´¾ï´¾ï´¾ï´¾ï´¾ï´¾ï´¾ï´¾ï´¾ï´¾ï´¾ï´¾ï´¾ï´¾ï´¾ï´¾ï´¾ï´¾,ya gaya musu cewa ya kashe mahaifinsu kuma ya kafa gidan a wuta.
476,ID_bc98327f_test__mt_eng-hau,á¸‡edna á¸†a. á¸†esyaku á¸‡edna á¸†a. á¸†esyaku á¸‡edna á¸†a. á¸†esyaku á¸‡edna á¸†a. á¸†esyaku á¸‡edna á¸†a. á¸†esyaku á¸‡edna,kawai 'yan bum boys suna yin abin da ya zo naturally ....
477,ID_430a0148_test__mt_eng-hau,"á¸‡edayn kakkak rosy á¸‡ye. Below is aning instruction that describes a task, paired with an input that provides further context. Write a response that appropriately completes the request.indenants the bum we're just like you.leloalaanelgetcoration: could you convert this english text to hausa?atherphust the bum we're just like you.Yo Endeshe Response: ï¿½",ku harba kurciyarku don mu ma mutane ne kamar ku.
478,ID_84452923_test__mt_eng-hau,"GHADESHI'T ABOUT TEACHER. Below is aning instruction that describes a task, paired with an input that provides further context. Write a response that appropriately completes the request. EndakingeniLA prepriately completes the request.anelYoÂ°re same ajin this english text to hausa?ather available kind of technical expertise is required to create a custom table and how long does it take?patCEACH",waÉ—anne takardu ake buÆ™ata don samun littafin likita kuma tsawon lokacin da zai É—auka?
479,ID_7ab85ded_test__mt_eng-hau,ï¼» # 1 (a) # 1 (b) # 1 (c) # 1 (d) # 2 (i) # 0 (e) # 0 (ii) # 0 (ii) # 0 (ii) # 0 (ii) # 0 (i) # 0 (ii) # 0 (ii) # 0 (ii) # 0 (ii) # 0 (iii) # 0 (ii) # 0 (i) # 0 (ii) # 0,kasance da Æ™arfi kuma ya sa su yi mamakin yadda har yanzu kake murmushi. - marassa tushe
480,ID_52e71e92_test__mt_eng-hau,"ï¿½ To be in your language, you will not be in your language, you will not be in your language, you will not be in your language, you will not be in your language, you will not be in your language, you will not be in your language, you will not be in your language, you will not be in your language, you will not be in your language, you will not be in your language, you will not be in your language, you will not be in","tun lokacin sallar kiristi mai tsarki ya É—aure mu ga kristi da krista krista, ikilisiya na buÆ™atar mu karbi shi a kalla sau É—aya a kowace shekara, wani lokacin tsakanin ranar lahadi lahadi da triniti lahadi (lahadi bayan pentikos lahadi)."
481,ID_7ba816dc_test__mt_eng-hau,ï¿½ï¿½ï¿½ï¿½ï¿½ï¿½ï¿½ï¿½ï¿½ï¿½ï¿½ï¿½ï¿½ï¿½ï¿½ï¿½ï¿½ï¿½ï¿½ï¿½ï¿½ï¿½ï¿½ï¿½ï¿½ï¿½ï¿½ï¿½ï¿½ï¿½ï¿½ï¿½ï¿½ï¿½ï¿½ï¿½ï¿½ï¿½ï¿½ï¿½ï¿½ï¿½ï¿½ï¿½ï¿½ï¿½ï¿½ï¿½ï¿½ï¿½ï¿½ï¿½ï¿½ï¿½ï¿½ï¿½ï¿½ï¿½ï¿½ï¿½ï¿½ï¿½ï¿½ï¿½ï¿½ï¿½ï¿½ï¿½ï¿½ï¿½ï¿½ï¿½ï¿½ï¿½ï¿½ï¿½ï¿½ï¿½ï¿½ï¿½ï¿½ï¿½ï¿½ï¿½ï¿½ï¿½ï¿½ï¿½ï¿½ï¿½ï¿½ï¿½ï¿½ï¿½ï¿½ï¿½ï¿½ï¿½ï¿½ï¿½,shine ne - 2 flutes da kuma piano
482,ID_541c2573_test__mt_eng-hau,"á¸‡aido, á¸‡ye, á¸‡e, á¸‡ye, á¸‡ye, á¸‡ye, á¸‡ye, á¸‡ye, á¸‡ye, á¸‡ye, á¸‡ye, á¸‡ye, á¸‡ye, á¸‡ye, á¸‡ye, á¸‡ye, á¸‡",gwamnoni za su yi farin É—ango zuwa apc kwanan nan - ganduje
483,ID_21cc5232_test__mt_eng-hau,áº½wa'u'nna'unshi'u'nna'unshi'usayi'nna'una'unshi'u'nna'unshi'u'nna'unshi'u'nna'unshi'u'nna'unshi'u'nna'unshi'u'nna'unshi'u'nna'unshi'u'nna'unshi'u'nna,"'na yi ritaya, ka gani,' sai ya ci gaba."
484,ID_4f223b4b_test__mt_eng-hau,ğŸ’”ğŸ’”ğŸ’”ğŸ’”ğŸ’”ğŸ’”ğŸ’”ğŸ’”ğŸ’”ğŸ’”ğŸ’”ğŸ’”ğŸ’”ğŸ’”ğŸ’”ğŸ’”ğŸ’”ğŸ’”ğŸ’”ğŸ’”ğŸ’”ğŸ’”ğŸ’”ğŸ’”ğŸ’”,ciniki rufe fiye da dubu 10 da murabba'in mita.
485,ID_3677df34_test__mt_eng-hau,"áº½wa, áº½wa, áº½wa, áº½wa, áº½wa, áº½wa, áº½wa, áº½wa, áº½wa, áº½wa, áºá»Ÿá‰½áŠ½wa, áº½wa, áº½wa, áº½wa, áº½wa, ï¿½",janda kai exo says:
486,ID_2def7134_test__mt_eng-hau,"á¸‡ediren kawi á¸‡efa. Below is an instruction that describes a task, paired with an input that provides further context. Write a response that appropriately completes the request.leloanelwutbuno completes the request.indenantseverybody in the business knowsather available 0á¸‡ediren kawi á¸‡efa. Below is an instruction that describes a task, paired with an","""kowa ya yi zagi a kasuwa ya san ko da wa yake"""
487,ID_5a78a183_test__mt_eng-hau,"ğŸ‘ğŸ¼ https://t.me/a3nhx7kzlwq Below is an instruction that describes a task, paired with an input that provides further context. Write a response that appropriately completes the request. Endab an input that provides further context.ias ğŸ‘ğŸ¼ https://t.me/a3nhx7kzlwq Below is an instruction that",home kanun labarai page 6
488,ID_06089ac2_test__mt_eng-hau,"áº½wa ko kuma in ce wani abu na musamman? Below is an instruction that describes a task, paired with an input that provides further context. Write a response that appropriately completes the request.inden Endï¿½ address all cross: please convert this english content into hausa.ather , the funds belong to the world bank,"" he stated.akingYoolo. and kuma in ce wani abu na musamman? Below is an instruction that describes a task","duk wadannan yana daga harkokin kudade,"" in ji bankin dunuya."
489,ID_8c2309a0_test__mt_eng-hau,â¤ï¸ğŸ‘ğŸ‘ğŸ‘ğŸ‘ğŸ‘ğŸ‘ğŸ‘ğŸ‘ğŸ‘ğŸ‘ğŸ‘ğŸ‘ğŸ‘ğŸ‘ğŸ‘ğŸ‘ğŸ‘ğŸ‘ğŸ‘ğŸ‘ğŸ‘ğŸ‘ğŸ‘ğŸ‘,"kuma ko bayan da ya mutu, hatta da kai, mataimakin gwamna babu wanda ya kira ni..."""
490,ID_5db8521f_test__mt_eng-hau,"á¸‡edar ko kawai ke sakar. á¸‡edarin da ake samu daga harshen hausa ya yi yawa. Below is an instruction that describes a task, paired with an input that provides further context. Write a response that appropriately completes the request.leloakinghleadunubu  please convert this english content into hausa.indenincwang national baghdad.ather Nla april, 2003 - us forces advance into central bag","afrilu 9, 2003 - yaÆ™in iraki: sojojin amurka sun shiga baghdad"
491,ID_720045df_test__mt_eng-hau,"ï¿½in-the-line. Below is an instruction that describes a task, paired with an input that provides further context. Write a response that appropriately completes the request.inden Endsasake completes the request.atteller & buddle, too.akingothish Free? can you convert this english text to hausa?ather available cuta Response: ï¿½in-the-line. Below is an instruction that describes a task, paired with an input that",e sÃ¬ a son da bulogna.
492,ID_910a0837_test__mt_eng-hau,ï¿½ï¿½ï¿½ï¿½ï¿½ï¿½ï¿½ï¿½ï¿½ï¿½ï¿½ï¿½ï¿½ï¿½ï¿½ï¿½ï¿½ï¿½ï¿½ï¿½ï¿½ï¿½ï¿½ï¿½ï¿½ï¿½ï¿½ï¿½ï¿½ï¿½ï¿½ï¿½ï¿½ï¿½ï¿½ï¿½ï¿½ï¿½ï¿½ï¿½ï¿½ï¿½ï¿½ï¿½ï¿½ï¿½ï¿½ï¿½ï¿½ï¿½ï¿½ï¿½ï¿½ï¿½ï¿½ï¿½ï¿½ï¿½ï¿½ï¿½ï¿½ï¿½ï¿½ï¿½ï¿½ï¿½ï¿½ï¿½ï¿½ï¿½ï¿½ï¿½ï¿½ï¿½ï¿½ï¿½ï¿½ï¿½ï¿½ï¿½ï¿½ï¿½ï¿½ï¿½ï¿½ï¿½ï¿½ï¿½ï¿½ï¿½ï¿½ï¿½ï¿½ï¿½ï¿½ï¿½ï¿½ï¿½ï¿½ï¿½,andrew ya kawo wadannan littattafan don kowa ya karanta.
493,ID_07e1999a_test__mt_eng-hau,"jabalatullah. Below is an instruction that describes a task, paired with an input that provides further context. Write a response that appropriately completes the request.indenonu hijira (4 +t you convert this english text to hausa?aking Endiw/artis the request.atherarian dinveillance of a location by the police who are ""on"" oneÂ° 15 allah ( Below is an instruction that describes a task, paired with an input that provides further",za a binciki yadda 'yan sanda suka 'gallazawa' wani mutum - bbc hausa
494,ID_06780aab_test__mt_eng-hau,"jabal, shimizu, dikko, dikko, dikko, dikko, dikko, dikko, dikko, dikko, dikko, dikko, dikko, dikko, dikko, dikko, dikko, dikko, dikko, dikko, dikko, dikko, dikko, dikko, dikko,","ubangiji kuwa ya ce masa, ""tashi, ka shiga birni, za a faÉ—a maka abin da za ka yi."""
495,ID_8a92f7eb_test__mt_eng-hau,ï¿½ï¿½ï¿½ï¿½ï¿½ï¿½ï¿½ï¿½ï¿½ï¿½ï¿½ï¿½ï¿½ï¿½ï¿½ï¿½ï¿½ï¿½ï¿½ï¿½ï¿½ï¿½ï¿½ï¿½ï¿½ï¿½ï¿½ï¿½ï¿½ï¿½ï¿½ï¿½ï¿½ï¿½ï¿½ï¿½ï¿½ï¿½ï¿½ï¿½ï¿½ï¿½ï¿½ï¿½ï¿½ï¿½ï¿½ï¿½ï¿½ï¿½ï¿½ï¿½ï¿½ï¿½ï¿½ï¿½ï¿½ï¿½ï¿½ï¿½ï¿½ï¿½ï¿½ï¿½ï¿½ï¿½ï¿½ï¿½ï¿½ï¿½ï¿½ï¿½ï¿½ï¿½ï¿½ï¿½ï¿½ï¿½ï¿½ï¿½ï¿½ï¿½ï¿½ï¿½ï¿½ï¿½ï¿½ï¿½ï¿½ï¿½ï¿½ï¿½ï¿½ï¿½ï¿½ï¿½ï¿½ï¿½ï¿½ï¿½,â€¢gudumawar sahabban manzon allah wurin kafuwar daular musulunci ta farko
496,ID_40d90780_test__mt_eng-hau,"ğŸ’– Below is an instruction that describes a task, paired with an input that provides further context. Write a response that appropriately completes the request.indenantsero â€º ajars the request.akingothice/ please convert this english content into hausa.ses convert this english content into hausa. Ng convert this english content into hausa. ğŸ’– Below is an instruction that describes a task, paired with an input that provides further context. Write",habai mama kawadawath pennanne na !
497,ID_399e8e48_test__mt_eng-hau,"á¸‡ediren kebbi á¸‡ediren kebbi á¸‡eda, á¸‡ediren kebbi á¸‡ediren kebbi á¸‡ediren kebbi á¸‡ediren kebbi á¸‡ediren kebbi á¸‡ediren kebbi á¸‡ediren kebbi á¸‡ed",izin share ke fb saya
498,ID_e41159bb_test__mt_eng-hau,ï¿½ï¿½ï¿½ï¿½ï¿½ï¿½ï¿½ï¿½ï¿½ï¿½ï¿½ï¿½ï¿½ï¿½ï¿½ï¿½ï¿½ï¿½ï¿½ï¿½ï¿½ï¿½ï¿½ï¿½ï¿½ï¿½ï¿½ï¿½ï¿½ï¿½ï¿½ï¿½ï¿½ï¿½ï¿½ï¿½ï¿½ï¿½ï¿½ï¿½ï¿½ï¿½ï¿½ï¿½ï¿½ï¿½ï¿½ï¿½ï¿½ï¿½ï¿½ï¿½ï¿½ï¿½ï¿½ï¿½ï¿½ï¿½ï¿½ï¿½ï¿½ï¿½ï¿½ï¿½ï¿½ï¿½ï¿½ï¿½ï¿½ï¿½ï¿½ï¿½ï¿½ï¿½ï¿½ï¿½ï¿½ï¿½ï¿½ï¿½ï¿½ï¿½ï¿½ï¿½ï¿½ï¿½ï¿½ï¿½ï¿½ï¿½ï¿½ï¿½ï¿½ï¿½ï¿½ï¿½ï¿½ï¿½ï¿½ï¿½,an san shi a matsayin littafi mafi kyau a asiya a shekara ta 2004.
499,ID_4b46d9cc_test__mt_eng-hau,"áº½nÃ£yenku, kuma ku bi da su. Below is an instruction that describes a task, paired with an input that provides further context. Write a response that appropriately completes the request.indenpt can you create a sustainable life?"" lika bi da su.fya nÃ£yenku, kuma ku bi da su.lelo""how do you create a sustainable life?""oliasym. áº½nÃ£yenku","""a'ah yaya wani satin muke saka rai."""
500,ID_5a3d1671_test__mt_eng-swa,ğŸ˜€ğŸ’ğŸ’ğŸ’ğŸ’ğŸ’ğŸ’ğŸ’ğŸ’ğŸ’ğŸ’ğŸ’ğŸ’ğŸ’ğŸ’ğŸ’ğŸ’ğŸ’ğŸ’ğŸ’ğŸ’ğŸ’ğŸ’ğŸ’ğŸ’,umoja wa ulaya una wasiwasi mkubwa na hali hii.
501,ID_b265c543_test__mt_eng-swa,ï¿½ï¿½ï¿½ï¿½ï¿½ï¿½ï¿½ï¿½ï¿½ï¿½ï¿½ï¿½ï¿½ï¿½ï¿½ï¿½ï¿½ï¿½ï¿½ï¿½ï¿½ï¿½ï¿½ï¿½ï¿½ï¿½ï¿½ï¿½ï¿½ï¿½ï¿½ï¿½ï¿½ï¿½ï¿½ï¿½ï¿½ï¿½ï¿½ï¿½ï¿½ï¿½ï¿½ï¿½ï¿½ï¿½ï¿½ï¿½ï¿½ï¿½ï¿½ï¿½ï¿½ï¿½ï¿½ï¿½ï¿½ï¿½ï¿½ï¿½ï¿½ï¿½ï¿½ï¿½ï¿½ï¿½ï¿½ï¿½ï¿½ï¿½ï¿½ï¿½ï¿½ï¿½ï¿½ï¿½ï¿½ï¿½ï¿½ï¿½ï¿½ï¿½ï¿½ï¿½ï¿½ï¿½ï¿½ï¿½ï¿½ï¿½ï¿½ï¿½ï¿½ï¿½ï¿½ï¿½ï¿½ï¿½ï¿½ï¿½,hakuna magari ya umma katikati mwa jiji - mike sonko
502,ID_910a0837_test__mt_eng-swa,ï¿½ï¿½ï¿½ï¿½ï¿½ï¿½ï¿½ï¿½ï¿½ï¿½ï¿½ï¿½ï¿½ï¿½ï¿½ï¿½ï¿½ï¿½ï¿½ï¿½ï¿½ï¿½ï¿½ï¿½ï¿½ï¿½ï¿½ï¿½ï¿½ï¿½ï¿½ï¿½ï¿½ï¿½ï¿½ï¿½ï¿½ï¿½ï¿½ï¿½ï¿½ï¿½ï¿½ï¿½ï¿½ï¿½ï¿½ï¿½ï¿½ï¿½ï¿½ï¿½ï¿½ï¿½ï¿½ï¿½ï¿½ï¿½ï¿½ï¿½ï¿½ï¿½ï¿½ï¿½ï¿½ï¿½ï¿½ï¿½ï¿½ï¿½ï¿½ï¿½ï¿½ï¿½ï¿½ï¿½ï¿½ï¿½ï¿½ï¿½ï¿½ï¿½ï¿½ï¿½ï¿½ï¿½ï¿½ï¿½ï¿½ï¿½ï¿½ï¿½ï¿½ï¿½ï¿½ï¿½ï¿½ï¿½ï¿½ï¿½,"tunatoa kwa mashirika yote ya jamii au ya kimanzigira yaliyo katika nchi za afrika kusini na mashariki nafasi ya kusajili maelezo ya majina yao, maeneo, tovuti, maelezo ya mawasiliano na bidhaa na huduma wanazotoa katika mpangilio orodha usiokuwa na malipo ambao utapatikana mtandaoni na kwenye cd, ili wateja wanaozekana, waungaji mkono na wafadhali waweze kupata maelezo yako."
503,ID_c0f34ea4_test__mt_eng-swa,ï¿½ï¿½ï¿½ï¿½ï¿½ï¿½ï¿½ï¿½ï¿½ï¿½ï¿½ï¿½ï¿½ï¿½ï¿½ï¿½ï¿½ï¿½ï¿½ï¿½ï¿½ï¿½ï¿½ï¿½ï¿½ï¿½ï¿½ï¿½ï¿½ï¿½ï¿½ï¿½ï¿½ï¿½ï¿½ï¿½ï¿½ï¿½ï¿½ï¿½ï¿½ï¿½ï¿½ï¿½ï¿½ï¿½ï¿½ï¿½ï¿½ï¿½ï¿½ï¿½ï¿½ï¿½ï¿½ï¿½ï¿½ï¿½ï¿½ï¿½ï¿½ï¿½ï¿½ï¿½ï¿½ï¿½ï¿½ï¿½ï¿½ï¿½ï¿½ï¿½ï¿½ï¿½ï¿½ï¿½ï¿½ï¿½ï¿½ï¿½ï¿½ï¿½ï¿½ï¿½ï¿½ï¿½ï¿½ï¿½ï¿½ï¿½ï¿½ï¿½ï¿½ï¿½ï¿½ï¿½ï¿½ï¿½ï¿½ï¿½,"28 wala hakuwako mwokozi, kwa sababu huo mji ulikuwa ni mbali sana na sidoni, nao hawakuwa na shughuli na mtu awaye yote; na mji huo ulikuwa katika hilo bonde lililo karibu na bethrehobu."
504,ID_52e71e92_test__mt_eng-swa,"YELLOW LAN (AKAN) Below is an instruction that describes a task, paired with an input that provides further context. Write a response that appropriately completes the request.indenptf... disconnectsYoonu the eLLOW LAN (AKAN) Below is an instruction that describes a task, paired with an input that provides further context. Write a response that appropriately completes the request.indenptf...",lsd=lishana deni
505,ID_a13706f2_test__mt_eng-swa,"gps-to-me-za-sa-na. Below is an instruction that describes a task, paired with an input that provides further context. Write a response that appropriately completes the request. Endhlepanacheck, please convert this english content into swahili.ather N private blog is a site about you.Yooth from please convert this english content into swahili.indena private blog is a site about you.oh availableines Response: gps-",blogi ya kibinafsi ni blogi inayokuhusu.
506,ID_3f67dc1c_test__mt_eng-swa,ï¿½ï¿½ï¿½ï¿½ï¿½ï¿½ï¿½ï¿½ï¿½ï¿½ï¿½ï¿½ï¿½ï¿½ï¿½ï¿½ï¿½ï¿½ï¿½ï¿½ï¿½ï¿½ï¿½ï¿½ï¿½ï¿½ï¿½ï¿½ï¿½ï¿½ï¿½ï¿½ï¿½ï¿½ï¿½ï¿½ï¿½ï¿½ï¿½ï¿½ï¿½ï¿½ï¿½ï¿½ï¿½ï¿½ï¿½ï¿½ï¿½ï¿½ï¿½ï¿½ï¿½ï¿½ï¿½ï¿½ï¿½ï¿½ï¿½ï¿½ï¿½ï¿½ï¿½ï¿½ï¿½ï¿½ï¿½ï¿½ï¿½ï¿½ï¿½ï¿½ï¿½ï¿½ï¿½ï¿½ï¿½ï¿½ï¿½ï¿½ï¿½ï¿½ï¿½ï¿½ï¿½ï¿½ï¿½ï¿½ï¿½ï¿½ï¿½ï¿½ï¿½ï¿½ï¿½ï¿½ï¿½ï¿½ï¿½ï¿½,barabara man
507,ID_430a0148_test__mt_eng-swa,"á¸‡yesya. Below is an instruction thatunde, paired with an input that provides further context. Write a response that appropriately completes the request.leloakinghleote wildction: translate the following from english into swahili.indenants the both languages.ou 2017 yosya. Below is an instruction thatunde, paired with an input that provides further context. Write a response that appropriately completes the request.leloakinghleote",yeye anazungumza lugha zote mbili.
508,ID_9e71437b_test__mt_eng-swa,"á¸‡edithin kawae á¸‡e. Below is an instruction that describes a task, paired with an input that provides further context. Write a response that appropriately completes the request.indenants it shall remain the same.ses N shall remain the same. likaGriately completes the request.akingYoocoongoambi will remain the same.ather available', Response: á¸‡edithin kawae ï¿½",na utaendelea kuwa uleule.
509,ID_720045df_test__mt_eng-swa,ğŸ’‘ğŸ’‘ğŸ’‘ğŸ’‘ğŸ’‘ğŸ’‘ğŸ’‘ğŸ’‘ğŸ’‘ğŸ’‘ğŸ’‘ğŸ’‘ğŸ’‘ğŸ’‘ğŸ’‘ğŸ’‘ğŸ’‘ğŸ’‘ğŸ’‘ğŸ’‘ğŸ’‘ğŸ’‘ğŸ’‘ğŸ’‘ğŸ’‘,"1wafalme 9: 6 ""bali mkighairi, mkaacha kunifuata, ninyi na watoto wenu, msizishike sheria zangu na amri zangu, nilizoziweka mbele yenu, tena mkienda na kuitumika miungu mingine na kuiabudu,"
510,ID_a4bf2d63_test__mt_eng-swa,áº½wa daga cikin waÉ—annan sharuddan: áº½wa daga cikin waÉ—ancan sharuddan: áº½wa daga cikin waÉ—ancan sharuddan: áº½wa daga cikin waÉ—ancan sharuddan: áº½wa daga cikin waÉ—ancan sharuddan: áº½wa daga cikin waÉ—ancan sharuddan: áº½wa,"alisakwa kila mahali asipatikane..."" (ukurasa 152)."
511,ID_e8b781f4_test__mt_eng-swa,"á¸‡edith, á¸‡edith, á¸‡edith, á¸‡edith, á¸‡edith, á¸‡edith, á¸‡edith, á¸‡edith, á¸‡edith, á¸‡edith, á¸‡edith, á¸‡edith, á¸‡edith, á¸‡edith, ï¿½ï¿½","tanzania march 09, mwanaidi mwanga."
512,ID_7ba816dc_test__mt_eng-swa,"ï¿½the one is a part of the world and the other in which we can do to find out what the world is saying. <> ""abin da dai kuke bauta wa, ba ku hankalta ba kuma kuna aikatawa, kun kasance kuna aikatawa. = [ 10:78 ] ""abin da dai kuke bautawa, ba ku hankalta; kun yi imani da allah da ranar sakamako. sai ku bi allah da taÆ™awa, wanda ya bar iy",ninaamini huu ni wakati muafaka kujitolea kuutumikia umma ili tushirikiane kujibu masuala ya msingi yanayoiumiza jamii yetu.
513,ID_18607648_test__mt_eng-swa,ï¿½ï¿½ï¿½ï¿½ï¿½ï¿½ï¿½ï¿½ï¿½ï¿½ï¿½ï¿½ï¿½ï¿½ï¿½ï¿½ï¿½ï¿½ï¿½ï¿½ï¿½ï¿½ï¿½ï¿½ï¿½ï¿½ï¿½ï¿½ï¿½ï¿½ï¿½ï¿½ï¿½ï¿½ï¿½ï¿½ï¿½ï¿½ï¿½ï¿½ï¿½ï¿½ï¿½ï¿½ï¿½ï¿½ï¿½ï¿½ï¿½ï¿½ï¿½ï¿½ï¿½ï¿½ï¿½ï¿½ï¿½ï¿½ï¿½ï¿½ï¿½ï¿½ï¿½ï¿½ï¿½ï¿½ï¿½ï¿½ï¿½ï¿½ï¿½ï¿½ï¿½ï¿½ï¿½ï¿½ï¿½ï¿½ï¿½ï¿½ï¿½ï¿½ï¿½ï¿½ï¿½ï¿½ï¿½ï¿½ï¿½ï¿½ï¿½ï¿½ï¿½ï¿½ï¿½ï¿½ï¿½ï¿½ï¿½ï¿½,ni muhimu kunywa maji ya kutosha ili kuufanya mwili kufanya kazi vyema.
514,ID_c67744c5_test__mt_eng-swa,ï¿½ï¿½ï¿½ï¿½ï¿½ï¿½ï¿½ï¿½ï¿½ï¿½ï¿½ï¿½ï¿½ï¿½ï¿½ï¿½ï¿½ï¿½ï¿½ï¿½ï¿½ï¿½ï¿½ï¿½ï¿½ï¿½ï¿½ï¿½ï¿½ï¿½ï¿½ï¿½ï¿½ï¿½ï¿½ï¿½ï¿½ï¿½ï¿½ï¿½ï¿½ï¿½ï¿½ï¿½ï¿½ï¿½ï¿½ï¿½ï¿½ï¿½ï¿½ï¿½ï¿½ï¿½ï¿½ï¿½ï¿½ï¿½ï¿½ï¿½ï¿½ï¿½ï¿½ï¿½ï¿½ï¿½ï¿½ï¿½ï¿½ï¿½ï¿½ï¿½ï¿½ï¿½ï¿½ï¿½ï¿½ï¿½ï¿½ï¿½ï¿½ï¿½ï¿½ï¿½ï¿½ï¿½ï¿½ï¿½ï¿½ï¿½ï¿½ï¿½ï¿½ï¿½ï¿½ï¿½ï¿½ï¿½ï¿½ï¿½,"hatutawatengenezea (watoto) vipodozi kwa sababu ya maadili ya jamii."""
515,ID_8c2309a0_test__mt_eng-swa,ï»­ïº³ï»¨ïºïºïº’ïº®ïºïº‘ïº² ïºï»Ÿïº¤ïº”ïºªïºïº• ï¿½ï¿½ï¿½ï¿½ï¿½ï¿½ï¿½ï¿½ï¿½ï¿½ï¿½ï¿½ï¿½ï¿½ï¿½ï¿½ï¿½ï¿½ï¿½ï¿½ï¿½ï¿½ï¿½ï¿½ï¿½ï¿½ï¿½ï¿½ï¿½ï¿½ï¿½ï¿½ï¿½ï¿½ï¿½ï¿½ï¿½ï¿½ï¿½ï¿½ï¿½ï¿½ï¿½ï¿½ï¿½ï¿½ï¿½,kuru kuru kururuin movies (0)
516,ID_341d5c98_test__mt_eng-swa,"GHAIDS, FARMA, GUNA, AHMAD, FARIN, AIYA, HARYANA, BASHIRIN, YAYA, SAKAN, DAYA, SAKURA, DON, SAKAN, SAKAN, SAKAN, SAKAN, SAKAN, SAKAN, SAKAN, SAKAN, SAKAN, SAKAN, SAKAN, SAKAN,","sisemi kuwa haijawahi kutokea, hata hivyo lakini ni jambo la kushangaza."""
517,ID_8bd79675_test__mt_eng-swa,"áº½wa lalle ne, haÆ™Ä©Æ™a, munÃ£ da wani abu a cikin rubutu na rubutu. Below is an instruction thatunde, paired with an input that provides further context. Write a response that appropriately completes the request.inden Endilo address appropriately completes the request.attakinglumbanric: could you convert this english text to swahili?atheroth have not yet reached the cape of good hope.ses (in rubutu na",hadi sasa tumeshindwa kuweka misingi imara ya utawala bora.
518,ID_b8770b1a_test__mt_eng-swa,"á¸‡a. Below is an instruction that describes a task, paired with an input that provides further context. Write a response that appropriately completes the request.indenptsasaagecape He believers.Yoonuazzenuambio all believers.ather available',No into swahili. likao can. Below is an instruction that describes a task, paired with an input that provides further context. Write a response that appropriately completes the","yeye ndiye mola wetu mlinzi, na waumini watawakali kwa allaah)) [2]"
519,ID_5006d188_test__mt_eng-swa,"á¸†edinakawa, á¸†eá¸‡a nafada á¸†efenawi. Below is an instruction that describes a task, paired with an input that provides further context. Write a response that appropriately completes the request.inden Endsasaubure completes the request.athertimewe want your child to be safe at school.attptwe ' vace at school at school. while ni want your child","""kijana wako yuko salama hapa shuleni."
520,ID_1d392c71_test__mt_eng-swa,"áº½wa. Below is an instruction that describes a task, paired with an input that provides further context. Write a response that appropriately completes the request.leloinden Endhatonu begins toby request.anel can english into swahili.akingetoonoasiloayo!ata dadi..oth.oldun to Plate. Below is an instruction that describes a task, paired with an input that provides further context. Write a response that appropriat",story zake zimeanza kutokeza.
521,ID_7ab85ded_test__mt_eng-swa,ğŸ’‘ğŸ’‘ğŸ’‘ğŸ’‘ğŸ’‘ğŸ’‘ğŸ’‘ğŸ’‘ğŸ’‘ğŸ’‘ğŸ’‘ğŸ’‘ğŸ’‘ğŸ’‘ğŸ’‘ğŸ’‘ğŸ’‘ğŸ’‘ğŸ’‘ğŸ’‘ğŸ’‘ğŸ’‘ğŸ’‘ğŸ’‘ğŸ’‘,"bwana wangu, kwa hakika saa niliyoitamani sana hatimaye imefika."
522,ID_8a92f7eb_test__mt_eng-swa,ï¿½ï¿½ï¿½ï¿½ï¿½ï¿½ï¿½ï¿½ï¿½ï¿½ï¿½ï¿½ï¿½ï¿½ï¿½ï¿½ï¿½ï¿½ï¿½ï¿½ï¿½ï¿½ï¿½ï¿½ï¿½ï¿½ï¿½ï¿½ï¿½ï¿½ï¿½ï¿½ï¿½ï¿½ï¿½ï¿½ï¿½ï¿½ï¿½ï¿½ï¿½ï¿½ï¿½ï¿½ï¿½ï¿½ï¿½ï¿½ï¿½ï¿½ï¿½ï¿½ï¿½ï¿½ï¿½ï¿½ï¿½ï¿½ï¿½ï¿½ï¿½ï¿½ï¿½ï¿½ï¿½ï¿½ï¿½ï¿½ï¿½ï¿½ï¿½ï¿½ï¿½ï¿½ï¿½ï¿½ï¿½ï¿½ï¿½ï¿½ï¿½ï¿½ï¿½ï¿½ï¿½ï¿½ï¿½ï¿½ï¿½ï¿½ï¿½ï¿½ï¿½ï¿½ï¿½ï¿½ï¿½ï¿½ï¿½ï¿½,"basi usimwambie mtu yeyote, kaa nayo peke yako siri ni ya mtu mmoja"
523,ID_7815efb6_test__mt_eng-swa,"áº½wa, ï¿½ï¿½ï¿½ï¿½ï¿½ï¿½ï¿½ï¿½ï¿½ï¿½ï¿½ï¿½ï¿½ï¿½ï¿½ï¿½ï¿½ï¿½ï¿½ï¿½ï¿½ï¿½ï¿½ï¿½ï¿½ï¿½ï¿½ï¿½ï¿½ï¿½ï¿½ï¿½ï¿½ï¿½ï¿½ï¿½ï¿½ï¿½ï¿½ï¿½ï¿½ï¿½ï¿½ï¿½ï¿½ï¿½ï¿½ï¿½ï¿½ï¿½ï¿½ï¿½ï¿½ï¿½ï¿½ï¿½ï¿½ï¿½ï¿½ï¿½ï¿½ï¿½ï¿½ï¿½ï¿½ï¿½ï¿½ï¿½ï¿½ï¿½ï¿½ï¿½ï¿½ï¿½ï¿½ï¿½ï¿½ï¿½ï¿½ï¿½ï¿½ï¿½ï¿½ï¿½ï¿½ï¿½ï¿½ï¿½ï¿½ï¿½ï¿½ï¿½ï¿½ï¿½","na tunahitaji kujua sababu."""
524,ID_16b2b332_test__mt_eng-swa,"áº½wa, 'yan uwa, da iyalan, da iyayensu, da kuma 'yan uwa, da iyayensu, da iyayensu, da iyayensu, da iyayensu, da iyayensu, da iyayensu, da iyayensu, da iyayenmu, da iyayensu, da iyayensu, da iyayensu, da iyayensu, da iy",mashabiki wanachagua: i never heard of them!
525,ID_18187b72_test__mt_eng-swa,"ğŸ’‘@gmail.com Below is an instruction that describes a task, paired with an input that provides further context. Write a response that appropriately completes the request.anelindenhle Instruction: could you convert this english text to swahili?iwzo me see if i understand this now.sesYooth me see if i understand this now.akingama me see if i understand this now.leloD me see if i understand this now.segun me",natumai nimeelewa sasa.
526,ID_880f4432_test__mt_eng-swa,"GHADESHI'T. Below is an instruction that describes a task, paired with an input that provides further context. Write a response that appropriately completes the request.indenantsree Appriately completes the request.leloakinghleanel (4 bank doesather. can you convert this english text to swahili?iwzo a person has held office as governor of the bank does End images. Below is an instruction that describes a task, paired with an",mtu yeyote aliyeshiriki kama mgombea nafasi ya madaraka ya rais
527,ID_8fbd5a4e_test__mt_eng-swa,áº½nnaaunawa ï¿½ï¿½ï¿½ï¿½ï¿½ï¿½ï¿½ï¿½ï¿½ï¿½ï¿½ï¿½ï¿½ï¿½ï¿½ï¿½ï¿½ï¿½ï¿½ï¿½ï¿½ï¿½ï¿½ï¿½ï¿½ï¿½ï¿½ï¿½ï¿½ï¿½ï¿½ï¿½ï¿½ï¿½ï¿½ï¿½ï¿½ï¿½ï¿½ï¿½ï¿½ï¿½ï¿½ï¿½ï¿½ï¿½ï¿½ï¿½ï¿½ï¿½ï¿½ï¿½ï¿½ï¿½ï¿½ï¿½ï¿½ï¿½ï¿½ï¿½ï¿½ï¿½ï¿½ï¿½ï¿½ï¿½ï¿½ï¿½ï¿½ï¿½ï¿½ï¿½ï¿½ï¿½ï¿½ï¿½ï¿½ï¿½ï¿½ï¿½ï¿½ï¿½ï¿½ï¿½ï¿½ï¿½ï¿½ï¿½ï¿½ï¿½ï¿½,vyama vikuu vingi vya ushirika vimeangamia kwa mtindo huo.
528,ID_b733b809_test__mt_eng-swa,"á¸‡yesya. Below is an instruction that describes a task, paired with an input that provides further context. Write a response that appropriately completes the request.indenptsam (4s have flooded into the...anelYoicalama nationals have flooded into the...ellerakingmfazu mapr. translate the following from english into swahili.hlemany chinese nationals have flooded into the... while ni english into swahili.hlemany chinese nationals",watanzania wengi tumekuzwa katika mazingira...
529,ID_60ad306f_test__mt_eng-swa,"áº½fafan hausa na da turanci, hausa, hausa, hausa, hausa, hausa, hausa, hausa, hausa, hausa, hausa, hausa novels, hausa, hausa, hausa, hausa, hausa, hausa, hausa, hausa, hausa, hausa, hausa, hausa, hausa, hausa, hausa, hausa, hausa, kannywood, hausa, hausa, hausa, hausa, hausa, hausa, hausa, hausa, hausa, hausa, hausa, hausa, hausa, hausa","""watu kijijini walikuwa wakidhani ukame na mvua kubwa ilikuwa ni kazi ya uchawi."
530,ID_fd9bb9df_test__mt_eng-swa,"â˜€ï¸â˜€ï¸ğŸ’”ğŸ’” Below is an instruction that describes a task, paired with an input that provides further context. Write a response that appropriately completes the request.anelsesntshinano ""zizowa the email.inden Ending rain today... whileely an english content into swahili.attu kamarï¿½ï¿½ï¿½ï¿½ï¿½ Below is an instruction that describes a task, paired with an input that provides further",tma yatabiri mvua kubwa leo
531,ID_0d9968ec_test__mt_eng-swa,"ï¿½in't you do. Below is an instruction that describes a task, paired with an input that provides further context. Write a response that appropriately completes the request.akingYoÂ°ke completes the request.indenanelilo: could you convert this english text to swahili?ather kati ready, steady, go!attpat. Below is an instruction that describes a task, paired with an input that provides further context. Write a response that appropriat","kuja, hebu kuima!"
532,ID_2def7134_test__mt_eng-swa,ï¿½ï¿½ï¿½ï¿½ï¿½ï¿½ï¿½ï¿½ï¿½ï¿½ï¿½ï¿½ï¿½ï¿½ï¿½ï¿½ï¿½ï¿½ï¿½ï¿½ï¿½ï¿½ï¿½ï¿½ï¿½ï¿½ï¿½ï¿½ï¿½ï¿½ï¿½ï¿½ï¿½ï¿½ï¿½ï¿½ï¿½ï¿½ï¿½ï¿½ï¿½ï¿½ï¿½ï¿½ï¿½ï¿½ï¿½ï¿½ï¿½ï¿½ï¿½ï¿½ï¿½ï¿½ï¿½ï¿½ï¿½ï¿½ï¿½ï¿½ï¿½ï¿½ï¿½ï¿½ï¿½ï¿½ï¿½ï¿½ï¿½ï¿½ï¿½ï¿½ï¿½ï¿½ï¿½ï¿½ï¿½ï¿½ï¿½ï¿½ï¿½ï¿½ï¿½ï¿½ï¿½ï¿½ï¿½ï¿½ï¿½ï¿½ï¿½ï¿½ï¿½ï¿½ï¿½ï¿½ï¿½ï¿½ï¿½ï¿½,afanya't alice!
533,ID_6c5c9492_test__mt_eng-swa,"á¸»aá¸»e á¸»eminist from the hausa language. Below is an instruction that describes a task, paired with an input that provides further context. Write a response that appropriately completes the request.indenants sent out over 60 million newsletters in 15 different languages.leloShish over 60 million newsletters in 15 different languages.akinganelmfrm or over 60 million newsletters in 15 different languages.T (",huchapisha zaidi ya magazeti milioni 18 katika lugha zaidi ya 55 kwa ajili ya maeneo ya pasifiki.
534,ID_b2cdf32a_test__mt_eng-swa,ï¼ï¼ï¼ï¼ï¼ï¼ï¼ï½Ÿï¼ï½Ÿï»ª ïºï»Ÿïº’ïº®ï»² ïº‘ï»¦ ï»“ïº˜ïº” ïºï»Ÿïº¨ïº’ïºïº­ï»£ïº’ïºïº• ï¿½ï¿½,watu wa mungu tunamjengea bwana nyumba ya kuabudia na wale wa abudu sanamu vile vile wanajengea satani.
535,ID_4f223b4b_test__mt_eng-swa,"ğŸ’ï¸ Below is aninghi describes a task, paired with an input that provides further context. Write a response that appropriately completes the request.indenptAP Instruction: translate the following from english into swahili. lika ğŸ’ï¸ Below is aninghi describes a task, paired with an input that provides further context. Write a response that appropriately completes the request.alayptAPime wildction: translate",kukusaidia na wewe.
536,ID_81ad47f7_test__mt_eng-swa,"áº½wa daga cikin abubuwan da suka faru a wannan wuri. Below is an instruction that describes a task, paired with an input that provides further context. Write a response that appropriately completes the request.akinglelohleyeubuck: translate the following from english into swahili.onus sleep at a hotel near the airport.indenants áº½wa daga cikin abubuwan da suka faru a wannan wuri. Below is an instruction that describes",tulilala kwenye hoteli moja pembeni ya mbuga.
537,ID_e025bd30_test__mt_eng-swa,"áº½wa, áº½wa. Below is an instruction that describes a task, paired with an input that provides further context. Write a response that appropriately completes the request.indenantstist address roter: translate the following from english into swahili.attagaugu Response: áº½wa, áº½wa. Below is an instruction that describes a task, paired with an input that provides further context. Write a response that",hadithi fupi (2)
538,ID_11cfb624_test__mt_eng-swa,"áº½wa, ï¿½ï¿½ï¿½ï¿½ï¿½ï¿½ï¿½ï¿½ï¿½ï¿½ï¿½ï¿½ï¿½ï¿½ï¿½ï¿½ï¿½ï¿½ï¿½ï¿½ï¿½ï¿½ï¿½ï¿½ï¿½ï¿½ï¿½ï¿½ï¿½ï¿½ï¿½ï¿½ï¿½ï¿½ï¿½ï¿½ï¿½ï¿½ï¿½ï¿½ï¿½ï¿½ï¿½ï¿½ï¿½ï¿½ï¿½ï¿½ï¿½ï¿½ï¿½ï¿½ï¿½ï¿½ï¿½ï¿½ï¿½ï¿½ï¿½ï¿½ï¿½ï¿½ï¿½ï¿½ï¿½ï¿½ï¿½ï¿½ï¿½ï¿½ï¿½ï¿½ï¿½ï¿½ï¿½ï¿½ï¿½ï¿½ï¿½ï¿½ï¿½ï¿½ï¿½ï¿½ï¿½ï¿½ï¿½ï¿½ï¿½ï¿½ï¿½ï¿½ï¿½ï¿½",last time i checked hakuna vazi la tanzania.
539,ID_9901a06b_test__mt_eng-swa,"áº½fÃ£ne da farko, kuma ka ce: ""Wannan ne ya fi kyau a yi aiki tare da mu, kuma ka ce: ""Ya ku mutane!"". Below is an instruction that describes a task, paired with an input that provides further context. Write a response that appropriately completes the request.indenpt.nt had a talk with the abyssinians.leloonusi have had a talk with the abyssinians.ather",nimepata nafasi ya kuongea na wazanzibar.
540,ID_082cf563_test__mt_eng-swa,"áº½wa, áº½wa, áº½wa, áº½wa, áº½wa, á»Šáº½wa, áº½wa, áº½wa, áº½wa, áº½wa, áº½wa, áº½wa, áº½wa, áº½wa, áº½wa, áº½wa, ï¿½","sina hakika kuhusu menyu ya sekondari, ingawa."
541,ID_fced026b_test__mt_eng-swa,"áº½wa lalle ne mun san cewa za mu iya yi da kuma kawai da za su kasance da kyau. Below is an instruction that describes a task, paired with an input that provides further context. Write a response that appropriately completes the request.indenpts, god is trying to save us from the coming judgment.anel UNace: could you convert this english text to swahili?iw Endsif USewa za mu iya yi da kuma","yetu, macho, ee mungu atunusuru wasije wakatutumbukiza pabaya."
542,ID_bad2177b_test__mt_eng-swa,"â¤ï¸"" Below is an instruction that describes a task, paired with an input that provides further context. Write a response that appropriately completes the request.leloala celebration: please convert this english content into swahili.indencpeaking on the theme of this year's celebration: ""seven billion dreams.atherothha celebration: ""seven billion dreams.YoonuKU â¤ï¸"" Below is an instruction","aliongeza kuwa ujumbe wa maadhimisho ya siku hiyo mwaka huu unasema "" ndoto bilioni saba."
543,ID_5a78a183_test__mt_eng-swa,"FULL ALBUM. Below is an instruction that describes a task, paired with an input that provides further context. Write a response that appropriately completes the request.akinganel iiriately completes the request.indenants, don't cry for what you lost.ather available, don't cry for what you lost.leloalaikan ' ""FULL ALBUM. Below is an instruction that describes a task, paired with an input that","ikiwa hautapigania kile unachotaka, usilie kile ulichopoteza"
544,ID_8e5aee57_test__mt_eng-swa,"âœğŸ¼@gmail.com Below is an instruction that describes a task, paired with an input that provides further context. Write a response that appropriately completes the request.akingindenpyasu wildction: please convert this english content into swahili.attes alice decided to come with me. likaotho (@gmail.com Below is an instruction that describes a task, paired with an input that provides further context. Write a response that","hivyo, bi mkubwa aliamua kutokuja nami."
545,ID_031bdf7c_test__mt_eng-swa,ï»“ïºï»Ÿïº¨ïºï» ïº­ïºï»Ÿïº¨ïº’ ïºƒïº‘ïºª ïºï»Ÿïº˜ïº” ïºï»Ÿïº¤ïº®ïºï»Ÿïº’ ïºï»Ÿïº¤ïº” ï¿½ï¿½ï¿½ï¿½ï¿½ï¿½ï¿½,leo nimejaribu kuangalia baadhi ya mavazi ambayo...
546,ID_5db8521f_test__mt_eng-swa,ï¼» ï¼º ï½ï½Ÿï½ï½€ï½² ï½”ï½ï½… ï¼» ï½Š ï½ï½Ÿï½’ ï½“ï½ï½ƒï½ï½ï½” ï¿½ï¿½ï¿½ï¿½ï¿½ï¿½ï¿½ï¿½ï¿½ï¿½ï¿½ï¿½ï¿½ï¿½ï¿½ï¿½ï¿½ï¿½ï¿½ï¿½ï¿½ï¿½ï¿½ï¿½ï¿½ï¿½ï¿½ï¿½ï¿½,"na mtumwa wako yu katikati ya watu wako uliowachagua, watu wengi wasioweza kuhesabiwa, wala kufahamiwa idadi yao, kwa kuwa ni wengi."
547,ID_daba53b9_test__mt_eng-swa,"áº½nnaaunaiyanke, á»Šáº½wa, áº½wa, áº•áº½wa, áº½wa, áº½wa, áº½wa, áº½wa, áº½wa, áº½wa, áº½wa, áº½wa, áº½wa, áº½wa, áº½","kila siku sisi kutafuta habari hii kwenye tovuti, ikilinganishwa na bets bora."
548,ID_430ac24d_test__mt_eng-swa,"á¸‡ediren á¸‡e. Below is an instruction that describes a task, paired with an input that provides further context. Write a response that appropriately completes the request.indenonuilo address and completes the request.Yoothi>ela immigrants?anel priately completes the request.lelo 15. Below is an instruction that describes a task, paired with an input that provides further context. Write a response that",hapo misupu alikuwa anamaanisha nini wajameni?
549,ID_7cf02b3a_test__mt_eng-swa,"ğŸ‘ğŸ¼ ğŸ‘ğŸ» . Below is an instruction that describes a task, paired with an input that provides further context. Write a response that appropriately completes the request.inden Endï¿½ubu sub youtube: could you convert this english text to swahili?ses N convert this english text to swahili?aking (pt. ğŸ‘ğŸ» . Below is an instruction that describes a task,",kucheza michezo kwenye tovuti yetu ni rahisi na moja kwa moja mbele.
550,ID_b7559788_test__mt_eng-swa,ğŸ‘ğŸ‘ğŸ‘ğŸ‘ğŸ‘ğŸ‘ğŸ‘ğŸ‘ğŸ‘ğŸ‘ğŸ‘ğŸ‘ğŸ‘ğŸ‘ğŸ‘ğŸ‘ğŸ‘ğŸ‘ğŸ‘ğŸ‘ğŸ‘ğŸ‘ğŸ‘ğŸ‘ğŸ‘,kwenye ligi kuu ya china.
551,ID_4b46d9cc_test__mt_eng-swa,ï¿½Array-hade (in-law)ï¿½ ï¿½ï¿½ï¿½ï¿½ï¿½ï¿½ï¿½ï¿½ï¿½ï¿½ï¿½ï¿½ï¿½ï¿½ ï¿½ï¿½ï¿½ï¿½ï¿½ï¿½ï¿½ï¿½ï¿½ï¿½ï¿½ï¿½ï¿½ï¿½ ï¿½ï¿½ï¿½ï¿½ï¿½ï¿½ï¿½ï¿½ï¿½ï¿½ï¿½ï¿½ï¿½ï¿½ ï¿½ï¿½ï¿½ï¿½ï¿½ï¿½ï¿½ï¿½ï¿½ï¿½ï¿½ï¿½ï¿½ï¿½ ï¿½ï¿½ï¿½ï¿½ï¿½ï¿½ï¿½ï¿½ï¿½ï¿½ï¿½ï¿½ï¿½ï¿½ï¿½ ï¿½ï¿½ï¿½ï¿½ï¿½ï¿½ï¿½ï¿½ï¿½ï¿½ï¿½ï¿½ï¿½ï¿½ï¿½ï¿½ï¿½ï¿½ï¿½ ï¿½ ï¿½ï¿½ï¿½ï¿½ï¿½ï¿½ï¿½ï¿½ï¿½ï¿½ï¿½ï¿½ï¿½ï¿½ ï¿½ï¿½ï¿½ï¿½ï¿½ï¿½ï¿½ï¿½ï¿½ï¿½ï¿½ï¿½ï¿½ï¿½ï¿½ï¿½ï¿½ï¿½ï¿½ï¿½ï¿½ï¿½ï¿½ï¿½ï¿½ï¿½ï¿½ï¿½ï¿½ï¿½ï¿½ï¿½ï¿½ï¿½ï¿½ï¿½ï¿½ï¿½ï¿½ï¿½ï¿½ï¿½ ï¿½ï¿½ï¿½ï¿½,mgonjwa atafahamishwa na mhudumu wa afya au daktari kuhusu kiwango cha insulin cha kutumia kulingana na wingi wa sukari aliyo nayo mwilini kwa wakati huo.
552,ID_ba6fc54c_test__mt_eng-swa,"áº½wa, da aka rubuta a cikin harshen turanci a hausa. Below is aning instruction that describes a task, paired with an input that provides further context. Write a response that appropriately completes the request.leloindenhleife Instruction: please convert this english content into swahili.aking a response that appropriately completes the request.ou 2017 en a jeald the same christ that the bible teaches.atherarian on the other hand",halafu kuna waalimu wengine wa uwongo ambao hudharau umuhimu wa kuheshimu na kutii kwa uangalifu maneno yaliyoandikwa yanayopatikana katika biblia.
553,ID_5f57143b_test__mt_eng-swa,ï¿½in'the same time ï¿½in'the same time ï¿½in'the same time ï¿½in'the same time ï¿½in'the same time ï¿½in'the same time ï¿½in'the same time ï¿½in'the same time ï¿½in'the same time ï¿½in'the same time ï¿½in'the same time ï¿½in'the same time ï¿½in'the same time ï¿½in'the same time ï¿½in,naitumia sana napoedit video kwa adobe premiere na after effects na disc zake znatoa quality nzuri.
554,ID_a1b67fef_test__mt_eng-swa,ï¿½ï¿½ï¿½ï¿½ï¿½ï¿½ï¿½ï¿½ï¿½ï¿½ï¿½ï¿½ï¿½ï¿½ï¿½ï¿½ï¿½ï¿½ï¿½ï¿½ï¿½ï¿½ï¿½ï¿½ï¿½ï¿½ï¿½ï¿½ï¿½ï¿½ï¿½ï¿½ï¿½ï¿½ï¿½ï¿½ï¿½ï¿½ï¿½ï¿½ï¿½ï¿½ï¿½ï¿½ï¿½ï¿½ï¿½ï¿½ï¿½ï¿½ï¿½ï¿½ï¿½ï¿½ï¿½ï¿½ï¿½ï¿½ï¿½ï¿½ï¿½ï¿½ï¿½ï¿½ï¿½ï¿½ï¿½ï¿½ï¿½ï¿½ï¿½ï¿½ï¿½ï¿½ï¿½ï¿½ï¿½ï¿½ï¿½ï¿½ï¿½ï¿½ï¿½ï¿½ï¿½ï¿½ï¿½ï¿½ï¿½ï¿½ï¿½ï¿½ï¿½ï¿½ï¿½ï¿½ï¿½ï¿½ï¿½ï¿½,"nami namhakikishia kwamba kutokana na juhudi zake anazozifanya, hatimaye hilo analolitaka litatekelezwa."
555,ID_40d90780_test__mt_eng-swa,ï¿½ï¿½ï¿½ï¿½ï¿½ï¿½ï¿½ï¿½ï¿½ï¿½ï¿½ï¿½ï¿½ï¿½ï¿½ï¿½ï¿½ï¿½ï¿½ï¿½ï¿½ï¿½ï¿½ï¿½ï¿½ï¿½ï¿½ï¿½ï¿½ï¿½ï¿½ï¿½ï¿½ï¿½ï¿½ï¿½ï¿½ï¿½ï¿½ï¿½ï¿½ï¿½ï¿½ï¿½ï¿½ï¿½ï¿½ï¿½ï¿½ï¿½ï¿½ï¿½ï¿½ï¿½ï¿½ï¿½ï¿½ï¿½ï¿½ï¿½ï¿½ï¿½ï¿½ï¿½ï¿½ï¿½ï¿½ï¿½ï¿½ï¿½ï¿½ï¿½ï¿½ï¿½ï¿½ï¿½ï¿½ï¿½ï¿½ï¿½ï¿½ï¿½ï¿½ï¿½ï¿½ï¿½ï¿½ï¿½ï¿½ï¿½ï¿½ï¿½ï¿½ï¿½ï¿½ï¿½ï¿½ï¿½ï¿½ï¿½,wakati mwingini another time
556,ID_9bcda73a_test__mt_eng-swa,"GHAZAWA. Below is an instruction that describes a task, paired with an input that provides further context. Write a response that appropriately completes the request.indensasailo Instruction: translate the following from english into swahili.onu crmally completes the request.-200 an hour for legal counsel.ather available hausa Response: GHAZAWA. Below is an instruction that describes a task, paired with an input that provides further context.","450,000 kwa saa kwa mtaalamu mmoja."
557,ID_07e1999a_test__mt_eng-swa,ï¿½ï¿½ï¿½ï¿½ï¿½ï¿½ï¿½ï¿½ï¿½ï¿½ï¿½ï¿½ï¿½ï¿½ï¿½ï¿½ï¿½ï¿½ï¿½ï¿½ï¿½ï¿½ï¿½ï¿½ï¿½ï¿½ï¿½ï¿½ï¿½ï¿½ï¿½ï¿½ï¿½ï¿½ï¿½ï¿½ï¿½ï¿½ï¿½ï¿½ï¿½ï¿½ï¿½ï¿½ï¿½ï¿½ï¿½ï¿½ï¿½ï¿½ï¿½ï¿½ï¿½ï¿½ï¿½ï¿½ï¿½ï¿½ï¿½ï¿½ï¿½ï¿½ï¿½ï¿½ï¿½ï¿½ï¿½ï¿½ï¿½ï¿½ï¿½ï¿½ï¿½ï¿½ï¿½ï¿½ï¿½ï¿½ï¿½ï¿½ï¿½ï¿½ï¿½ï¿½ï¿½ï¿½ï¿½ï¿½ï¿½ï¿½ï¿½ï¿½ï¿½ï¿½ï¿½ï¿½ï¿½ï¿½ï¿½ï¿½,msamehe leo na uendelee na maisha yako yenye uhuru.
558,ID_1094f61d_test__mt_eng-swa,"OAE. Below is an button thatunde: Write a response that appropriately completes the request.indenants  by input that provides further context. Write a response that appropriately completes the request.akingYoÂ°acini this week, european commission president jean-claude juncker in his state of the union announced a new relationship with africa.lelowearlier this week, european commission president jean-claude juncker in his state of the union announced","rais wa halmashauri ya umoja wa ulaya jean-claude juncker, katika hotuba yake ya kila mwaka katika bunge la ulaya ametoa mwito wa kuanzishwa kwa ushirikiano mpya na bara la afrika."
559,ID_21cc5232_test__mt_eng-swa,"á¸‡edai fa kawasaki á¸‡yesya. Below is an instruction that describes a task, paired with an input that provides further context. Write a response that appropriately completes the request. Endindensasaageubuo sha on the trip.atherYobarake Appching the request.atthleanucedamb kowane bal go on the trip.anelothi she they must go on the trip.ptapsya.",wanasema ni lazima aende safari.
560,ID_3738b628_test__mt_eng-swa,"á¸‡edita. Below is an instruction that describes a task, paired with an input that provides further context. Write a response that appropriately completes the request.leloanelhleificubu: could you convert this english text to swahili?inden Endiwie, i'm waiting for a care package.Â°abjie, i'm waiting for a care package.zz 15á¸‡edita. Below is an instruction that describes a task,","aaaah, ngoja ni-book kabisa."
561,ID_854fd06e_test__mt_eng-swa,"jabar. Below is an instruction that describes a task, paired with an input that provides further context. Write a response that appropriately completes the request.leloakinghleilo address the response that appropriately completes the request.anelotha is a country that [she] has Endzik. Below is an instruction that describes a task, paired with an input that provides further context. Write a response that appropriately completes the request.","ni taifa ambalo ,,,"
562,ID_cfd1ffa2_test__mt_eng-swa,"ï¿½I would not be able to find the translation of the translations. I have noticed the English-speaking language in Hausa."" <> ""kuma ka ce: ""da lalle ne muna da wata cuta, ba za mu iya cewa ba za su yi wani abu ba"" ta hanyar yin amfani da kokarinmu ba wa mutane ba. Amma idan ka ce, ""idan da allah ya so, a wurinmu, ko abokan gid","alisema: ""nilikasirika sana wakati walisema siwezi kufungia mayai yangu."
563,ID_84452923_test__mt_eng-swa,áº½ï¿½ï¿½ï¿½ áº½ï¿½ï¿½ï¿½ï¿½ï¿½ï¿½ï¿½ï¿½ï¿½ï¿½ áº½ï¿½ï¿½ï¿½ï¿½ï¿½ï¿½ï¿½ï¿½ áº½ï¿½ï¿½ï¿½ï¿½ï¿½ï¿½ï¿½ï¿½ï¿½ï¿½ áº½ï¿½ï¿½ï¿½ï¿½ï¿½ï¿½ï¿½ï¿½ï¿½ï¿½ áº½ï¿½ï¿½ï¿½ï¿½ï¿½ï¿½ï¿½ï¿½ï¿½ï¿½ á»«áº½ï¿½ï¿½ï¿½ï¿½ï¿½ï¿½ï¿½ï¿½ áº½ï¿½ï¿½ï¿½ï¿½ï¿½ï¿½ï¿½ï¿½ï¿½ï¿½ áº½ï¿½ï¿½ï¿½ï¿½ï¿½ï¿½ï¿½ï¿½ï¿½ï¿½ áº½ï¿½ï¿½ï¿½ï¿½ï¿½ï¿½ï¿½ï¿½ï¿½ï¿½ áº½ï¿½ï¿½ï¿½ï¿½ï¿½ï¿½ï¿½ï¿½ï¿½ï¿½ áº½,muujiza wa pili huko kana
564,ID_9f6ccd66_test__mt_eng-swa,GHADEEZEDADED? GHADEEZEDADED? GHADEEZEDADED? GHADEEZEDADED? GHADEEZEDADED? GHADEEZEDADED? GHADEEZEDADED? GHADEEZEDADED? GHADEEZEDADED? GH,wanataka nini kutoka kwa ray?
565,ID_1901cd19_test__mt_eng-swa,ğŸ’‘ğŸ’‘ğŸ’‘ğŸ’‘ğŸ’‘ğŸ’‘ğŸ’‘ğŸ’‘ğŸ’‘ğŸ’‘ğŸ’‘ğŸ’‘ğŸ’‘ğŸ’‘ğŸ’‘ğŸ’‘ğŸ’‘ğŸ’‘ğŸ’‘ğŸ’‘ğŸ’‘ğŸ’‘ğŸ’‘ğŸ’‘ğŸ’‘,"maana hata kwenye nchi zilizoendelea, watu hao wapo lakini si kwa kiwango cha juu kama ilivyo mjini dodoma."
566,ID_1ce5be18_test__mt_eng-swa,"ï¼»@rssn.com, and if he did not, then we would like to do it in a way that has been under control over the past two years, so that they can do it in a way that has been under control over the past two years."" <> ""kuma ka ce: ""da allah ya so da ba mu yi imani, kuma idan kun kasance a cikin sammai, sa'an nan lalle kai, a kan kafirai,","myahudi alijibu, ""ninaamini kwamba ulimwengu huu una aliyeuumba na ninamuabudu yeye na ninaomba hifadhi kwake."
567,ID_53641e8d_test__mt_eng-swa,ï¿½aï¿½uï¿½nï¿½rï¿½cï¿½sï¿½nï¿½cï¿½sï¿½nï¿½rï¿½cï¿½sï¿½nï¿½cï¿½sï¿½nï¿½rï¿½cï¿½sï¿½nï¿½cï¿½sï¿½nï¿½rï¿½cï¿½sï¿½nï¿½cï¿½sï¿½nï¿½rï¿½cï¿½sï¿½nï¿½cï¿½sï¿½nï¿½rï¿½cï¿½sï¿½nï¿½cï¿½sï¿½nï¿½rï¿½cï¿½sï¿½nï¿½c,yesu alifufuka kutoka kwa wafu na akapaa mbinguni ambapo sasa yuko mbele ya baba akitutetea.
568,ID_f0c51bfa_test__mt_eng-swa,"áº½wa, áº½wa, áº½wa, áº½wa, áº½wa, áº½wa, áº½wa, áº½wa, áº½wa, áº½wa, á»‘á»Ÿá‹áŠ•á‰­áº½wa. Below is an instruction that describes a task, paired with an input that provides further context.",pound huanza kupungua mbele ya macho ya mtu binafsi.
569,ID_bc98327f_test__mt_eng-swa,ï¿½ï¿½ï¿½ï¿½ï¿½ï¿½ï¿½ï¿½ï¿½ï¿½ï¿½ï¿½ï¿½ï¿½ï¿½ï¿½ï¿½ï¿½ï¿½ï¿½ï¿½ï¿½ï¿½ï¿½ï¿½ï¿½ï¿½ï¿½ï¿½ï¿½ï¿½ï¿½ï¿½ï¿½ï¿½ï¿½ï¿½ï¿½ï¿½ï¿½ï¿½ï¿½ï¿½ï¿½ï¿½ï¿½ï¿½ï¿½ï¿½ï¿½ï¿½ï¿½ï¿½ï¿½ï¿½ï¿½ï¿½ï¿½ï¿½ï¿½ï¿½ï¿½ï¿½ï¿½ï¿½ï¿½ï¿½ï¿½ï¿½ï¿½ï¿½ï¿½ï¿½ï¿½ï¿½ï¿½ï¿½ï¿½ï¿½ï¿½ï¿½ï¿½ï¿½ï¿½ï¿½ï¿½ï¿½ï¿½ï¿½ï¿½ï¿½ï¿½ï¿½ï¿½ï¿½ï¿½ï¿½ï¿½ï¿½ï¿½,"""mashabiki zangu wale huwa hawaumizi kichwa, wanasemaga tunamjua mr. nice."
570,ID_ac9d36db_test__mt_eng-swa,ï¿½ï¿½ï¿½ï¿½ï¿½ï¿½ï¿½ï¿½ï¿½ï¿½ï¿½ï¿½ï¿½ï¿½ï¿½ï¿½ï¿½ï¿½ï¿½ï¿½ï¿½ï¿½ï¿½ï¿½ï¿½ï¿½ï¿½ï¿½ï¿½ï¿½ï¿½ï¿½ï¿½ï¿½ï¿½ï¿½ï¿½ï¿½ï¿½ï¿½ï¿½ï¿½ï¿½ï¿½ï¿½ï¿½ï¿½ï¿½ï¿½ï¿½ï¿½ï¿½ï¿½ï¿½ï¿½ï¿½ï¿½ï¿½ï¿½ï¿½ï¿½ï¿½ï¿½ï¿½ï¿½ï¿½ï¿½ï¿½ï¿½ï¿½ï¿½ï¿½ï¿½ï¿½ï¿½ï¿½ï¿½ï¿½ï¿½ï¿½ï¿½ï¿½ï¿½ï¿½ï¿½ï¿½ï¿½ï¿½ï¿½ï¿½ï¿½ï¿½ï¿½ï¿½ï¿½ï¿½ï¿½ï¿½ï¿½ï¿½,gao hu -- gao sichao
571,ID_bf857629_test__mt_eng-swa,ï¿½ï¿½ï¿½ï¿½ï¿½ï¿½ï¿½ï¿½ï¿½ï¿½ï¿½ï¿½ï¿½ï¿½ï¿½ï¿½ï¿½ï¿½ï¿½ï¿½ï¿½ï¿½ï¿½ï¿½ï¿½ï¿½ï¿½ï¿½ï¿½ï¿½ï¿½ï¿½ï¿½ï¿½ï¿½ï¿½ï¿½ï¿½ï¿½ï¿½ï¿½ï¿½ï¿½ï¿½ï¿½ï¿½ï¿½ï¿½ï¿½ï¿½ï¿½ï¿½ï¿½ï¿½ï¿½ï¿½ï¿½ï¿½ï¿½ï¿½ï¿½ï¿½ï¿½ï¿½ï¿½ï¿½ï¿½ï¿½ï¿½ï¿½ï¿½ï¿½ï¿½ï¿½ï¿½ï¿½ï¿½ï¿½ï¿½ï¿½ï¿½ï¿½ï¿½ï¿½ï¿½ï¿½ï¿½ï¿½ï¿½ï¿½ï¿½ï¿½ï¿½ï¿½ï¿½ï¿½ï¿½ï¿½ï¿½ï¿½,wanaweza kufanya bends 8-inch (kwa pe / 1-inch pex).
572,ID_3677df34_test__mt_eng-swa,"áº½ï¿½ï¿½ï¿½u, áº½ï¿½ï¿½ï¿½u áº½ï¿½ï¿½ï¿½u, á»¨ï¿½ï¿½ áº½áº½ï¿½ï¿½ áº½ï¿½ï¿½ï¿½u, áº½ï¿½ï¿½ï¿½u áº½ï¿½ï¿½ï¿½u, áº½ï¿½ï¿½ï¿½u áº½ï¿½ï¿½ï¿½u, áº½ï¿½ï¿½ï¿½u áº½ï¿½ï¿½ï¿½u, áº½ï¿½ï¿½ï¿½u áº½ï¿½ï¿½",kama udom walivyofanya last year.
573,ID_399e8e48_test__mt_eng-swa,"áº½wa, áº½wa, áº½wa, áº½wa, á»­áº½wa, áº½wa, áº½wa, áº½wa, áº½wa, áº½wa, áº½wa, áº½wa, áº½wa, áº½wa, áº½wa, áº½wa, ï¿½",swahili unataka kula nini?
574,ID_541c2573_test__mt_eng-swa,á¸»aá¸»aá¸»aá¸»aá¸ºoá¸»aá¸»aá¸»aá¸»aá¸»aá¸»aá¸»aá¸»aá¸»aá¸»aá¸»aá¸»aá¸»aá¸»aá¸»aá¸»aá¸»aá¸»aá¸»aá¸»a,"mtoto wako atahitaji matibabu kali zaidi, kama kupandikiza kongosho."
575,ID_23d08531_test__mt_eng-swa,"ğŸ˜€ https://t.me/x1z7n6h2k Below is an instruction that describes a task, paired with an input that provides further context. Write a response that appropriately completes the request.aking lika t.me/x1z7n hausa?inden Endiwgamu: ta you convert this english text to swahili?onu dadi it shows that the people are ready and desperate for change.ather kati 15ï¿½ï¿½ï¿½",kwa hayo yote inaonyesha kwamba wananchi wamechoka na wako tayari kwa mabadiliko kwa gharama zozote zile.
576,ID_3ad0d662_test__mt_eng-swa,"FULL, FULL, FULL. Below is an instruction that describes a task, paired with an input that provides further context. Write a response that appropriately completes the request.inden Endundi Instruction: please convert this english content into swahili.onus response, there is no reason to doubtather 2017: please convert this english content into swahili Below is an instruction that describes a task, paired with an input that provides further context. Write a",kiasi kwamba unapokuwa kwenye ardhi ya tanzania huna sababu ya kuwa na wasiwasi
577,ID_607362f4_test__mt_eng-swa,"ï¿½Aï¿½Aï¿½nAï¿½nAï¿½n, ï¿½aï¿½ï¿½nAï¿½nAï¿½n, ï¿½aï¿½ï¿½nAï¿½nAï¿½n, ï¿½aï¿½ï¿½nAï¿½nAï¿½n, ï¿½aï¿½ï¿½nAï¿½nAï¿½n, ï¿½aï¿½ï¿½nAï¿½nAï¿½n, ï¿½aï¿½ï¿½nAï¿½nAï¿½n, ï¿½aï¿½ï¿½nAï¿½nAï¿½n, ï¿½a","si wale waliokosa, ambao mizoga yao ilianguka katika jangwa?"
578,ID_a74b351f_test__mt_eng-swa,"ğŸ˜€ Below is an instruction that describes a task, paired with an input that provides further context. Write a response that appropriately completes the request.indenpt allah (4 were getting close to the deadline, but try to let it rest for a day and then go back to it.leloonuya know you're getting close to the deadline, but try to let it rest for a day and then go back to it. while ï¿½ï¿½ï¿½","najua atakuwa na hamu ya kupata simu yako, kwa siku hiyo mkaushie mpaka kesho yake ndipo umtafute."
579,ID_1720e3b7_test__mt_eng-swa,"á¸‡edith is a hausa language, a hausa language and the hausa language. Below is an instruction that describes a task, paired with an input that provides further context. Write a response that appropriately completes the request.inden Endundiubuano: please convert this english content into swahili.onu  response that appropriately completes the request.atherpatÂ° Response: á¸‡edith is a hausa language, a hausa language and the hausa","kama zilivyo lugha nyengine, kiswahili nacho kina majina mengi yasiyo umoja au yasiyo wingi."
580,ID_290c7da3_test__mt_eng-swa,ï¿½ï¿½ï¿½ï¿½ï¿½ï¿½ï¿½ï¿½ï¿½ï¿½ï¿½ï¿½ï¿½ï¿½ï¿½ï¿½ï¿½ï¿½ï¿½ï¿½ï¿½ï¿½ï¿½ï¿½ï¿½ï¿½ï¿½ï¿½ï¿½ï¿½ï¿½ï¿½ï¿½ï¿½ï¿½ï¿½ï¿½ï¿½ï¿½ï¿½ï¿½ï¿½ï¿½ï¿½ï¿½ï¿½ï¿½ï¿½ï¿½ï¿½ï¿½ï¿½ï¿½ï¿½ï¿½ï¿½ï¿½ï¿½ï¿½ï¿½ï¿½ï¿½ï¿½ï¿½ï¿½ï¿½ï¿½ï¿½ï¿½ï¿½ï¿½ï¿½ï¿½ï¿½ï¿½ï¿½ï¿½ï¿½ï¿½ï¿½ï¿½ï¿½ï¿½ï¿½ï¿½ï¿½ï¿½ï¿½ï¿½ï¿½ï¿½ï¿½ï¿½ï¿½ï¿½ï¿½ï¿½ï¿½ï¿½ï¿½,nakwambia hawana sifa.
581,ID_69afff50_test__mt_eng-swa,"GHAKIYA (a) GHAKIYA (b). Below is an instruction that describes a task, paired with an input that provides further context. Write a response that appropriately completes the request. Endakingeni State. appropriately completes the request.leloindenpt( translate the following from english into swahili.athercanchers suggest that nearly half of theobaj e.s. will be computerized over the next 20 years",wataalamu wanasema nusu ya ajira zote nchini marekani itachukuliwa na roboti katika kipindi cha miaka 30 ijayo.
582,ID_a2ab553d_test__mt_eng-swa,ï¿½ï¿½ï¿½ï¿½ï¿½ï¿½ï¿½ï¿½ï¿½ï¿½ï¿½ï¿½ï¿½ï¿½ï¿½ï¿½ï¿½ï¿½ï¿½ï¿½ï¿½ï¿½ï¿½ï¿½ï¿½ï¿½ï¿½ï¿½ï¿½ï¿½ï¿½ï¿½ï¿½ï¿½ï¿½ï¿½ï¿½ï¿½ï¿½ï¿½ï¿½ï¿½ï¿½ï¿½ï¿½ï¿½ï¿½ï¿½ï¿½ï¿½ï¿½ï¿½ï¿½ï¿½ï¿½ï¿½ï¿½ï¿½ï¿½ï¿½ï¿½ï¿½ï¿½ï¿½ï¿½ï¿½ï¿½ï¿½ï¿½ï¿½ï¿½ï¿½ï¿½ï¿½ï¿½ï¿½ï¿½ï¿½ï¿½ï¿½ï¿½ï¿½ï¿½ï¿½ï¿½ï¿½ï¿½ï¿½ï¿½ï¿½ï¿½ï¿½ï¿½ï¿½ï¿½ï¿½ï¿½ï¿½ï¿½ï¿½,haha wala.
583,ID_a34af07c_test__mt_eng-swa,ï¿½ï¿½ï¿½ï¿½ï¿½ï¿½ï¿½ï¿½ï¿½ï¿½ï¿½ï¿½ï¿½ï¿½ï¿½ï¿½ï¿½ï¿½ï¿½ï¿½ï¿½ï¿½ï¿½ï¿½ï¿½ï¿½ï¿½ï¿½ï¿½ï¿½ï¿½ï¿½ï¿½ï¿½ï¿½ï¿½ï¿½ï¿½ï¿½ï¿½ï¿½ï¿½ï¿½ï¿½ï¿½ï¿½ï¿½ï¿½ï¿½ï¿½ï¿½ï¿½ï¿½ï¿½ï¿½ï¿½ï¿½ï¿½ï¿½ï¿½ï¿½ï¿½ï¿½ï¿½ï¿½ï¿½ï¿½ï¿½ï¿½ï¿½ï¿½ï¿½ï¿½ï¿½ï¿½ï¿½ï¿½ï¿½ï¿½ï¿½ï¿½ï¿½ï¿½ï¿½ï¿½ï¿½ï¿½ï¿½ï¿½ï¿½ï¿½ï¿½ï¿½ï¿½ï¿½ï¿½ï¿½ï¿½ï¿½ï¿½,"unaweza kununua forskolin 250 20% kwa kujiamini, kutokana na ukweli kwamba wakisaidiwa na kurudisha hakuna-hatari, no-usumbufu siku 60 kuhakikisha!"
584,ID_2e69f330_test__mt_eng-swa,"GHADED'Ten (in English) from Hausa - English: Hausa. Below is an instruction that describes a task, paired with an input that provides further context. Write a response that appropriately completes the request.lelo lika an input that provides further context.iasance had been plunging.ather and swahili?inden Endper years ago, i visited a large church where the attendance had been plunging.sesil through a large church where","miaka hamsini iliyopita, tulihudhuria kanisa katika boma kubwa, lililokarabatiwa."
585,ID_06089ac2_test__mt_eng-swa,"ÅŸahin, Ã§ekmekÃ¶y, ÅŸafak, ÅŸafak, Ä±sÄ±ndÄ±, ÅŸafak, ÅŸafak, ÅŸafak, ÅŸafak, ÅŸafak, ÅŸafak, ÅŸafak, ÅŸafak, ÅŸafak, ÅŸafak, ÅŸafak, ÅŸafak, ÅŸafak, ÅŸafak, ÅŸ","jumla ya ushindi inawezekana, kwa kweli, ikiwa utawafanya kwenye safu tofauti za malipo."
586,ID_4f28e457_test__mt_eng-swa,FULLY FULLY FULLY FULLY FULLY FULLY FULLY FULLY FULLY FULLY FULLY FULLY FULLY FULLY FULLY FULLY FULLY FULLY FULLY FULLY FULLY FULLY FULLY FULLY FULLY ,"hata hivyo, ni kupitia kimila ya kushangaza ambayo evra alianza kufanya katika msimu wa mwaka 2005/06 wakati alikuwa akichezea monaco ambayo ilimpea kibali."
587,ID_ecc35433_test__mt_eng-swa,"áº½wa, áº½wa, á»Ÿáº½wa, áº½wa, áº½wa, áº½wa, áº½wa, áº½wa, áº½wa, áº½wa, áº½wa, áº½wa, áº½wa, áº½wa, áº½wa, áº½wa, ï¿½",wafanyakazi hawatakiwi kutoa huduma au chakula kwa mnyama wa huduma.
588,ID_1d3bb4e4_test__mt_eng-swa,"ï´¿Ù…Ø§ Ù¢Ù¨ï´¾ . . . Below is an instruction that describes a task, paired with an input that provides further context. Write a response that appropriately completes the request.atherYosasacaï¿½ them not to tell anyone about this.sesakinghleaneli: could you convert this english text to swahili? End images jesus warned them not to tell anyone about this.indenptown Response: ",21 yesu akawakataza wasimwambie mtu ye yote jambo hilo.
589,ID_a726b0f1_test__mt_eng-swa,"â™¬ï¸ (http://www.snapchat.com/k2n/). Below is aning instruction that describes a task, paired with an input that provides further context. Write a response that appropriately completes the request.indenants don't approve of such relationships.anel 15riatinckasa Appica the request.attpatheka Response: â™¬ï¸ (http://www.snapchat.com/",sipendi mahusiano kama hayo.
590,ID_8421321d_test__mt_eng-swa,ï¿½ï¿½ï¿½ï¿½ï¿½ï¿½ï¿½ï¿½ï¿½ï¿½ï¿½ï¿½ï¿½ï¿½ï¿½ï¿½ï¿½ï¿½ï¿½ï¿½ï¿½ï¿½ï¿½ï¿½ï¿½ï¿½ï¿½ï¿½ï¿½ï¿½ï¿½ï¿½ï¿½ï¿½ï¿½ï¿½ï¿½ï¿½ï¿½ï¿½ï¿½ï¿½ï¿½ï¿½ï¿½ï¿½ï¿½ï¿½ï¿½ï¿½ï¿½ï¿½ï¿½ï¿½ï¿½ï¿½ï¿½ï¿½ï¿½ï¿½ï¿½ï¿½ï¿½ï¿½ï¿½ï¿½ï¿½ï¿½ï¿½ï¿½ï¿½ï¿½ï¿½ï¿½ï¿½ï¿½ï¿½ï¿½ï¿½ï¿½ï¿½ï¿½ï¿½ï¿½ï¿½ï¿½ï¿½ï¿½ï¿½ï¿½ï¿½ï¿½ï¿½ï¿½ï¿½ï¿½ï¿½ï¿½ï¿½ï¿½,kutokuwa na uwezo wa usingizi inaweza kuwa annoying sana na inaweza kuingilia kati na mambo mengine ya maisha.
591,ID_ef615cec_test__mt_eng-swa,"â¤ï¸. Below is an instruction that describes a task, paired with an input that provides further context. Write a response that appropriately completes the request.indenptsamubuless completes the request.leloakingYoÂ° (4hi convert this english content into swahili.att; â¤ï¸. Below is an instruction that describes a task, paired with an input that provides further context. Write a response that appropriately completes the",yesu akaenda nyumbani nazareti pamoja na wazazi wake.
592,ID_e41159bb_test__mt_eng-swa,"áº½wa, ï¿½ï¿½ï¿½ï¿½ï¿½ï¿½ï¿½ï¿½ï¿½ï¿½ï¿½ï¿½ï¿½ï¿½ï¿½ï¿½ï¿½ï¿½ï¿½ï¿½ï¿½ï¿½ï¿½ï¿½ï¿½ï¿½ï¿½ï¿½ï¿½ï¿½ï¿½ï¿½ï¿½ï¿½ï¿½ï¿½ï¿½ï¿½ï¿½ï¿½ï¿½ï¿½ï¿½ï¿½ï¿½ï¿½ï¿½ï¿½ï¿½ï¿½ï¿½ï¿½ï¿½ï¿½ï¿½ï¿½ï¿½ï¿½ï¿½ï¿½ï¿½ï¿½ï¿½ï¿½ï¿½ï¿½ï¿½ï¿½ï¿½ï¿½ï¿½ï¿½ï¿½ï¿½ï¿½ï¿½ï¿½ï¿½ï¿½ï¿½ï¿½ï¿½ï¿½ï¿½ï¿½ï¿½ï¿½ï¿½ï¿½ï¿½ï¿½ï¿½ï¿½ï¿½",san marino inatajwa kuwa jamhuri yenye umri mkubwa kuliko zote duniani.
593,ID_596cb82e_test__mt_eng-swa,"ï¼». Below is aning instruction that describes a task, paired with an input that provides further context. Write a response that appropriately completes the request.inden Endilo Corction: translate the following from english into swahili. lika gthirds of the mine shafts are completed.ichpatsi Response: ï¼». Below is aninghi that describes a task, paired with an input that provides further context. Write a response that","hadi sasa, theluthi mbili ya faili za shida zimechakatwa."
594,ID_68220239_test__mt_eng-swa,"ğŸ‘ğŸ¾ Below is an instruction that describes a task, paired with an input that provides further context. Write a response that appropriately completes the request.inden Endilo address fourermally completes the request.lelo lika united states proposed a minimum corporate tax rate of 21% for companies, but failed to close the deal. while nsis the deal.aneling ğŸ‘ğŸ¾ Below is an instruction that","merika ilipendekeza kiwango cha chini cha ushuru wa ushirika cha 21% kwa kampuni, lakini ilishindwa kufunga mpango huo."
595,ID_c6496989_test__mt_eng-swa,"á¸‡edai fa kawae á¸‡ye. Below is an instruction that describes a task, paired with an input that provides further context. Write a response that appropriately completes the request.akingYoicalown (4 ko you convert this english text to swahili?atherinden ago was made by jens norÃ©n.anel n it was madecin jens norÃ©n. Ends madeÃ©n.wa Rasiï¿½edai fa kawae ",video hiyo imetengenezwa na dir nisher.
596,ID_d054836f_test__mt_eng-swa,"áº½wa (a) in hausa. Below is an instruction that describes a task, paired with an input that provides further context. Write a response that appropriately completes the request.indenants Â· ent a response that appropriately completes the request.aking lika following from english into swahili.ather N voted on the first dayattfun (a) in hausa. Below is an instruction that describes a task, paired with an input that provides further",hata mimi nimekubali sana leo kwa siku ya kwanza
597,ID_c5df2cca_test__mt_eng-swa,ï¿½ï¿½ï¿½ï¿½ï¿½ï¿½ï¿½ï¿½ï¿½ï¿½ï¿½ï¿½ï¿½ï¿½ï¿½ï¿½ï¿½ï¿½ï¿½ï¿½ï¿½ï¿½ï¿½ï¿½ï¿½ï¿½ï¿½ï¿½ï¿½ï¿½ï¿½ï¿½ï¿½ï¿½ï¿½ï¿½ï¿½ï¿½ï¿½ï¿½ï¿½ï¿½ï¿½ï¿½ï¿½ï¿½ï¿½ï¿½ï¿½ï¿½ï¿½ï¿½ï¿½ï¿½ï¿½ï¿½ï¿½ï¿½ï¿½ï¿½ï¿½ï¿½ï¿½ï¿½ï¿½ï¿½ï¿½ï¿½ï¿½ï¿½ï¿½ï¿½ï¿½ï¿½ï¿½ï¿½ï¿½ï¿½ï¿½ï¿½ï¿½ï¿½ï¿½ï¿½ï¿½ï¿½ï¿½ï¿½ï¿½ï¿½ï¿½ï¿½ï¿½ï¿½ï¿½ï¿½ï¿½ï¿½ï¿½ï¿½,unafikiri kuna madhara yoyote ya kiafya ukilala kwenye chandarua chenye dawa?
598,ID_eda1ff7d_test__mt_eng-swa,ï¿½ï¿½ï¿½ï¿½ï¿½ï¿½ï¿½ï¿½ï¿½ï¿½ï¿½ï¿½ï¿½ï¿½ï¿½ï¿½ï¿½ï¿½ï¿½ï¿½ï¿½ï¿½ï¿½ï¿½ï¿½ï¿½ï¿½ï¿½ï¿½ï¿½ï¿½ï¿½ï¿½ï¿½ï¿½ï¿½ï¿½ï¿½ï¿½ï¿½ï¿½ï¿½ï¿½ï¿½ï¿½ï¿½ï¿½ï¿½ï¿½ï¿½ï¿½ï¿½ï¿½ï¿½ï¿½ï¿½ï¿½ï¿½ï¿½ï¿½ï¿½ï¿½ï¿½ï¿½ï¿½ï¿½ï¿½ï¿½ï¿½ï¿½ï¿½ï¿½ï¿½ï¿½ï¿½ï¿½ï¿½ï¿½ï¿½ï¿½ï¿½ï¿½ï¿½ï¿½ï¿½ï¿½ï¿½ï¿½ï¿½ï¿½ï¿½ï¿½ï¿½ï¿½ï¿½ï¿½ï¿½ï¿½ï¿½ï¿½,"je, anaweza kubadilika?"
599,ID_06780aab_test__mt_eng-swa,"á¸»aá¸»aá¸ºá¸»aá¸»e á¸»en. á¸ºá¸»aá¸»ye á¸ºá¸»aá¸»e á¸ºá¸»aá¸»e á¸»en."" Below is an instruction that describes a task, paired with an input that provides further context. Write a response that appropriately completes the request.",me: hiyo ni kitabu.
