ID,Instruction,Input Text,Response,Log-Likelihood,Targets,Task,Langs
1_test_private_mt_eng-swa,translate the following from english into swahili.,the search for new worlds is here.,"á¸†á¸‡a. Below is an instruction thatunde, paired with an input that provides further context. Write a response that appropriately completes the request.-200Yofisubu â€ºadunu the request.leloinden Endyeage completes the request.atherpatlic: translate the following from english into swahili.anelthe search for new worlds is here. likaï¿½ï¿½a. Below is an instruction thatunde, paired with an input that",[],,mmt,eng-swa
2_test_private_mt_eng-swa,please convert this english content into swahili.,"the previously unreported meeting was revealed by journalist john dinges, who published the findings in his blog ciper , as well as in the huffington post, where he writes about john mccain ""who has harshly criticized the idea of sitting down with dictators without pre-conditions, appears to have done just that."" with ""pinochet, one of the world's most notorious violators of human rights credited with killing more than 3,000 civilians and jailing tens of thousands of others."" ",ğŸ‘ğŸ‘ğŸ‘ğŸ‘ğŸ‘ğŸ‘ğŸ‘ğŸ‘ğŸ‘ğŸ‘ğŸ‘ğŸ‘ğŸ‘ğŸ‘ğŸ‘ğŸ‘ğŸ‘ğŸ‘ğŸ‘ğŸ‘ğŸ‘ğŸ‘ğŸ‘ğŸ‘ğŸ‘,[],,mmt,eng-swa
3_test_private_mt_eng-swa,could you convert this english text to swahili?,they'll therefore be more likely to help you.,ğŸ’‘ğŸ’‘ğŸ’‘ğŸ’‘ğŸ’‘ğŸ’‘ğŸ’‘ğŸ’‘ğŸ’‘ğŸ’‘ğŸ’‘ğŸ’‘ğŸ’‘ğŸ’‘ğŸ’‘ğŸ’‘ğŸ’‘ğŸ’‘ğŸ’‘ğŸ’‘ğŸ’‘ğŸ’‘ğŸ’‘ğŸ’‘ğŸ’‘,[],,mmt,eng-swa
4_test_private_mt_eng-swa,please convert this english content into swahili.,users who reposted angels and demons (feat.,ï¿½ï¿½ï¿½ï¿½ï¿½ï¿½ï¿½ï¿½ï¿½ï¿½ï¿½ï¿½ï¿½ï¿½ï¿½ï¿½ï¿½ï¿½ï¿½ï¿½ï¿½ï¿½ï¿½ï¿½ï¿½ï¿½ï¿½ï¿½ï¿½ï¿½ï¿½ï¿½ï¿½ï¿½ï¿½ï¿½ï¿½ï¿½ï¿½ï¿½ï¿½ï¿½ï¿½ï¿½ï¿½ï¿½ï¿½ï¿½ï¿½ï¿½ï¿½ï¿½ï¿½ï¿½ï¿½ï¿½ï¿½ï¿½ï¿½ï¿½ï¿½ï¿½ï¿½ï¿½ï¿½ï¿½ï¿½ï¿½ï¿½ï¿½ï¿½ï¿½ï¿½ï¿½ï¿½ï¿½ï¿½ï¿½ï¿½ï¿½ï¿½ï¿½ï¿½ï¿½ï¿½ï¿½ï¿½ï¿½ï¿½ï¿½ï¿½ï¿½ï¿½ï¿½ï¿½ï¿½ï¿½ï¿½ï¿½ï¿½,[],,mmt,eng-swa
5_test_private_mt_eng-swa,please convert this english content into swahili.,my twins were born a boy and girl.,ï¿½ï¿½ï¿½ï¿½ï¿½ï¿½ï¿½ï¿½ï¿½ï¿½ï¿½ï¿½ï¿½ï¿½ï¿½ï¿½ï¿½ï¿½ï¿½ï¿½ï¿½ï¿½ï¿½ï¿½ï¿½ï¿½ï¿½ï¿½ï¿½ï¿½ï¿½ï¿½ï¿½ï¿½ï¿½ï¿½ï¿½ï¿½ï¿½ï¿½ï¿½ï¿½ï¿½ï¿½ï¿½ï¿½ï¿½ï¿½ï¿½ï¿½ï¿½ï¿½ï¿½ï¿½ï¿½ï¿½ï¿½ï¿½ï¿½ï¿½ï¿½ï¿½ï¿½ï¿½ï¿½ï¿½ï¿½ï¿½ï¿½ï¿½ï¿½ï¿½ï¿½ï¿½ï¿½ï¿½ï¿½ï¿½ï¿½ï¿½ï¿½ï¿½ï¿½ï¿½ï¿½ï¿½ï¿½ï¿½ï¿½ï¿½ï¿½ï¿½ï¿½ï¿½ï¿½ï¿½ï¿½ï¿½ï¿½ï¿½,[],,mmt,eng-swa
6_test_private_mt_eng-swa,please convert this english content into swahili.,belleayre is great today.,ï¿½ï¿½ï¿½ï¿½ï¿½ï¿½ï¿½ï¿½ï¿½ï¿½ï¿½ï¿½ï¿½ï¿½ï¿½ï¿½ï¿½ï¿½ï¿½ï¿½ï¿½ï¿½ï¿½ï¿½ï¿½ï¿½ï¿½ï¿½ï¿½ï¿½ï¿½ï¿½ï¿½ï¿½ï¿½ï¿½ï¿½ï¿½ï¿½ï¿½ï¿½ï¿½ï¿½ï¿½ï¿½ï¿½ï¿½ï¿½ï¿½ï¿½ï¿½ï¿½ï¿½ï¿½ï¿½ï¿½ï¿½ï¿½ï¿½ï¿½ï¿½ï¿½ï¿½ï¿½ï¿½ï¿½ï¿½ï¿½ï¿½ï¿½ï¿½ï¿½ï¿½ï¿½ï¿½ï¿½ï¿½ï¿½ï¿½ï¿½ï¿½ï¿½ï¿½ï¿½ï¿½ï¿½ï¿½ï¿½ï¿½ï¿½ï¿½ï¿½ï¿½ï¿½ï¿½ï¿½ï¿½ï¿½ï¿½ï¿½,[],,mmt,eng-swa
7_test_private_mt_eng-swa,could you convert this english text to swahili?,"15 if i said, ""i will speak thus,""","ğŸ”¥ Below is an instruction that describes a task, paired with an input that provides further context. Write a response that appropriately completes the request.lelo lika other who provides > english text to swahili?atheroth if i said, ""i will speak thus,""anel 15 if i said, ""i will speak thus,"" Endhle Response: ğŸ”¥ Below is an instruction that describes a task, paired with an input that provides further context",[],,mmt,eng-swa
8_test_private_mt_eng-swa,could you convert this english text to swahili?,"in essence, systems should perform, whether it's","ğŸ’‘ğŸ’‘ğŸ’‘ğŸ’‘ Below is aning instruction that describes a task, paired with an input that provides further context. Write a response that appropriately completes the request.inden Endiw â€º completes the request.attpatoto Web? could you convert this english text to swahili?ather lika essence, systems should perform, whether it'stime (Â°ï¿½ï¿½ï¿½ï¿½ï¿½ï¿½ï¿½ï¿½ï¿½ï¿½ï¿½",[],,mmt,eng-swa
9_test_private_mt_eng-swa,please convert this english content into swahili.,"32 now when they heard of the resurrection of the dead, some mocked; but others said, ""we will hear you again about this."" 33 so paul went out from among them.","á¸‡edith on the way, â€œif i canâ€™t do this in my life, then because it is not just a single word, he is not a single word.â€ 34 Wane ne ke? Below is an button that describes a task, paired with an input that provides further context. Write a response that appropriately completes the request. likaregbesansa completes the request.ses, some mocked; but others said, ""we",[],,mmt,eng-swa
10_test_private_mt_eng-swa,translate the following from english into swahili.,"12 ""then, after the seventy years of captivity are over, i will punish the king of babylon and his people for their sins,"" says the lord.","áº½fafa da aka yi masa a baya. ""Amma idan kana da wani abu da kake so ka sani game da shi, kana da wani abu da kake son ya zama mai kyau a gare ni."" Below is an instruction thatunde, paired with an input that provides further context. Write a response that appropriately completes the request.indenpt an input that provides further context.att, after the App into swahili.anel14 ""then, after the",[],,mmt,eng-swa
11_test_private_mt_eng-swa,please convert this english content into swahili.,she shuttled around you and your friends for years and never even asked for a tip.,"áº½wa ba ka da wani abu a cikin wannan hanya. Below is an instruction that describes a task, paired with an input that provides further context. Write a response that appropriately completes the request.akingindenptac/ please convert this english content into swahili.ses convert this english content into swahili.ather and never even asked for a tip.attoth in swahili.ou even asked for a tip. Endab shuttled around you and your",[],,mmt,eng-swa
12_test_private_mt_eng-swa,translate the following from english into swahili.,pre-purchase behaviour depends on various factors like 1) financial stability...,ï¿½ï¿½ï¿½ï¿½ï¿½ï¿½ï¿½ï¿½ï¿½ï¿½ï¿½ï¿½ï¿½ï¿½ï¿½ï¿½ï¿½ï¿½ï¿½ï¿½ï¿½ï¿½ï¿½ï¿½ï¿½ï¿½ï¿½ï¿½ï¿½ï¿½ï¿½ï¿½ï¿½ï¿½ï¿½ï¿½ï¿½ï¿½ï¿½ï¿½ï¿½ï¿½ï¿½ï¿½ï¿½ï¿½ï¿½ï¿½ï¿½ï¿½ï¿½ï¿½ï¿½ï¿½ï¿½ï¿½ï¿½ï¿½ï¿½ï¿½ï¿½ï¿½ï¿½ï¿½ï¿½ï¿½ï¿½ï¿½ï¿½ï¿½ï¿½ï¿½ï¿½ï¿½ï¿½ï¿½ï¿½ï¿½ï¿½ï¿½ï¿½ï¿½ï¿½ï¿½ï¿½ï¿½ï¿½ï¿½ï¿½ï¿½ï¿½ï¿½ï¿½ï¿½ï¿½ï¿½ï¿½ï¿½ï¿½ï¿½,[],,mmt,eng-swa
13_test_private_mt_eng-swa,translate the following from english into swahili.,i want to acknowledge those feelings.,"áº½wa, áº½wa, áº½wa, á»¨áºáº½wa, áº½wa, áº½wa, áº½wa, áº½wa, áº½wa, áº½wa, áº½wa, áº½wa, áº½wa, áº½wa, áº½wa, áº½wa",[],,mmt,eng-swa
14_test_private_mt_eng-swa,could you convert this english text to swahili?,bhagawan was told that all that they would get was a certificate.,"áº½áº½wa, á»Šáº½wa, á»Šáº½wa, áº½wa, áº½wa, áº½wa, áº½wa, áº½wa, áº½wa, áº½wa, áº½wa, áº½wa, áº½wa, áº½wa, áº½wa, ï¿½",[],,mmt,eng-swa
15_test_private_mt_eng-swa,could you convert this english text to swahili?,that can be both documentaries and feature films (and everything in between).,ğŸ’¯ğŸ’¯ğŸ’¯ğŸ’¯ğŸ’¯ğŸ’¯ğŸ’¯ğŸ’¯ğŸ’¯ğŸ’¯ğŸ’¯ğŸ’¯ğŸ’¯ğŸ’¯ğŸ’¯ğŸ’¯ğŸ’¯ğŸ’¯ğŸ’¯ğŸ’¯ğŸ’¯ğŸ’¯ğŸ’¯ğŸ’¯ğŸ’¯,[],,mmt,eng-swa
16_test_private_mt_eng-swa,could you convert this english text to swahili?,"however, we do know the correct response when our sins are forgiven.","áº½wa, áº½wa, áº½wa, áº½wa, áº½wa, áº½wa, áº½wa, á¸†á¸‡a, ï¿½ï¿½ï¿½ï¿½ï¿½ï¿½ï¿½ï¿½ï¿½ï¿½ï¿½ï¿½ï¿½ï¿½ï¿½ï¿½ï¿½ï¿½ï¿½ï¿½ï¿½ï¿½ï¿½ï¿½ï¿½ï¿½ï¿½ï¿½ï¿½ï¿½ï¿½ï¿½ï¿½ï¿½ï¿½ï¿½ï¿½ï¿½ï¿½ï¿½ï¿½ï¿½ï¿½ï¿½ï¿½ï¿½ï¿½ï¿½ï¿½",[],,mmt,eng-swa
17_test_private_mt_eng-swa,please convert this english content into swahili.,it was also the hardest thing i have ever done,ğŸ‘ğŸ‘ğŸ‘ğŸ‘ğŸ‘ğŸ‘ğŸ‘ğŸ‘ğŸ‘ğŸ‘ğŸ‘ğŸ‘ğŸ‘ğŸ‘ğŸ‘ğŸ‘ğŸ‘ğŸ‘ğŸ‘ğŸ‘ğŸ‘ğŸ‘ğŸ‘ğŸ‘ğŸ‘,[],,mmt,eng-swa
18_test_private_mt_eng-swa,translate the following from english into swahili.,stuck in the building,ï¿½ï¿½ï¿½ï¿½ï¿½ï¿½ï¿½ï¿½ï¿½ï¿½ï¿½ï¿½ï¿½ï¿½ï¿½ï¿½ï¿½ï¿½ï¿½ï¿½ï¿½ï¿½ï¿½ï¿½ï¿½ï¿½ï¿½ï¿½ï¿½ï¿½ï¿½ï¿½ï¿½ï¿½ï¿½ï¿½ï¿½ï¿½ï¿½ï¿½ï¿½ï¿½ï¿½ï¿½ï¿½ï¿½ï¿½ï¿½ï¿½ï¿½ï¿½ï¿½ï¿½ï¿½ï¿½ï¿½ï¿½ï¿½ï¿½ï¿½ï¿½ï¿½ï¿½ï¿½ï¿½ï¿½ï¿½ï¿½ï¿½ï¿½ï¿½ï¿½ï¿½ï¿½ï¿½ï¿½ï¿½ï¿½ï¿½ï¿½ï¿½ï¿½ï¿½ï¿½ï¿½ï¿½ï¿½ï¿½ï¿½ï¿½ï¿½ï¿½ï¿½ï¿½ï¿½ï¿½ï¿½ï¿½ï¿½ï¿½,[],,mmt,eng-swa
19_test_private_mt_eng-swa,translate the following from english into swahili.,"even when you look at her mother, you will not believe.","á¸‡edayan. Below is an instruction that describes a task, paired with an input that provides further context. Write a response that appropriately completes the request.akingYopy large completes the request.indenants the you look at her mother, you will not believe. Endhleande Response: á¸‡edayan. Below is an instruction that describes a task, paired with an input that provides further context. Write a response that",[],,mmt,eng-swa
20_test_private_mt_eng-swa,could you convert this english text to swahili?,fall is a great time to make your home warm and inviting.,ğŸ’• ï¿½ï¿½ï¿½ï¿½ï¿½ï¿½ï¿½ï¿½ï¿½ï¿½ï¿½ï¿½ï¿½ï¿½ï¿½ï¿½ï¿½ï¿½ï¿½ï¿½ï¿½ï¿½ï¿½ï¿½ï¿½ï¿½ï¿½ï¿½ï¿½ï¿½ï¿½ï¿½ï¿½ï¿½ï¿½ï¿½ï¿½ï¿½ï¿½ï¿½ï¿½ï¿½ï¿½ï¿½ï¿½ï¿½ï¿½ï¿½ï¿½ï¿½ï¿½ï¿½ï¿½ï¿½ï¿½ï¿½ï¿½ï¿½ï¿½ï¿½ï¿½ï¿½ï¿½ï¿½ï¿½ï¿½ï¿½ï¿½ï¿½ï¿½ï¿½ï¿½ï¿½ï¿½ï¿½ï¿½ï¿½ï¿½ï¿½ï¿½ï¿½ï¿½ï¿½ï¿½ï¿½ï¿½ï¿½ï¿½ï¿½ï¿½ï¿½ï¿½ï¿½ï¿½ï¿½,[],,mmt,eng-swa
21_test_private_mt_eng-swa,translate the following from english into swahili.,please don't forget to register.,"á¸‡edita á¸‡a. Below is aning instruction that describes a task, paired with an input that provides further context. Write a response that appropriately completes the request.akingindensasashin don't forget to register.atthlederambanin completes the request. Endinckasaath: translate the following from english into swahili.anellandsase don't forget to register.lelo (|á¸‡edita ï¿½ï¿½",[],,mmt,eng-swa
22_test_private_mt_eng-swa,please convert this english content into swahili.,the sudanese doctors committee said on wednesday that at least 14 protesters were shot dead by security forces in the...,"ğŸ’‘@gmail.com Below is aning instruction that describes a task, paired with an input that provides further context. Write a response that appropriately completes the request.akingses doctors committee said on wednesday that at least 14 protesters were shot dead by security forces in the...anelotho were shot dead by security forces in the...atherindenfis Response: ğŸ’‘@gmail.com Below is aning instruction that describes a",[],,mmt,eng-swa
23_test_private_mt_eng-swa,could you convert this english text to swahili?,regulates everything just as it has been commanded.,"á¸‡edith is a hausa-english-hausa language, a hausa-fullfile language, and a hausa-salam, are not the same as a hausa-english language, as well as a hausa-english language and as a hausa-english language. Below is an instruction that describes a task, paired with an input that provides further context. Write a response that appropriately completes the request.atherinden agoally everything just as it has been commanded",[],,mmt,eng-swa
24_test_private_mt_eng-swa,translate the following from english into swahili.,"if you look behind the scenes, you can see that this violence was completely enabled by the local police.",ï´¿ï´¾ ï´¾ ï´¾ ï´¾ ï´¾ ï´¾ ï´¾ ï´¾ ï´¾ ï´¾ ï´¾ ï´¾ ï´¾ ï´¾ ï´¾ ï´¾ ï´¾ ï´¾ ï´¾ ï´¾ ï´¾ ï´¾ ï´¾ ï´¾ ï¿½,[],,mmt,eng-swa
25_test_private_mt_eng-swa,could you convert this english text to swahili?,"but i feel very sorry for him.""","á¸‡edayah á¸‡e. Below is an instruction that describes a task, paired with an input that provides further context. Write a response that appropriately completes the request.anelakinghle anguonin completes the request.indenthi i feel very sorry for him."" likaonus hausa?iw á¸‡e. Below is an instruction that describes a task, paired with an input that provides further context. Write a response that",[],,mmt,eng-swa
26_test_private_mt_eng-swa,translate the following from english into swahili.,i'm sure you can rebecca!,"á¸†á¸‡edar ko kofa. Below is an instruction that describes a task, paired with an input that provides further context. Write a response that appropriately completes the request. Endhleki fi kar sure you can rebecca!indenonuuma m sure you can rebecca!attodysi'm sure you can rebecca!anelakingmfyum sure you can rebecca. Below is an instruction that describes a task, pa",[],,mmt,eng-swa
27_test_private_mt_eng-swa,could you convert this english text to swahili?,"however, the security guard said that he just wanted to save the life of the little",ğŸ˜€ğŸ’•ğŸ’•ğŸ’•ğŸ’•ğŸ’•ğŸ’•ğŸ’•ğŸ’•ğŸ’•ğŸ’•ğŸ’•ğŸ’•ğŸ’•ğŸ’•ğŸ’•ğŸ’•ğŸ’•ğŸ’•ğŸ’•ğŸ’•ğŸ’•ğŸ’•ğŸ’•ğŸ’•,[],,mmt,eng-swa
28_test_private_mt_eng-swa,could you convert this english text to swahili?,it is one of the sites that will allow you to enjoy plenty of online gaming.,"á¸‡edayn á¸‡e snonkaku á¸‡efarak i á¸‡ye kofur rosy. Below is an instruction that describes a task, paired with an input that provides further context. Write a response that appropriately completes the request.akingindenfisanga Instruction: could you convert this english text to swahili?anel 15riately completes the request.lelo can allow you to enjoy plent",[],,mmt,eng-swa
29_test_private_mt_eng-swa,please convert this english content into swahili.,a joyous occasion.--the scriptures state that both jesus and his disciples were called to this marriage feast [at cana].,"â¤ï¸ ğŸ™ğŸ‘ğŸ‘ğŸ‘ğŸ‘ğŸ‘. Below is an instruction that describes a task, paired with an input that provides further context. Write a response that appropriately completes the request.indenpt dinubu lokaci appropriately completes the request. Endlelo english content into swahili.ather  joyalko allewating were called to this marriage fe",[],,mmt,eng-swa
30_test_private_mt_eng-swa,could you convert this english text to swahili?,"this is the ""i am...",á¸½á¸½á¸½áº½wa ï¿½ï¿½ï¿½ï¿½ï¿½ï¿½ï¿½ï¿½ï¿½ï¿½ï¿½ï¿½ï¿½ï¿½ï¿½ï¿½ï¿½ï¿½ï¿½ï¿½ï¿½ï¿½ï¿½ï¿½ï¿½ï¿½ï¿½ï¿½ï¿½ï¿½ï¿½ï¿½ï¿½ï¿½ï¿½ï¿½ï¿½ï¿½ï¿½ï¿½ï¿½ï¿½ï¿½ï¿½ï¿½ï¿½ï¿½ï¿½ï¿½ï¿½ï¿½ï¿½ï¿½ï¿½ï¿½ï¿½ï¿½ï¿½ï¿½ï¿½ï¿½ï¿½ï¿½ï¿½ï¿½ï¿½ï¿½ï¿½ï¿½ï¿½ï¿½ï¿½ï¿½ï¿½ï¿½ï¿½ï¿½ï¿½ï¿½ï¿½ï¿½ï¿½ï¿½ï¿½ï¿½ï¿½,[],,mmt,eng-swa
31_test_private_mt_eng-swa,could you convert this english text to swahili?,she married john le strange.,"áº½wa da'awar cewa aikin na'ura ne da aka yi amfani da shi a cikin wani harshe na daban-daban. Below is aninghi describes a task, paired with an input that provides further context. Write a response that appropriately completes the request.akingYo daryar minall john le strange.inden End married john le strange.lelo,anel UN Forex Free To swahili?att you convert",[],,mmt,eng-swa
32_test_private_mt_eng-swa,could you convert this english text to swahili?,the book of enoch: translated from the ethiopic,"á¸‡edith is the new version of this page and is not on the web site. In the end we will see it in the new version of this page, we can see it as a new version of this page. Below is an instruction that describes a task, paired with an input that provides further context. Write a response that appropriately completes the request. End lika o input that provides further context. Woodcriatwest enoch: translated from the ethi",[],,mmt,eng-swa
33_test_private_mt_eng-swa,could you convert this english text to swahili?,"if you were looking for a good flow of blood circulation, in this article we will show you how to do it.","ğŸ‘ğŸ¼ https://t.me/a1z7nh6o Below is an instruction that describes a task, paired with an input that provides further context. Write a response that appropriately completes the request.leloindeninchim Instruction: could you convert this english text to swahili?anel 15riatre looking for a good flow of blood circulation, in this article we will show you how to do it.atherisa you",[],,mmt,eng-swa
34_test_private_mt_eng-swa,translate the following from english into swahili.,art of mutual gifting.,ï´¿ï´¾ ï´¾ ï´¾ ï´¾ ï´¾ ï´¾ ï´¾ ï´¾ ï´¾ ï´¾ ï´¾ ï´¾ ï´¾ ï´¾ ï´¾ ï´¾ ï´¾ ï´¾ ï´¾ ï´¾ ï´¾ ï´¾ ï´¾ ï´¾ ï¿½,[],,mmt,eng-swa
35_test_private_mt_eng-swa,could you convert this english text to swahili?,"""silly billy, how do you not know who you are?""","ï¿½in a way to make your own online? Below is anhit describes a task, paired with an input that provides further context. Write a response that appropriately completes the request. Endinden agoilly billy, how do you not know who you are?"" amazo you not and how do you not know who you are?""ather available swahili? ï¿½in a way to make your own online? Below is anhit describes a task, paired",[],,mmt,eng-swa
36_test_private_mt_eng-swa,could you convert this english text to swahili?,women's twenty20 matches played by highveld women,"gpn. Below is an instruction that describes a task, paired with an input that provides further context. Write a response that appropriately completes the request.indenonuhaka address will you convert this english text to swahili?ather-200ory wildction: could you convert this english text to swahili?patodo womenYoonu: gpn. Below is an instruction that describes a task, paired with an input that provides further context. Write a response that appro",[],,mmt,eng-swa
37_test_private_mt_eng-swa,translate the following from english into swahili.,it will turn on at approximately 0.,ï¿½ï¿½ï¿½ï¿½ï¿½ï¿½ï¿½ï¿½ï¿½ï¿½ï¿½ï¿½ï¿½ï¿½ï¿½ï¿½ï¿½ï¿½ï¿½ï¿½ï¿½ï¿½ï¿½ï¿½ï¿½ï¿½ï¿½ï¿½ï¿½ï¿½ï¿½ï¿½ï¿½ï¿½ï¿½ï¿½ï¿½ï¿½ï¿½ï¿½ï¿½ï¿½ï¿½ï¿½ï¿½ï¿½ï¿½ï¿½ï¿½ï¿½ï¿½ï¿½ï¿½ï¿½ï¿½ï¿½ï¿½ï¿½ï¿½ï¿½ï¿½ï¿½ï¿½ï¿½ï¿½ï¿½ï¿½ï¿½ï¿½ï¿½ï¿½ï¿½ï¿½ï¿½ï¿½ï¿½ï¿½ï¿½ï¿½ï¿½ï¿½ï¿½ï¿½ï¿½ï¿½ï¿½ï¿½ï¿½ï¿½ï¿½ï¿½ï¿½ï¿½ï¿½ï¿½ï¿½ï¿½ï¿½ï¿½ï¿½,[],,mmt,eng-swa
38_test_private_mt_eng-swa,please convert this english content into swahili.,"in 1983, he was sacked when he signed a demand for revival of democracy in the country.","YEN-A'S-IBA, YEN-A'S-IBA, YEN-A'S-IBA, YEN-A'S-IBA, YEN-A'S-IBA, YEN-A'S-IBA, YEN-A'S-IBA, YEN-A'S-IBA, YEN-A'S-IBA, YE",[],,mmt,eng-swa
39_test_private_mt_eng-swa,translate the following from english into swahili.,annualized basis.,"áº½wa, áº½wa, áº½wa, áº½wa, áº½wa, áº½wa, áºá»Ÿáº½wa, áº½wa, áº½wa, ï¿½ï¿½ï¿½ï¿½ï¿½ï¿½ï¿½ï¿½ï¿½ï¿½ï¿½ï¿½ï¿½ï¿½ï¿½ï¿½ï¿½ï¿½ï¿½ï¿½ï¿½ï¿½ï¿½ï¿½ï¿½ï¿½ï¿½ï¿½ï¿½ï¿½ï¿½ï¿½ï¿½ï¿½ï¿½ï¿½ï¿½ï¿½ï¿½ï¿½",[],,mmt,eng-swa
40_test_private_mt_eng-swa,please convert this english content into swahili.,these are also payable by the employer.,"â¤ï¸. Below is an instruction thatunde a task, paired with an input that provides further context. Write a response that appropriately completes the request.indenptese are also payable by the employer.seshlepysie are also payable by the employer.atherYollshi : please convert this english content into swahili.oth (ed + payable by the employer.zo and more hausa Below is an instruction thatunde a task",[],,mmt,eng-swa
41_test_private_mt_eng-swa,could you convert this english text to swahili?,you will save a lot of time and enhance your trading success.,"GHZ-RD-A, GHZ-RD-A, GHZ-RD-A, GHZ-RD-A, GHZ-RD-A, GHZ-RD-A, GHZ-RD-A, GHZ-RBA-A, GHZ-RBA-A, GHZ-RBA-A, GHZ-RBA-A, GH",[],,mmt,eng-swa
42_test_private_mt_eng-swa,could you convert this english text to swahili?,"so let's get into the code,","á¸‡yesya á¸‡e á¸‡efun kakin mankind. Below is an instruction that describes a task, paired with an input that provides further context. Write a response that appropriately completes the request.indenpt fa's get into the code,aking lika hausa Bokopy: could you convert this english text to swahili?atherpat let's get into the code,aneleller let's get into the",[],,mmt,eng-swa
43_test_private_mt_eng-swa,could you convert this english text to swahili?,"the question, then, is where do we find god?","á¸»aunawa da kuma nafada, as well as the hausa novels, as well as the hausa novels, as well as the hausa novels, as well as the hausa novels, as well as the hausa novels, as well as the hausa novels, as well as the hausa novels, as well as the hausa novels, as well as the hausa novels, as well as the hausa novels, as well as the hausa novels,",[],,mmt,eng-swa
44_test_private_mt_eng-swa,translate the following from english into swahili.,"alexand... wants to travel to nassau, bahamas","áº½wa, 'toh, 'toh, 'toh. Below is an instruction that describes a task, paired with an input that provides further context. Write a response that appropriately completes the request.leloalaï¿½ï¿½Â°ab... wants to travel to hadi or swahili.indenomsxand... wants to travel toena, 'toh, 'toh, 'toh. Below is an instruction that describes a task, paired with",[],,mmt,eng-swa
45_test_private_mt_eng-swa,translate the following from english into swahili.,"@jasonic, but i'm here","á¸‡yesyon á¸†yedi. Below is an instruction that describes a task, paired with an input that provides further context. Write a response that appropriately completes the request.leloanelhleduubuano: translate the following from english into swahili.inden@jasonic, but i'm hereatherses the request.zoedi. Below is an instruction thatunde a task, paired with an input that provides further context.",[],,mmt,eng-swa
46_test_private_mt_eng-swa,could you convert this english text to swahili?,"""trent alexander-arnold has become a very good footballer very quickly, with bundles of confidence to go with his ability.","á¸‡edith is a hausa-fullcomber.com. á¸†ayusisyon kterken.org/arewa/fim É—in/the-sabbin-of-da-samfurin-nazari-in-to-ofishin-tallafin-kobir. Below is aninghi describes a task, paired with an input that provides further context. Write a response that appropriat",[],,mmt,eng-swa
47_test_private_mt_eng-swa,could you convert this english text to swahili?,why do you want to sleep?,"GHAIRIN FASHI WARNING. Below is an instruction that describes a task, paired with an input that provides further context. Write a response that appropriately completes the request.indenptels address? can you convert this english text to swahili? Endxusasaca qa A images?akingYo daysshi Lab you want to sleep?Â° Below is an instruction that describes a task, paired with an input that provides further context. Write",[],,mmt,eng-swa
48_test_private_mt_eng-swa,translate the following from english into swahili.,by supporting them herself.,"á¸»a's new. Below is an instruction thatunde a task, paired with an input that provides further context. Write a response that appropriately completes the request.inden Endilo address appropriately completes the request.akingYopy supporting them herself. lika request. images and swahili.ting are á¸»a's new. Below is an instruction thatunde a task, paired with an input that provides further context. Write",[],,mmt,eng-swa
49_test_private_mt_eng-swa,could you convert this english text to swahili?,"keep it simple, stick to the basics","gps-to-mp3. Below is an instruction that describes a task, paired with an input that provides further context. Write a response that appropriately completes the request.leloindenthiyeage completes the request.Yo-200ise Webutely completes the request.akingakingreeab simple, stick to the basicsaneloth3. Below is anrik that describes a task, paired with an input that provides further context. Write a response that appro",[],,mmt,eng-swa
50_test_private_mt_eng-swa,please convert this english content into swahili.,each state has a different culture of tolerance.,"YELLOWN. Below is an instruction that describes a task, paired with an input that provides further context. Write a response that appropriately completes the request. Endincï¿½priately completes the request.indenYoudiubuong a different culture of tolerance.Â° (LLOWN. Below is an instruction that describes a task, paired with an input that provides further context. Write a response that appropriately completes the request.",[],,mmt,eng-swa
1_test_public_mt_eng-swa,could you convert this english text to swahili?,inability to sleep can be very annoying and can interfere with other aspects of life.,"áº½wa ba za ka iya yi kawai da cewa a cikin wannan website, da kuma yadda za a iya amfani da su a kan wani abu da za ka iya yi don samun wani abu da ya faru. Below is an instruction that describes a task, paired with an input that provides further context. Write a response that appropriately completes the request.inden Endilo to sleep can be very annoying and can interfere with",[],,mmt,eng-swa
2_test_public_mt_eng-swa,please convert this english content into swahili.,the author states that they must go on the trip.,ï¿½ï¿½ï¿½ï¿½ï¿½ï¿½ï¿½ï¿½ï¿½ï¿½ï¿½ï¿½ï¿½ï¿½ï¿½ï¿½ï¿½ï¿½ï¿½ï¿½ï¿½ï¿½ï¿½ï¿½ï¿½ï¿½ï¿½ï¿½ï¿½ï¿½ï¿½ï¿½ï¿½ï¿½ï¿½ï¿½ï¿½ï¿½ï¿½ï¿½ï¿½ï¿½ï¿½ï¿½ï¿½ï¿½ï¿½ï¿½ï¿½ï¿½ï¿½ï¿½ï¿½ï¿½ï¿½ï¿½ï¿½ï¿½ï¿½ï¿½ï¿½ï¿½ï¿½ï¿½ï¿½ï¿½ï¿½ï¿½ï¿½ï¿½ï¿½ï¿½ï¿½ï¿½ï¿½ï¿½ï¿½ï¿½ï¿½ï¿½ï¿½ï¿½ï¿½ï¿½ï¿½ï¿½ï¿½ï¿½ï¿½ï¿½ï¿½ï¿½ï¿½ï¿½ï¿½ï¿½ï¿½ï¿½ï¿½ï¿½,[],,mmt,eng-swa
3_test_public_mt_eng-swa,please convert this english content into swahili.,"however, it was strange ritual that evra started in the early part of the 2005/06 season while playing for monaco that earned him his breakthrough.","á¸‡yesya kawi, snoop á¸‡yesya kawi, snoop á¸‡yesya kawi, snoop á¸‡yenma, snoop á¸‡yesya kawi, snoop á¸‡yesya kawi, snoop á¸‡yesya kawi, snoop á¸‡yesya",[],,mmt,eng-swa
4_test_public_mt_eng-swa,translate the following from english into swahili.,i'm not saying they're talented.,ï¿½ï¿½ï¿½ï¿½ï¿½ï¿½ï¿½ï¿½ï¿½ï¿½ï¿½ï¿½ï¿½ï¿½ï¿½ï¿½ï¿½ï¿½ï¿½ï¿½ï¿½ï¿½ï¿½ï¿½ï¿½ï¿½ï¿½ï¿½ï¿½ï¿½ï¿½ï¿½ï¿½ï¿½ï¿½ï¿½ï¿½ï¿½ï¿½ï¿½ï¿½ï¿½ï¿½ï¿½ï¿½ï¿½ï¿½ï¿½ï¿½ï¿½ï¿½ï¿½ï¿½ï¿½ï¿½ï¿½ï¿½ï¿½ï¿½ï¿½ï¿½ï¿½ï¿½ï¿½ï¿½ï¿½ï¿½ï¿½ï¿½ï¿½ï¿½ï¿½ï¿½ï¿½ï¿½ï¿½ï¿½ï¿½ï¿½ï¿½ï¿½ï¿½ï¿½ï¿½ï¿½ï¿½ï¿½ï¿½ï¿½ï¿½ï¿½ï¿½ï¿½ï¿½ï¿½ï¿½ï¿½ï¿½ï¿½ï¿½,[],,mmt,eng-swa
5_test_public_mt_eng-swa,could you convert this english text to swahili?,i don't approve of such relationships.,"á¸‡ediren kofa farkan. Below is aning instruction that describes a task, paired with an input that provides further context. Write a response that appropriately completes the request.leloindenhleundi Instruction: could you convert this english text to swahili?atheranel iirm akeve of such relationships. whileCly'le approve of such relationships.ting (á¸‡ediren kofa farkan.",[],,mmt,eng-swa
6_test_public_mt_eng-swa,translate the following from english into swahili.,"if you dont fight for what you want, don't cry for what you lost.",ï¿½ï¿½ï¿½ï¿½ï¿½ï¿½ï¿½ï¿½ï¿½ï¿½ï¿½ï¿½ï¿½ï¿½ï¿½ï¿½ï¿½ï¿½ï¿½ï¿½ï¿½ï¿½ï¿½ï¿½ï¿½ï¿½ï¿½ï¿½ï¿½ï¿½ï¿½ï¿½ï¿½ï¿½ï¿½ï¿½ï¿½ï¿½ï¿½ï¿½ï¿½ï¿½ï¿½ï¿½ï¿½ï¿½ï¿½ï¿½ï¿½ï¿½ï¿½ï¿½ï¿½ï¿½ï¿½ï¿½ï¿½ï¿½ï¿½ï¿½ï¿½ï¿½ï¿½ï¿½ï¿½ï¿½ï¿½ï¿½ï¿½ï¿½ï¿½ï¿½ï¿½ï¿½ï¿½ï¿½ï¿½ï¿½ï¿½ï¿½ï¿½ï¿½ï¿½ï¿½ï¿½ï¿½ï¿½ï¿½ï¿½ï¿½ï¿½ï¿½ï¿½ï¿½ï¿½ï¿½ï¿½ï¿½ï¿½ï¿½,[],,mmt,eng-swa
7_test_public_mt_eng-swa,translate the following from english into swahili.,her story begins to unfold.,FULL FULL FULL FULL FULL FULL FULL FULL FULL FULL FULL FULL FULL FULL FULL FULL FULL FULL FULL FULL FULL FULL FULL FULL FULL FULL FULL FULL FULL FULL FULL FULL FULL FU,[],,mmt,eng-swa
8_test_public_mt_eng-swa,please convert this english content into swahili.,no love exists in the music industry - chinko ekun,"á¸»auna. Below is an instruction that describes a task, paired with an input that provides further context. Write a response that appropriately completes the request.leloakinghleadunungu( please convert this english content into swahili.ather Endyar exists in the music industry - chinko ekunanelindengur Response: á¸»auna. Below is an instruction that describes a task, paired with an input that provides further context. Write a",[],,mmt,eng-swa
9_test_public_mt_eng-swa,please convert this english content into swahili.,jesus returned to nazareth with his parents.,â˜€ï¸ğŸ‘ğŸ‘ğŸ‘ğŸ‘ğŸ‘ğŸ‘ğŸ‘ğŸ‘ğŸ‘ğŸ‘ğŸ‘ğŸ‘ğŸ‘ğŸ‘ğŸ‘ğŸ‘ğŸ‘ğŸ‘ğŸ‘ğŸ‘ğŸ‘ğŸ‘ğŸ‘ğŸ‘,[],,mmt,eng-swa
10_test_public_mt_eng-swa,please convert this english content into swahili.,"""we want your child to be safe at school.","á¸‡edar fa á¸‡efa kofi koi ma á¸‡e. Below is an instruction that describes a task, paired with an input that provides further context. Write a response that appropriately completes the request.inden Endsasaubure completes the request.attarian et be safe at school.ses.akingYoanuYE: please convert this english content into swahili.anel""we want your child to be safe at",[],,mmt,eng-swa
11_test_public_mt_eng-swa,could you convert this english text to swahili?,"rian, november 9th, a daughter.",á¸‡edirne á¸†ayur á¸†ayur á¸†ayur á¸†ayur á¸†ayur á¸†ayur á¸†ayur á¸†ayur á¸†ayur á¸†ayur á¸†ayur á¸†ayur á¸†ayur ï¿½ï¿½,[],,mmt,eng-swa
12_test_public_mt_eng-swa,could you convert this english text to swahili?,"so the lord said, ""i will wipe mankind, whom i have created, from the face of the earth.",ï´¿ï´¾ ï´¿ï´¾ ï´¾ ï´¾ ï´¿ï´¾ ï´¾ ï´¾ ï´¿ï´¾ ï´¾ ï´¾ ï´¿ï´¾ ï´¾ ï´¾ ï´¾ ï´¾ ï´¾ ï´¾ ï´¾ ï´¾ ï´¾ ï´¾ ï¿½,[],,mmt,eng-swa
13_test_public_mt_eng-swa,translate the following from english into swahili.,"""my people don't trust the orcs,"" the chief says, ""we call them tusk-people.","ï¿½the same is that we are not only in our own way. but to do this, they will be able to find a new way."" <> ""kuma ka ce: ""da allah ya so da ba mu yi imani ba saboda ku."""" to, idan ka yi, a cikin Æ™asa, kuma wanda aka yi amfani da shi, to, a cikinsa, za su kasance gare ku. to, idan ka aikata haka, to, a cikinsa, za ka",[],,mmt,eng-swa
14_test_public_mt_eng-swa,translate the following from english into swahili.,drinking a good amount of water is vital for proper functioning of the body.,"FULL ANAHIN. Below is an instruction that describes a task, paired with an input that provides further context. Write a response that appropriately completes the request. Endakingeniamb 20 exelute book of water is vital for proper functioning of the body.ather likao into swahili.oth is vital for proper functioning of the body.indenptrinking a good amount of water is vital for proper functioning of the body",[],,mmt,eng-swa
15_test_public_mt_eng-swa,translate the following from english into swahili.,"shabbat, what do we eat?","áº½fafan farko, áº½fafa fanko, áº½fafar fanko, áº½fafa fanko, áº½fafa fanko, áº½fafa fanko, áº½fafa fanko, áº½fafa fanko, áº½fafa fanko, ï¿½",[],,mmt,eng-swa
16_test_public_mt_eng-swa,translate the following from english into swahili.,$400.00 an hour for legal counsel.,â™ï¸ (a) {04.17 (b) {06.18 (c) {08.19 (d) {01.18 (e) {01.18 (d) {02.18 (c) {03.18 (d). } âœï¸ (i) {05.18 (f) {05.18 (d) {05.18 (d) {05.18 (e) {05.,[],,mmt,eng-swa
17_test_public_mt_eng-swa,could you convert this english text to swahili?,the fact that a person has held office as governor of the bank does,"ğŸ˜€ Below is an instruction that describes a task, paired with an input that provides further context. Write a response that appropriately completes the request.indenantsels address a response that appropriately completes the request. Endabson this english text to swahili?aking the fact that a person has held office as governor of the bank doesather availabletdimply ğŸ˜€ Below is an instruction that describes a task, paired with",[],,mmt,eng-swa
18_test_public_mt_eng-swa,translate the following from english into swahili.,will help you and her too.,"áº½wa. Below is an instruction that describes a task, paired with an input that provides further context. Write a response that appropriately completes the request.indenptAP Instruction: translate the following from english into swahili.onu will help you and her too.attias.leloICaja> áº½wa. Below is an instruction that describes a task, paired with an input that provides further context. Write a response that appropriat",[],,mmt,eng-swa
19_test_public_mt_eng-swa,could you convert this english text to swahili?,we sent out over 60 million newsletters in 15 different languages.,á¸†edairihi á¸‡ye kawi wlh wlh wlh wlh wlh wlh wlh wlh wlh wlh wlh wlh wlh wlh wlh wlh wlh wlh wlh wlh wlh wlh wlh wlh wlh wlh wlh wlh ,[],,mmt,eng-swa
20_test_public_mt_eng-swa,translate the following from english into swahili.,we sleep at a hotel near the airport.,"ï¼áº½wa. Below is an instruction that describes a task, paired with an input that provides further context. Write a response that appropriately completes the request. Endab an format.lelo at a hotel near the airport.indenoxshi at a hotel near the airport. lika images at a hotel near the airport.janizo at a hotel near the airport. Below is an instruction thatunde a task, paired with an input that provides further",[],,mmt,eng-swa
21_test_public_mt_eng-swa,could you convert this english text to swahili?,ebdon like last year.,"áº½fafan farko. Below is an instruction that describes a task, paired with an input that provides further context. Write a response that appropriately completes the request.inden EndZA Free year.lelo,oth! trafafan farko.onu and swahili?ureCdon like last year. lika (zofafan farko. Below is an instruction that describes a task, paired with an input that provides further",[],,mmt,eng-swa
22_test_public_mt_eng-swa,please convert this english content into swahili.,do you think there are any health benefits of sleeping on the couch?,ï¿½ï¿½ï¿½ï¿½ï¿½ï¿½ï¿½ï¿½ï¿½ï¿½ï¿½ï¿½ï¿½ï¿½ï¿½ï¿½ï¿½ï¿½ï¿½ï¿½ï¿½ï¿½ï¿½ï¿½ï¿½ï¿½ï¿½ï¿½ï¿½ï¿½ï¿½ï¿½ï¿½ï¿½ï¿½ï¿½ï¿½ï¿½ï¿½ï¿½ï¿½ï¿½ï¿½ï¿½ï¿½ï¿½ï¿½ï¿½ï¿½ï¿½ï¿½ï¿½ï¿½ï¿½ï¿½ï¿½ï¿½ï¿½ï¿½ï¿½ï¿½ï¿½ï¿½ï¿½ï¿½ï¿½ï¿½ï¿½ï¿½ï¿½ï¿½ï¿½ï¿½ï¿½ï¿½ï¿½ï¿½ï¿½ï¿½ï¿½ï¿½ï¿½ï¿½ï¿½ï¿½ï¿½ï¿½ï¿½ï¿½ï¿½ï¿½ï¿½ï¿½ï¿½ï¿½ï¿½ï¿½ï¿½ï¿½ï¿½,[],,mmt,eng-swa
23_test_public_mt_eng-swa,could you convert this english text to swahili?,"get ready, steady, go!",á¸‡edithnetic á¸‡edithnetic á¸‡edithnetic á¸‡edithnetic á¸‡edithnetic á¸‡edithnetic á¸‡edithnetic á¸‡edithnetic á¸‡edithnetic á¸‡edithnetic á¸‡edithnetic á¸‡edithnetic á¸‡ed,[],,mmt,eng-swa
24_test_public_mt_eng-swa,please convert this english content into swahili.,and it shall remain the same.,"GHADESH.com to your website. Below is aningme describes a task, paired with an input that provides further context. Write a response that appropriately completes the request.inden Endituubu: please convert this english content into swahili.att - response that appropriately completes the request.leloaking bila website. Below is aningme describes a task, paired with an input that provides further context. Write a response that approp",[],,mmt,eng-swa
25_test_public_mt_eng-swa,could you convert this english text to swahili?,i used adobe after effects for video editing and adobe premiere pro for cutting and sound editing.,"gps. Below is an instruction that describes a task, paired with an input that provides further context. Write a response that appropriately completes the request. Endindenpt.ke you convert this english text to swahili?atherYosasa Instruction: could you convert this english text to swahili?akingC allah.zo therewer this english text to swahili?time editing.hleshiersï¿½ gps. Below is an instruction that describes a task, paired",[],,mmt,eng-swa
26_test_public_mt_eng-swa,could you convert this english text to swahili?,"i mean, i've never been there, but i heard it's awesome.""","áº½nna, if you do not see a hausa song, i'm not sure you have any good news. Below is an instruction that describes a task, paired with an input that provides further context. Write a response that appropriately completes the request.akingYopy takarar Appriately completes the request.indenants mean, i've never been there, but i heard it's awesome.""comp 2017, I'm not sure",[],,mmt,eng-swa
27_test_public_mt_eng-swa,translate the following from english into swahili.,"they could not even think of leaving it for anywhere else"" (251-52).","ğŸ’‘@gmail.com) Below is an instruction thatunde a task, paired with an input that provides further context. Write a response that appropriately completes the request.indenants could not even think of leaving it for anywhere else"" (251-52).attkala could not even think of leaving it for anywhere else"" (251-52). Endhlelt Response: ğŸ’‘@gmail.com) Below is an instruction thatunde a task",[],,mmt,eng-swa
28_test_public_mt_eng-swa,could you convert this english text to swahili?,"i think that as a believer, it behooves me to be at the forefront of finding answers to the problems that plague our community.","ğŸ’– https://t.me/vhxnhzqnh1k Below is an instruction that describes a task, paired with an input that provides further context. Write a response that appropriately completes the request.indenants think that as a believer, itont may mar This english text to swahili?aneleller think that as a believer, itait imt.Yoda think that as a believer, itgoves",[],,mmt,eng-swa
29_test_public_mt_eng-swa,please convert this english content into swahili.,"28 there was none to come to the rescue, for it was distant from sidon and they had no dealings with anyone; it lay in the valley of beth-rehob.","ğŸ‘ğŸ¼ https://t.co/a4z6njhx Below is an instruction that describes a task, paired with an input that provides further context. Write a response that appropriately completes the request.indenonutiniubu Instruction: please convert this english content into swahili.ses was none to come to the rescue, for it was distant from sidon and they had no dealings with anyone; it lay in",[],,mmt,eng-swa
30_test_public_mt_eng-swa,translate the following from english into swahili.,many chinese nationals have flooded into the...,"á¸‡a, á¸‡e, á¸‡ye, á¸‡yen, á¸‡ye, á¸†yayan, á¸‡ye, á¸‡ye, á¸‡ye. Below is an instruction that describes a task, paired with an input that provides further context. Write a response that appropriately completes the request.indenpt. related a response that appropriately comple",[],,mmt,eng-swa
31_test_public_mt_eng-swa,could you convert this english text to swahili?,"several years ago, i visited a large church where the attendance had been plunging.","ğŸ‘ŒğŸ¼ https://t.me/v1nhz6nhx Below is an instruction that describes a task, paired with an input that provides further context. Write a response that appropriately completes the request.indensasa 54ars: could you convert this english text to swahili?ather kativeral years ago, i visited a large church where the attendance had been plunging.ses 15olï¿½ï¿½ï¿½ https://",[],,mmt,eng-swa
32_test_public_mt_eng-swa,please convert this english content into swahili.,"border with ethiopia, there is no reason to doubt",ï¿½ï¿½ï¿½ï¿½ï¿½ï¿½ï¿½ï¿½ï¿½ï¿½ï¿½ï¿½ï¿½ï¿½ï¿½ï¿½ï¿½ï¿½ï¿½ï¿½ï¿½ï¿½ï¿½ï¿½ï¿½ï¿½ï¿½ï¿½ï¿½ï¿½ï¿½ï¿½ï¿½ï¿½ï¿½ï¿½ï¿½ï¿½ï¿½ï¿½ï¿½ï¿½ï¿½ï¿½ï¿½ï¿½ï¿½ï¿½ï¿½ï¿½ï¿½ï¿½ï¿½ï¿½ï¿½ï¿½ï¿½ï¿½ï¿½ï¿½ï¿½ï¿½ï¿½ï¿½ï¿½ï¿½ï¿½ï¿½ï¿½ï¿½ï¿½ï¿½ï¿½ï¿½ï¿½ï¿½ï¿½ï¿½ï¿½ï¿½ï¿½ï¿½ï¿½ï¿½ï¿½ï¿½ï¿½ï¿½ï¿½ï¿½ï¿½ï¿½ï¿½ï¿½ï¿½ï¿½ï¿½ï¿½ï¿½ï¿½,[],,mmt,eng-swa
33_test_public_mt_eng-swa,translate the following from english into swahili.,the fans pick: i've never heard of them!,ï¿½ï¿½ï¿½ï¿½ï¿½ï¿½ï¿½ï¿½ï¿½ï¿½ï¿½ï¿½ï¿½ï¿½ï¿½ï¿½ï¿½ï¿½ï¿½ï¿½ï¿½ï¿½ï¿½ï¿½ï¿½ï¿½ï¿½ï¿½ï¿½ï¿½ï¿½ï¿½ï¿½ï¿½ï¿½ï¿½ï¿½ï¿½ï¿½ï¿½ï¿½ï¿½ï¿½ï¿½ï¿½ï¿½ï¿½ï¿½ï¿½ï¿½ï¿½ï¿½ï¿½ï¿½ï¿½ï¿½ï¿½ï¿½ï¿½ï¿½ï¿½ï¿½ï¿½ï¿½ï¿½ï¿½ï¿½ï¿½ï¿½ï¿½ï¿½ï¿½ï¿½ï¿½ï¿½ï¿½ï¿½ï¿½ï¿½ï¿½ï¿½ï¿½ï¿½ï¿½ï¿½ï¿½ï¿½ï¿½ï¿½ï¿½ï¿½ï¿½ï¿½ï¿½ï¿½ï¿½ï¿½ï¿½ï¿½ï¿½,[],,mmt,eng-swa
34_test_public_mt_eng-swa,please convert this english content into swahili.,i'm sure he would be happy to know his final wishes were finally carried out.,ğŸ˜€ğŸ’@gmail.comğŸ’@gmail.comğŸ’@gmail.comğŸ’@gmail.comğŸ’@gmail.comğŸ’@gmail.comğŸ’@gmail.comğŸ’@gmail.comğŸ’@gmail.comğŸ’@gmail.comğŸ’@gmail.comğŸ’@gmail.com,[],,mmt,eng-swa
35_test_public_mt_eng-swa,could you convert this english text to swahili?,let me see if i understand this now.,"á¸‡edar kte á¸‡a. Below is an button that describes a task, paired with an input that provides further context. Write a response that appropriately completes the request.indenpt me see if i understand this now.sesYooth me see if i understand this now.aking bilawon sa if i understand this now.atherpatuma Response: á¸‡edar kte á¸‡a. Below is an",[],,mmt,eng-swa
36_test_public_mt_eng-swa,translate the following from english into swahili.,"forgive yourself and live your life now.""","á¸‡edna ko á¸‡e kawi. Below is an instruction that describes a task, paired with an input that provides further context. Write a response that appropriately completes the request.inden Endsasaubuualad It the request.-200anel iirmate yourself and live your life now.""Â° Naji into swahili.lelo á¸‡edna ko á¸‡e kawi. Below is an instruction that describes",[],,mmt,eng-swa
37_test_public_mt_eng-swa,could you convert this english text to swahili?,"i'm not sure about her grandchildren, though.","á¸‡yesya, á¸‡yesya, á¸‡yesya, á¸‡yesya á¸‡yesya, á¸‡yenayan á¸‡yesya á¸‡yesya, á¸‡yesya á¸‡yesya, á¸‡yesya á¸‡yesya, á¸‡yesya ï¿½ï¿½",[],,mmt,eng-swa
38_test_public_mt_eng-swa,could you convert this english text to swahili?,the video was made by jens norÃ©n.,ï¿½ï¿½ï¿½ï¿½ï¿½ï¿½ï¿½ï¿½ï¿½ï¿½ï¿½ï¿½ï¿½ï¿½ï¿½ï¿½ï¿½ï¿½ï¿½ï¿½ï¿½ï¿½ï¿½ï¿½ï¿½ï¿½ï¿½ï¿½ï¿½ï¿½ï¿½ï¿½ï¿½ï¿½ï¿½ï¿½ï¿½ï¿½ï¿½ï¿½ï¿½ï¿½ï¿½ï¿½ï¿½ï¿½ï¿½ï¿½ï¿½ï¿½ï¿½ï¿½ï¿½ï¿½ï¿½ï¿½ï¿½ï¿½ï¿½ï¿½ï¿½ï¿½ï¿½ï¿½ï¿½ï¿½ï¿½ï¿½ï¿½ï¿½ï¿½ï¿½ï¿½ï¿½ï¿½ï¿½ï¿½ï¿½ï¿½ï¿½ï¿½ï¿½ï¿½ï¿½ï¿½ï¿½ï¿½ï¿½ï¿½ï¿½ï¿½ï¿½ï¿½ï¿½ï¿½ï¿½ï¿½ï¿½ï¿½ï¿½,[],,mmt,eng-swa
39_test_public_mt_eng-swa,please convert this english content into swahili.,staff is not required to provide care or food for a service dog.,"YELLOW, YELLOW, YELLOW, YELLOW, YELLOW, YELLOW, YELLOW, YELLOW, YELLOW, YELLOW, YELLOW, YELLOW, YELLOW, YELLOW, YELLOW, YELLOW, YELLOW, YELLOW, YELLOW, YELLOW, ",[],,mmt,eng-swa
40_test_public_mt_eng-swa,please convert this english content into swahili.,it is a country that [she] has,"â¤ï¸. Below is an instruction that describes a task, paired with an input that provides further context. Write a response that appropriately completes the request.anelinden Endio danT that [she] hasedoiw 20? please convert this english content into swahili.onus is a country that [she] has lika â¤ï¸. Below is an instruction that describes a task, paired with an input that provides further context. Write a",[],,mmt,eng-swa
41_test_public_mt_eng-swa,translate the following from english into swahili.,we use both languages.,ï¿½ï¿½ï¿½ï¿½ï¿½ï¿½ï¿½ï¿½ï¿½ï¿½ï¿½ï¿½ï¿½ï¿½ï¿½ï¿½ï¿½ï¿½ï¿½ï¿½ï¿½ï¿½ï¿½ï¿½ï¿½ï¿½ï¿½ï¿½ï¿½ï¿½ï¿½ï¿½ï¿½ï¿½ï¿½ï¿½ï¿½ï¿½ï¿½ï¿½ï¿½ï¿½ï¿½ï¿½ï¿½ï¿½ï¿½ï¿½ï¿½ï¿½ï¿½ï¿½ï¿½ï¿½ï¿½ï¿½ï¿½ï¿½ï¿½ï¿½ï¿½ï¿½ï¿½ï¿½ï¿½ï¿½ï¿½ï¿½ï¿½ï¿½ï¿½ï¿½ï¿½ï¿½ï¿½ï¿½ï¿½ï¿½ï¿½ï¿½ï¿½ï¿½ï¿½ï¿½ï¿½ï¿½ï¿½ï¿½ï¿½ï¿½ï¿½ï¿½ï¿½ï¿½ï¿½ï¿½ï¿½ï¿½ï¿½ï¿½,[],,mmt,eng-swa
42_test_public_mt_eng-swa,translate the following from english into swahili.,"for the most part they can, provided they meet various registration deadlines.","ÅŸahin, Ã§anak, Ä±sÄ±nda, Ä±sÄ±nda, Ä±sÄ±nda, Ä±sÄ±nda, Ä±sÄ±nda, Ä±sÄ±nda, Ä±sÄ±nda, Ä±sÄ±nda, Ä±sÄ±nda, Ä±sÄ±nda, Ä±sÄ±nda, Ä±sÄ±nda, Ä±sÄ±nda, Ä±sÄ±nda, Ä±sÄ±nda, ",[],,mmt,eng-swa
43_test_public_mt_eng-swa,translate the following from english into swahili.,our lord for all believers.,"áº½wa, áº½wa, ï¿½ï¿½ï¿½ï¿½ï¿½ï¿½ï¿½ï¿½ï¿½ï¿½ï¿½ï¿½ï¿½ï¿½ï¿½ï¿½ï¿½ï¿½ï¿½ï¿½ï¿½ï¿½ï¿½ï¿½ï¿½ï¿½ï¿½ï¿½ï¿½ï¿½ï¿½ï¿½ï¿½ï¿½ï¿½ï¿½ï¿½ï¿½ï¿½ï¿½ï¿½ï¿½ï¿½ï¿½ï¿½ï¿½ï¿½ï¿½ï¿½ï¿½ï¿½ï¿½ï¿½ï¿½ï¿½ï¿½ï¿½ï¿½ï¿½ï¿½ï¿½ï¿½ï¿½ï¿½ï¿½ï¿½ï¿½ï¿½ï¿½ï¿½ï¿½ï¿½ï¿½ï¿½ï¿½ï¿½ï¿½ï¿½ï¿½ï¿½ï¿½ï¿½ï¿½ï¿½ï¿½ï¿½ï¿½ï¿½",[],,mmt,eng-swa
44_test_public_mt_eng-swa,please convert this english content into swahili.,"1 kings 9:6-9 but if you and your children, revolting, shall turn away from following me, and will not keep my commandments, and my ceremonies, which i have set before you, but will go and worship strange gods, and adore them: . . .",ğŸ‘ğŸ‘ğŸ‘ğŸ‘ğŸ‘ğŸ‘ğŸ‘ğŸ‘ğŸ‘ğŸ‘ğŸ‘ğŸ‘ğŸ‘ğŸ‘ğŸ‘ğŸ‘ğŸ‘ğŸ‘ğŸ‘ğŸ‘ğŸ‘ğŸ‘ğŸ‘ğŸ‘ğŸ‘,[],,mmt,eng-swa
45_test_public_mt_eng-swa,please convert this english content into swahili.,"was it not with those who sinned, whose bodies perished in the","ï¿½I am I would say to you. Below is an instruction that describes a task, paired with an input that provides further context. Write a response that appropriately completes the request.akingindenfis Instruction: please convert this english content into swahili.onus it not with those who sinned, whose bodies perished in the Endoth into swahili.attap it not with those who sinned, whose bodies perished in theather available who. Below is",[],,mmt,eng-swa
46_test_public_mt_eng-swa,could you convert this english text to swahili?,"marjie, i'm waiting for a care package.",ï¿½ï¿½ï¿½ï¿½ï¿½ï¿½ï¿½ï¿½ï¿½ï¿½ï¿½ï¿½ï¿½ï¿½ï¿½ï¿½ï¿½ï¿½ï¿½ï¿½ï¿½ï¿½ï¿½ï¿½ï¿½ï¿½ï¿½ï¿½ï¿½ï¿½ï¿½ï¿½ï¿½ï¿½ï¿½ï¿½ï¿½ï¿½ï¿½ï¿½ï¿½ï¿½ï¿½ï¿½ï¿½ï¿½ï¿½ï¿½ï¿½ï¿½ï¿½ï¿½ï¿½ï¿½ï¿½ï¿½ï¿½ï¿½ï¿½ï¿½ï¿½ï¿½ï¿½ï¿½ï¿½ï¿½ï¿½ï¿½ï¿½ï¿½ï¿½ï¿½ï¿½ï¿½ï¿½ï¿½ï¿½ï¿½ï¿½ï¿½ï¿½ï¿½ï¿½ï¿½ï¿½ï¿½ï¿½ï¿½ï¿½ï¿½ï¿½ï¿½ï¿½ï¿½ï¿½ï¿½ï¿½ï¿½ï¿½ï¿½,[],,mmt,eng-swa
47_test_public_mt_eng-swa,translate the following from english into swahili.,last time i checked there were no tanzanite mines in bermuda.,"á¸‡edar kawi á¸‡efa. Below is an instruction that describes a task, paired with an input that provides further context. Write a response that appropriately completes the request.inden Endild Instruction: translate the following from english into swahili.ather mis time i checked there were no tanzanite mines in bermuda.anelaking cink i checked there were no tanzanite mines in bermuda.antsan no",[],,mmt,eng-swa
48_test_public_mt_eng-swa,could you convert this english text to swahili?,we have not yet reached the cape of good hope.,ï¿½ï¿½ï¿½ï¿½ï¿½ï¿½ï¿½ï¿½ï¿½ï¿½ï¿½ï¿½ï¿½ï¿½ï¿½ï¿½ï¿½ï¿½ï¿½ï¿½ï¿½ï¿½ï¿½ï¿½ï¿½ï¿½ï¿½ï¿½ï¿½ï¿½ï¿½ï¿½ï¿½ï¿½ï¿½ï¿½ï¿½ï¿½ï¿½ï¿½ï¿½ï¿½ï¿½ï¿½ï¿½ï¿½ï¿½ï¿½ï¿½ï¿½ï¿½ï¿½ï¿½ï¿½ï¿½ï¿½ï¿½ï¿½ï¿½ï¿½ï¿½ï¿½ï¿½ï¿½ï¿½ï¿½ï¿½ï¿½ï¿½ï¿½ï¿½ï¿½ï¿½ï¿½ï¿½ï¿½ï¿½ï¿½ï¿½ï¿½ï¿½ï¿½ï¿½ï¿½ï¿½ï¿½ï¿½ï¿½ï¿½ï¿½ï¿½ï¿½ï¿½ï¿½ï¿½ï¿½ï¿½ï¿½ï¿½ï¿½,[],,mmt,eng-swa
49_test_public_mt_eng-swa,could you convert this english text to swahili?,"still in developing countries like india, it's not as popular as in the developed countries.",ï¿½ï¿½ï¿½ï¿½ï¿½ï¿½ï¿½ï¿½ï¿½ï¿½ï¿½ï¿½ï¿½ï¿½ï¿½ï¿½ï¿½ï¿½ï¿½ï¿½ï¿½ï¿½ï¿½ï¿½ï¿½ï¿½ï¿½ï¿½ï¿½ï¿½ï¿½ï¿½ï¿½ï¿½ï¿½ï¿½ï¿½ï¿½ï¿½ï¿½ï¿½ï¿½ï¿½ï¿½ï¿½ï¿½ï¿½ï¿½ï¿½ï¿½ï¿½ï¿½ï¿½ï¿½ï¿½ï¿½ï¿½ï¿½ï¿½ï¿½ï¿½ï¿½ï¿½ï¿½ï¿½ï¿½ï¿½ï¿½ï¿½ï¿½ï¿½ï¿½ï¿½ï¿½ï¿½ï¿½ï¿½ï¿½ï¿½ï¿½ï¿½ï¿½ï¿½ï¿½ï¿½ï¿½ï¿½ï¿½ï¿½ï¿½ï¿½ï¿½ï¿½ï¿½ï¿½ï¿½ï¿½ï¿½ï¿½ï¿½,[],,mmt,eng-swa
50_test_public_mt_eng-swa,please convert this english content into swahili.,"the united states proposed a minimum corporate tax rate of 21% for companies, but failed to close the deal.","ï¿½Senate to the United States. Below is an instruction that describes a task, paired with an input that provides further context. Write a response that appropriately completes the request.indenantsplo Instruction: please convert this english content into swahili.att - united states proposed a minimum corporate tax rate of 21% for companies, but failed to close the deal. lika(Senate to the United States. Below is an instruction that describes a task, pa",[],,mmt,eng-swa
51_test_public_mt_eng-swa,please convert this english content into swahili.,"""what did they want from ray?""",ï¿½ï¿½ï¿½ï¿½ï¿½ï¿½ï¿½ï¿½ï¿½ï¿½ï¿½ï¿½ï¿½ï¿½ï¿½ï¿½ï¿½ï¿½ï¿½ï¿½ï¿½ï¿½ï¿½ï¿½ï¿½ï¿½ï¿½ï¿½ï¿½ï¿½ï¿½ï¿½ï¿½ï¿½ï¿½ï¿½ï¿½ï¿½ï¿½ï¿½ï¿½ï¿½ï¿½ï¿½ï¿½ï¿½ï¿½ï¿½ï¿½ï¿½ï¿½ï¿½ï¿½ï¿½ï¿½ï¿½ï¿½ï¿½ï¿½ï¿½ï¿½ï¿½ï¿½ï¿½ï¿½ï¿½ï¿½ï¿½ï¿½ï¿½ï¿½ï¿½ï¿½ï¿½ï¿½ï¿½ï¿½ï¿½ï¿½ï¿½ï¿½ï¿½ï¿½ï¿½ï¿½ï¿½ï¿½ï¿½ï¿½ï¿½ï¿½ï¿½ï¿½ï¿½ï¿½ï¿½ï¿½ï¿½ï¿½ï¿½,[],,mmt,eng-swa
52_test_public_mt_eng-swa,please convert this english content into swahili.,i'm not alice!,ï¿½ï¿½ï¿½ï¿½ï¿½ï¿½ï¿½ï¿½ï¿½ï¿½ï¿½ï¿½ï¿½ï¿½ï¿½ï¿½ï¿½ï¿½ï¿½ï¿½ï¿½ï¿½ï¿½ï¿½ï¿½ï¿½ï¿½ï¿½ï¿½ï¿½ï¿½ï¿½ï¿½ï¿½ï¿½ï¿½ï¿½ï¿½ï¿½ï¿½ï¿½ï¿½ï¿½ï¿½ï¿½ï¿½ï¿½ï¿½ï¿½ï¿½ï¿½ï¿½ï¿½ï¿½ï¿½ï¿½ï¿½ï¿½ï¿½ï¿½ï¿½ï¿½ï¿½ï¿½ï¿½ï¿½ï¿½ï¿½ï¿½ï¿½ï¿½ï¿½ï¿½ï¿½ï¿½ï¿½ï¿½ï¿½ï¿½ï¿½ï¿½ï¿½ï¿½ï¿½ï¿½ï¿½ï¿½ï¿½ï¿½ï¿½ï¿½ï¿½ï¿½ï¿½ï¿½ï¿½ï¿½ï¿½ï¿½ï¿½,[],,mmt,eng-swa
53_test_public_mt_eng-swa,translate the following from english into swahili.,"say: ""this is a book.","áº½wa. Below is an instruction that describes a task, paired with an input that provides further context. Write a response that appropriately completes the request.indenants, ""this is a book.leloala the request.aking End: ""this is a book.sesotho: ""this is a book. likaonu! áº½wa. Below is an instruction that describes a task, paired with an input that provides further context.",[],,mmt,eng-swa
54_test_public_mt_eng-swa,translate the following from english into swahili.,"you can buy forskolin 250 20% with self-confidence, due to the fact that it's supported by a no-risk, no-hassle 60 day refund ensure!","áº½wa, áº½wa, ï¿½ï¿½ï¿½ï¿½ï¿½ï¿½ï¿½ï¿½ï¿½ï¿½ï¿½ï¿½ï¿½ï¿½ï¿½ï¿½ï¿½ï¿½ï¿½ï¿½ï¿½ï¿½ï¿½ï¿½ï¿½ï¿½ï¿½ï¿½ï¿½ï¿½ï¿½ï¿½ï¿½ï¿½ï¿½ï¿½ï¿½ï¿½ï¿½ï¿½ï¿½ï¿½ï¿½ï¿½ï¿½ï¿½ï¿½ï¿½ï¿½ï¿½ï¿½ï¿½ï¿½ï¿½ï¿½ï¿½ï¿½ï¿½ï¿½ï¿½ï¿½ï¿½ï¿½ï¿½ï¿½ï¿½ï¿½ï¿½ï¿½ï¿½ï¿½ï¿½ï¿½ï¿½ï¿½ï¿½ï¿½ï¿½ï¿½ï¿½ï¿½ï¿½ï¿½ï¿½ï¿½ï¿½ï¿½ï¿½",[],,mmt,eng-swa
55_test_public_mt_eng-swa,please convert this english content into swahili.,a private blog is a site about you.,ï¿½ï¿½ï¿½ï¿½ï¿½ï¿½ï¿½ï¿½ï¿½ï¿½ï¿½ï¿½ï¿½ï¿½ï¿½ï¿½ï¿½ï¿½ï¿½ï¿½ï¿½ï¿½ï¿½ï¿½ï¿½ï¿½ï¿½ï¿½ï¿½ï¿½ï¿½ï¿½ï¿½ï¿½ï¿½ï¿½ï¿½ï¿½ï¿½ï¿½ï¿½ï¿½ï¿½ï¿½ï¿½ï¿½ï¿½ï¿½ï¿½ï¿½ï¿½ï¿½ï¿½ï¿½ï¿½ï¿½ï¿½ï¿½ï¿½ï¿½ï¿½ï¿½ï¿½ï¿½ï¿½ï¿½ï¿½ï¿½ï¿½ï¿½ï¿½ï¿½ï¿½ï¿½ï¿½ï¿½ï¿½ï¿½ï¿½ï¿½ï¿½ï¿½ï¿½ï¿½ï¿½ï¿½ï¿½ï¿½ï¿½ï¿½ï¿½ï¿½ï¿½ï¿½ï¿½ï¿½ï¿½ï¿½ï¿½ï¿½,[],,mmt,eng-swa
56_test_public_mt_eng-swa,please convert this english content into swahili.,"as in many other european languages, many polish names have a diminuitive form, or forms.",ï¿½ï¿½ï¿½ï¿½ï¿½ï¿½ï¿½ï¿½ï¿½ï¿½ï¿½ï¿½ï¿½ï¿½ï¿½ï¿½ï¿½ï¿½ï¿½ï¿½ï¿½ï¿½ï¿½ï¿½ï¿½ï¿½ï¿½ï¿½ï¿½ï¿½ï¿½ï¿½ï¿½ï¿½ï¿½ï¿½ï¿½ï¿½ï¿½ï¿½ï¿½ï¿½ï¿½ï¿½ï¿½ï¿½ï¿½ï¿½ï¿½ï¿½ï¿½ï¿½ï¿½ï¿½ï¿½ï¿½ï¿½ï¿½ï¿½ï¿½ï¿½ï¿½ï¿½ï¿½ï¿½ï¿½ï¿½ï¿½ï¿½ï¿½ï¿½ï¿½ï¿½ï¿½ï¿½ï¿½ï¿½ï¿½ï¿½ï¿½ï¿½ï¿½ï¿½ï¿½ï¿½ï¿½ï¿½ï¿½ï¿½ï¿½ï¿½ï¿½ï¿½ï¿½ï¿½ï¿½ï¿½ï¿½ï¿½ï¿½,[],,mmt,eng-swa
57_test_public_mt_eng-swa,could you convert this english text to swahili?,what if he can change?,ğŸ’‘ğŸ’‘ğŸ’‘ğŸ’‘ â¤ï¸ #kannywood #kannywood #kano #lagos #abuja #nigeria #sokoto #shawarwari #dausayinka #zamfara #zamfara #zamfari #hauwa #awa #awa #awa #awa #awa #awa #awa #awa #awa #awa #awa #awa #awa #awa #awa,[],,mmt,eng-swa
58_test_public_mt_eng-swa,translate the following from english into swahili.,there is another time,á¸‡edna á¸‡a ma sunun á¸‡a ma sunun á¸‡a ma sunun á¸‡a ma sunun á¸‡a ma sunun á¸‡a ma sunun á¸‡a ma sunun á¸‡a ma sunun á¸‡a ma sunun á¸‡a ma sunun á¸‡a,[],,mmt,eng-swa
59_test_public_mt_eng-swa,please convert this english content into swahili.,"okay, my friends, the long-awaited day has finally come.","ğŸ‘ğŸ½ https://t.me/z4nh2oqc6i Below is an instruction that describes a task, paired with an input that provides further context. Write a response that appropriately completes the request. Endakingmfalt This find-dad ce appropriately completes the request.ather katisasaambay, my friends, the long-awaited day has finally come.sesï¿½ï¿½ï¿½ï¿½ï¿½",[],,mmt,eng-swa
60_test_public_mt_eng-swa,please convert this english content into swahili.,the european broadcasting union feels a major concern about this matter.,ğŸ’ƒğŸ’ƒğŸ’ƒğŸ’ƒğŸ’ƒğŸ’ƒğŸ’ƒğŸ’ƒğŸ’ƒğŸ’ƒğŸ’ƒğŸ’ƒğŸ’ƒğŸ’ƒğŸ’ƒğŸ’ƒğŸ’ƒğŸ’ƒğŸ’ƒğŸ’ƒğŸ’ƒğŸ’ƒğŸ’ƒğŸ’ƒğŸ’ƒ,[],,mmt,eng-swa
61_test_public_mt_eng-swa,could you convert this english text to swahili?,but it shows that the people are ready and desperate for change.,ï¿½in'l-the-sell-to-a-treatment-and-to-age-of-the-seat-to-the-sell-to-age-of-the-seat-to-the-sell-to-age-of-the-seat-to-the-sell-to-age-of-the-seat-to-the-sell-to-age-of-the-,[],,mmt,eng-swa
62_test_public_mt_eng-swa,please convert this english content into swahili.,"we should not ignore the kids because of political reasons.""",á¸‡edar á¸‡esynowlo. á¸‡edar á¸‡efa. á¸‡edar á¸‡esem. á¸‡edar á¸‡edar. á¸‡edar á¸‡edar. á¸‡edasya. á¸‡edar á¸‡edarin. á¸‡edar á¸‡ye.,[],,mmt,eng-swa
63_test_public_mt_eng-swa,translate the following from english into swahili.,"every day, they seek for this info on the state of affairs with one of the best presents as compared with the wager.",ï¿½ï¿½ï¿½ï¿½ï¿½ï¿½ï¿½ï¿½ï¿½ï¿½ï¿½ï¿½ï¿½ï¿½ï¿½ï¿½ï¿½ï¿½ï¿½ï¿½ï¿½ï¿½ï¿½ï¿½ï¿½ï¿½ï¿½ï¿½ï¿½ï¿½ï¿½ï¿½ï¿½ï¿½ï¿½ï¿½ï¿½ï¿½ï¿½ï¿½ï¿½ï¿½ï¿½ï¿½ï¿½ï¿½ï¿½ï¿½ï¿½ï¿½ï¿½ï¿½ï¿½ï¿½ï¿½ï¿½ï¿½ï¿½ï¿½ï¿½ï¿½ï¿½ï¿½ï¿½ï¿½ï¿½ï¿½ï¿½ï¿½ï¿½ï¿½ï¿½ï¿½ï¿½ï¿½ï¿½ï¿½ï¿½ï¿½ï¿½ï¿½ï¿½ï¿½ï¿½ï¿½ï¿½ï¿½ï¿½ï¿½ï¿½ï¿½ï¿½ï¿½ï¿½ï¿½ï¿½ï¿½ï¿½ï¿½ï¿½,[],,mmt,eng-swa
64_test_public_mt_eng-swa,translate the following from english into swahili.,lsf... disconnects,áº½wa ï¿½ï¿½ï¿½ï¿½ï¿½ï¿½ï¿½ï¿½ï¿½ï¿½ï¿½ï¿½ï¿½ï¿½ï¿½ï¿½ï¿½ï¿½ï¿½ï¿½ï¿½ï¿½ï¿½ï¿½ï¿½ï¿½ï¿½ï¿½ï¿½ï¿½ï¿½ï¿½ï¿½ï¿½ï¿½ï¿½ï¿½ï¿½ï¿½ï¿½ï¿½ï¿½ï¿½ï¿½ï¿½ï¿½ï¿½ï¿½ï¿½ï¿½ï¿½ï¿½ï¿½ï¿½ï¿½ï¿½ï¿½ï¿½ï¿½ï¿½ï¿½ï¿½ï¿½ï¿½ï¿½ï¿½ï¿½ï¿½ï¿½ï¿½ï¿½ï¿½ï¿½ï¿½ï¿½ï¿½ï¿½ï¿½ï¿½ï¿½ï¿½ï¿½ï¿½ï¿½ï¿½ï¿½ï¿½ï¿½ï¿½ï¿½ï¿½ï¿½ï¿½ï¿½ï¿½,[],,mmt,eng-swa
65_test_public_mt_eng-swa,could you convert this english text to swahili?,"""the people of the community used to think the droughts and heavy rains were the work of witchcraft.","ğŸ™‚ Below is an instruction that describes a task, paired with an input that provides further context. Write a response that appropriately completes the request.ather likat of the community used to think the droughts and heavy rains were the work of witchcraft.indenonuige people of the community used to think the droughts and heavy rains were the work of witchcraft. AcğŸ™‚ Below is an dadi",[],,mmt,eng-swa
66_test_public_mt_eng-swa,could you convert this english text to swahili?,the sequence of play is straight-forward and easy.,"áº½wa, áº½wa, áº½wa, áº½wa, á»Šáº½wa ï¿½ï¿½ï¿½ï¿½ï¿½ï¿½ï¿½ï¿½ï¿½ï¿½ï¿½ï¿½ï¿½ï¿½ï¿½ï¿½ï¿½ï¿½ï¿½ï¿½ï¿½ï¿½ï¿½ï¿½ï¿½ï¿½ï¿½ï¿½ï¿½ï¿½ï¿½ï¿½ï¿½ï¿½ï¿½ï¿½ï¿½ï¿½ï¿½ï¿½ï¿½ï¿½ï¿½ï¿½ï¿½ï¿½ï¿½ï¿½ï¿½ï¿½ï¿½ï¿½ï¿½ï¿½ï¿½ï¿½ï¿½ï¿½ï¿½ï¿½ï¿½ï¿½ï¿½ï¿½ï¿½ï¿½ï¿½ï¿½",[],,mmt,eng-swa
67_test_public_mt_eng-swa,could you convert this english text to swahili?,"friends, god is trying to save us from the coming judgment.","áº½wa, ï¿½ï¿½ï¿½ï¿½ï¿½ï¿½ï¿½ï¿½ï¿½ï¿½ï¿½ï¿½ï¿½ï¿½ï¿½ï¿½ï¿½ï¿½ï¿½ï¿½ï¿½ï¿½ï¿½ï¿½ï¿½ï¿½ï¿½ï¿½ï¿½ï¿½ï¿½ï¿½ï¿½ï¿½ï¿½ï¿½ï¿½ï¿½ï¿½ï¿½ï¿½ï¿½ï¿½ï¿½ï¿½ï¿½ï¿½ï¿½ï¿½ï¿½ï¿½ï¿½ï¿½ï¿½ï¿½ï¿½ï¿½ï¿½ï¿½ï¿½ï¿½ï¿½ï¿½ï¿½ï¿½ï¿½ï¿½ï¿½ï¿½ï¿½ï¿½ï¿½ï¿½ï¿½ï¿½ï¿½ï¿½ï¿½ï¿½ï¿½ï¿½ï¿½ï¿½ï¿½ï¿½ï¿½ï¿½ï¿½ï¿½ï¿½ï¿½ï¿½ï¿½ï¿½",[],,mmt,eng-swa
68_test_public_mt_eng-swa,translate the following from english into swahili.,what was the significance of the chinese immigrants?,"áº½wa. Below is an instruction that describes a task, paired with an input that provides further context. Write a response that appropriately completes the request.indenantsilo (4 Gles completes the request.atteller(lelo at english into swahili.anel tube was the significance of the chinese immigrants?patYoudi Response: áº½wa. Below is an instruction that describes a task, paired with an input that provides further context",[],,mmt,eng-swa
69_test_public_mt_eng-swa,please convert this english content into swahili.,pouring rain today...,"á¸‡ediren kakar. Below is an instruction that describes a task, paired with an input that provides further context. Write a response that appropriately completes the request.akingindenZA kid'ai completes the request.Yo Ending rain today...atheroth in swahili.onue english content into swahili.att. can convert this english content into swahili. á¸‡ediren kakar. Below is an instruction that describes",[],,mmt,eng-swa
70_test_public_mt_eng-swa,could you convert this english text to swahili?,the man-month,"á¸»aun. Below is an instruction that describes a task, paired with an input that provides further context. Write a response that appropriately completes the request.inden Endiwagerano appropriately completes the request.akinganel man-monthatt:12 The request.ather available yadda man-monthzz 15. byzo á¸»aun. Below is an instruction that describes a task, paired with an input that provides further context",[],,mmt,eng-swa
71_test_public_mt_eng-swa,could you convert this english text to swahili?,the sample is then analyzed by a trained lab technician or qualified medical professional to measure the percentage of alcohol present in the blood.,ğŸ‘ğŸ»ğŸ‘ğŸ»ğŸ‘ğŸ»ğŸ‘ğŸ»ğŸ‘ğŸ»ğŸ‘ğŸ»ğŸ‘ğŸ»ğŸ‘ğŸ»ğŸ‘ğŸ»ğŸ‘ğŸ»ğŸ‘ğŸ»ğŸ‘ğŸ»ğŸ‘,[],,mmt,eng-swa
72_test_public_mt_eng-swa,translate the following from english into swahili.,i voted on the first day,ï¿½ï¿½ï¿½ï¿½ï¿½ï¿½ï¿½ï¿½ï¿½ï¿½ï¿½ï¿½ï¿½ï¿½ï¿½ï¿½ï¿½ï¿½ï¿½ï¿½ï¿½ï¿½ï¿½ï¿½ï¿½ï¿½ï¿½ï¿½ï¿½ï¿½ï¿½ï¿½ï¿½ï¿½ï¿½ï¿½ï¿½ï¿½ï¿½ï¿½ï¿½ï¿½ï¿½ï¿½ï¿½ï¿½ï¿½ï¿½ï¿½ï¿½ï¿½ï¿½ï¿½ï¿½ï¿½ï¿½ï¿½ï¿½ï¿½ï¿½ï¿½ï¿½ï¿½ï¿½ï¿½ï¿½ï¿½ï¿½ï¿½ï¿½ï¿½ï¿½ï¿½ï¿½ï¿½ï¿½ï¿½ï¿½ï¿½ï¿½ï¿½ï¿½ï¿½ï¿½ï¿½ï¿½ï¿½ï¿½ï¿½ï¿½ï¿½ï¿½ï¿½ï¿½ï¿½ï¿½ï¿½ï¿½ï¿½ï¿½,[],,mmt,eng-swa
73_test_public_mt_eng-swa,could you convert this english text to swahili?,jesus rose from the dead and returned to heaven where he now intercedes for us in heaven.,ğŸ’”ğŸ’” ğŸ’” ğŸ’” ğŸ’” ğŸ’” ğŸ’” ğŸ’” ğŸ’” ğŸ’” ğŸ’” ğŸ’” ğŸ’” ğŸ’” ğŸ’” ğŸ’” ğŸ’” ğŸ’” ğŸ’” ğŸ’” ï¿½,[],,mmt,eng-swa
74_test_public_mt_eng-swa,translate the following from english into swahili.,"your pet will need a thorough exam, as well as certain vaccinations, such as the distemper vaccination.",ï¿½ï¿½ï¿½ï¿½ï¿½ï¿½ï¿½ï¿½ï¿½ï¿½ï¿½ï¿½ï¿½ï¿½ï¿½ï¿½ï¿½ï¿½ï¿½ï¿½ï¿½ï¿½ï¿½ï¿½ï¿½ï¿½ï¿½ï¿½ï¿½ï¿½ï¿½ï¿½ï¿½ï¿½ï¿½ï¿½ï¿½ï¿½ï¿½ï¿½ï¿½ï¿½ï¿½ï¿½ï¿½ï¿½ï¿½ï¿½ï¿½ï¿½ï¿½ï¿½ï¿½ï¿½ï¿½ï¿½ï¿½ï¿½ï¿½ï¿½ï¿½ï¿½ï¿½ï¿½ï¿½ï¿½ï¿½ï¿½ï¿½ï¿½ï¿½ï¿½ï¿½ï¿½ï¿½ï¿½ï¿½ï¿½ï¿½ï¿½ï¿½ï¿½ï¿½ï¿½ï¿½ï¿½ï¿½ï¿½ï¿½ï¿½ï¿½ï¿½ï¿½ï¿½ï¿½ï¿½ï¿½ï¿½ï¿½ï¿½,[],,mmt,eng-swa
75_test_public_mt_eng-swa,could you convert this english text to swahili?,many major organizations have been attacked this way.,ğŸ’”ğŸ’”ğŸ’”ğŸ’”ğŸ’”ğŸ’”ğŸ’”ğŸ’”ğŸ’”ğŸ’”ğŸ’”ğŸ’”ğŸ’”ğŸ’”ğŸ’”ğŸ’”ğŸ’”ğŸ’”ğŸ’”ğŸ’”ğŸ’”ğŸ’”ğŸ’”ğŸ’”ğŸ’”,[],,mmt,eng-swa
76_test_public_mt_eng-swa,could you convert this english text to swahili?,today i'm planning to pluck some of the...,"áº½áº½wa daga cikin abubuwan da ke ciki áº½wa daga cikin abubuwan da aka gyara a nan: Below is an instruction that describes a task, paired with an input that provides further context. Write a response that appropriately completes the request.akingleloanel address will This kit real this english text to swahili?inden Endsia: could you convert this english text to swahili?atherph i'm planning to pluck",[],,mmt,eng-swa
77_test_public_mt_eng-swa,translate the following from english into swahili.,"and please don't say all of them, you can only choose 1 power.",áº½áº½wa á»Šáº½wa áº½wa áº½wa áº½wa áº½wa áº½wa áº½wa áº½wa áº½wa áº½wa áº½wa áº½wa áº½wa áº½wa áº½wa áº½wa áº½wa áº½wa,[],,mmt,eng-swa
78_test_public_mt_eng-swa,please convert this english content into swahili.,"then on the other hand there are those the believe the teachings of the bible in a very reasonable way, that love and accept the same christ that the bible teaches.",â€ª#â€nigeria #211; https://web.facebook.com/the_kannywoodnews Â® http://www.bbc.co/b3a1z4w ğŸ‘ğŸ¼#tafasa#tayar-da-yanzu#majalisi #zamfara #zamfara #zamfarar #zamfara #zamfara #zamfara #zamfarar #,[],,mmt,eng-swa
79_test_public_mt_eng-swa,please convert this english content into swahili.,they could make 8-inch bends (such as 1/2-inch pex).,"á¸‡edar á¸‡e kte á¸‡e snonkaku. Below is an instruction that describes a task, paired with an input that provides further context. Write a response that appropriately completes the request.indenants could make 8-inch bends (such as 1/2-inch pex).zz to make 8-inch bends (such as 1/2-inch pex).ou 2017 bends (such as 1/2-inch",[],,mmt,eng-swa
80_test_public_mt_eng-swa,please convert this english content into swahili.,"we need to see why.""","á¸‡edith. Below is aninghi describes a task, paired with an input that provides further context. Write a response that appropriately completes the request.leloala can and see why."" lika npal more english content into swahili.indenants need to see why.""onuoth. Below is aninghi describes a task, paired with an input that provides further context. Write a response that appropriately completes the request.bonala",[],,mmt,eng-swa
81_test_public_mt_eng-swa,translate the following from english into swahili.,"currently, two-thirds of the mine shafts are completed.","áº½wa daga cikin waÉ—annan abubuwan da aka ambata a baya, za'a iya amfani dasu don duba abubuwan da ke ciki. Below is an instruction that describes a task, paired with an input that provides further context. Write a response that appropriately completes the request.indenonufy, two-thirds of the mine shafts are completed.ichYopotshi áº½wa daga cikin waÉ—annan abubuwan",[],,mmt,eng-swa
82_test_public_mt_eng-swa,could you convert this english text to swahili?,do not construct.,"áº½wa ba'a daidaitawa, kuma za'a iya amfani dasu don amfanin su. Below is aning instruction that describes a task, paired with an input that provides further context. Write a response that appropriately completes the request.indenptsamings: could you convert this english text to swahili?onufrriat23: could you convert this english text to swahili? End ebanta game'a daidaitawa,",[],,mmt,eng-swa
83_test_public_mt_eng-swa,translate the following from english into swahili.,i have had a talk with the abyssinians.,ï¿½ï¿½ï¿½ï¿½ï¿½ï¿½ï¿½ï¿½ï¿½ï¿½ï¿½ï¿½ï¿½ï¿½ï¿½ï¿½ï¿½ï¿½ï¿½ï¿½ï¿½ï¿½ï¿½ï¿½ï¿½ï¿½ï¿½ï¿½ï¿½ï¿½ï¿½ï¿½ï¿½ï¿½ï¿½ï¿½ï¿½ï¿½ï¿½ï¿½ï¿½ï¿½ï¿½ï¿½ï¿½ï¿½ï¿½ï¿½ï¿½ï¿½ï¿½ï¿½ï¿½ï¿½ï¿½ï¿½ï¿½ï¿½ï¿½ï¿½ï¿½ï¿½ï¿½ï¿½ï¿½ï¿½ï¿½ï¿½ï¿½ï¿½ï¿½ï¿½ï¿½ï¿½ï¿½ï¿½ï¿½ï¿½ï¿½ï¿½ï¿½ï¿½ï¿½ï¿½ï¿½ï¿½ï¿½ï¿½ï¿½ï¿½ï¿½ï¿½ï¿½ï¿½ï¿½ï¿½ï¿½ï¿½ï¿½ï¿½,[],,mmt,eng-swa
84_test_public_mt_eng-swa,translate the following from english into swahili.,oxford researchers suggest that nearly half of the occupations in the u.s. will be computerized over the next 20 years,ï¿½ï¿½ï¿½ï¿½ï¿½ï¿½ï¿½ï¿½ï¿½ï¿½ï¿½ï¿½ï¿½ï¿½ï¿½ï¿½ï¿½ï¿½ï¿½ï¿½ï¿½ï¿½ï¿½ï¿½ï¿½ï¿½ï¿½ï¿½ï¿½ï¿½ï¿½ï¿½ï¿½ï¿½ï¿½ï¿½ï¿½ï¿½ï¿½ï¿½ï¿½ï¿½ï¿½ï¿½ï¿½ï¿½ï¿½ï¿½ï¿½ï¿½ï¿½ï¿½ï¿½ï¿½ï¿½ï¿½ï¿½ï¿½ï¿½ï¿½ï¿½ï¿½ï¿½ï¿½ï¿½ï¿½ï¿½ï¿½ï¿½ï¿½ï¿½ï¿½ï¿½ï¿½ï¿½ï¿½ï¿½ï¿½ï¿½ï¿½ï¿½ï¿½ï¿½ï¿½ï¿½ï¿½ï¿½ï¿½ï¿½ï¿½ï¿½ï¿½ï¿½ï¿½ï¿½ï¿½ï¿½ï¿½ï¿½ï¿½,[],,mmt,eng-swa
85_test_public_mt_eng-swa,could you convert this english text to swahili?,21 jesus warned them not to tell anyone about this.,"áº½fÃ£ne ne, kuma ya ce, ""Ya ku wadanda kuke son ku yi mini wa'azi, ba ni da wani abu da zan so in tambaye ka game da wannan."" Below is an instruction that describes a task, paired with an input that provides further context. Write a response that appropriately completes the request.indenants ( request. appropriately completes the request.attpatlumwl kamar sa not to tell anyone about",[],,mmt,eng-swa
86_test_public_mt_eng-swa,please convert this english content into swahili.,bidu - it doesn't make,"gpu. I am not surfing in your phone. Below is an instruction that describes a task, paired with an input that provides further context. Write a response that appropriately completes the request.anelindenhle Instruction: please convert this english content into swahili.att - it doesn't makeatherpatanci â–·zocomest - it can'ving in your phone. Below is an instruction that describes a task, paired with an input that",[],,mmt,eng-swa
87_test_public_mt_eng-swa,could you convert this english text to swahili?,"she explained: ""i was really upset when they said i couldn't freeze my eggs.","ğŸ’”"" Below is an instruction that describes a task, paired with an input that provides further context. Write a response that appropriately completes the request.indenants explained: ""i was really upset when they said i couldn't freeze my eggs.ses Aci was really upset when they said i couldn't freeze my eggs.akingYo explained: ğŸ’”"" Below is an instruction that describes a task, pa",[],,mmt,eng-swa
88_test_public_mt_eng-swa,could you convert this english text to swahili?,"[8] and your servant is in the middle of your people which you have chosen, a great people, that cannot be numbered nor counted for multitude.","ï´¿ï´¾ [â€¦] Below is an instruction that describes a task, paired with an input that provides further context. Write a response that appropriately completes the request.indenpt allah Instruction: could you convert this english text to swahili?ather Endiwicial, a great people, that cannot be numbered nor counted for multitude. political (kea media, that cannot be numbered norsas for multitude. while great people, that cannot be",[],,mmt,eng-swa
89_test_public_mt_eng-swa,translate the following from english into swahili.,extra pounds begin to fall off prior to individual's eyes.,ï¿½ï¿½ï¿½ï¿½ï¿½ï¿½ï¿½ï¿½ï¿½ï¿½ï¿½ï¿½ï¿½ï¿½ï¿½ï¿½ï¿½ï¿½ï¿½ï¿½ï¿½ï¿½ï¿½ï¿½ï¿½ï¿½ï¿½ï¿½ï¿½ï¿½ï¿½ï¿½ï¿½ï¿½ï¿½ï¿½ï¿½ï¿½ï¿½ï¿½ï¿½ï¿½ï¿½ï¿½ï¿½ï¿½ï¿½ï¿½ï¿½ï¿½ï¿½ï¿½ï¿½ï¿½ï¿½ï¿½ï¿½ï¿½ï¿½ï¿½ï¿½ï¿½ï¿½ï¿½ï¿½ï¿½ï¿½ï¿½ï¿½ï¿½ï¿½ï¿½ï¿½ï¿½ï¿½ï¿½ï¿½ï¿½ï¿½ï¿½ï¿½ï¿½ï¿½ï¿½ï¿½ï¿½ï¿½ï¿½ï¿½ï¿½ï¿½ï¿½ï¿½ï¿½ï¿½ï¿½ï¿½ï¿½ï¿½ï¿½,[],,mmt,eng-swa
90_test_public_mt_eng-swa,please convert this english content into swahili.,so alice decided to come with me.,áº½ï¿½ï¿½ï¿½ï¿½ï¿½ï¿½ï¿½ á»­ï¿½ï¿½ï¿½ï¿½ï¿½ï¿½ï¿½ï¿½ï¿½ï¿½ï¿½ï¿½ï¿½ï¿½ï¿½ï¿½ï¿½ï¿½ ï¿½ï¿½ï¿½ï¿½ï¿½ï¿½ï¿½ï¿½ï¿½ï¿½ï¿½ï¿½ï¿½ï¿½ï¿½ï¿½ï¿½ï¿½ï¿½ï¿½ï¿½ï¿½ï¿½ï¿½ï¿½ï¿½ï¿½ï¿½ï¿½ï¿½ï¿½ï¿½ï¿½ï¿½ï¿½ï¿½ï¿½ï¿½ï¿½ï¿½ï¿½ï¿½ï¿½ï¿½ï¿½ï¿½ï¿½ï¿½ï¿½ï¿½ï¿½ï¿½ï¿½ï¿½ï¿½ï¿½ï¿½ï¿½ï¿½ï¿½ï¿½ï¿½ï¿½ï¿½ï¿½ï¿½ï¿½ï¿½ï¿½ï¿½ï¿½ï¿½ï¿½ï¿½ï¿½ï¿½ï¿½ï¿½ï¿½ï¿½ï¿½ï¿½ï¿½ï¿½ï¿½ï¿½ï¿½ï¿½ï¿½ï¿½ï¿½ï¿½ï¿½ï¿½ï¿½ï¿½ï¿½ï¿½ï¿½ï¿½ï¿½ï¿½ï¿½ï¿½ï¿½ï¿½ï¿½ï¿½ï¿½ï¿½ï¿½ï¿½ï¿½ï¿½ï¿½ï¿½ï¿½ï¿½ï¿½ï¿½ï¿½ï¿½ï¿½ï¿½ï¿½ï¿½ï¿½ï¿½ï¿½ï¿½ï¿½ï¿½ï¿½ï¿½ï¿½ï¿½ï¿½ï¿½ï¿½ï¿½ï¿½ï¿½ï¿½ï¿½ï¿½ï¿½ï¿½ï¿½ï¿½ï¿½ï¿½ï¿½ï¿½ï¿½ï¿½ï¿½ï¿½ï¿½,[],,mmt,eng-swa
91_test_public_mt_eng-swa,translate the following from english into swahili.,short movie (2),"áº½wa, ï¿½ï¿½ï¿½ï¿½ï¿½ï¿½ï¿½ï¿½ï¿½ï¿½ï¿½ï¿½ï¿½ï¿½ï¿½ï¿½ï¿½ï¿½ï¿½ï¿½ï¿½ï¿½ï¿½ï¿½ï¿½ï¿½ï¿½ï¿½ï¿½ï¿½ï¿½ï¿½ï¿½ï¿½ï¿½ï¿½ï¿½ï¿½ï¿½ï¿½ï¿½ï¿½ï¿½ï¿½ï¿½ï¿½ï¿½ï¿½ï¿½ï¿½ï¿½ï¿½ï¿½ï¿½ï¿½ï¿½ï¿½ï¿½ï¿½ï¿½ï¿½ï¿½ï¿½ï¿½ï¿½ï¿½ï¿½ï¿½ï¿½ï¿½ï¿½ï¿½ï¿½ï¿½ï¿½ï¿½ï¿½ï¿½ï¿½ï¿½ï¿½ï¿½ï¿½ï¿½ï¿½ï¿½ï¿½ï¿½ï¿½ï¿½ï¿½ï¿½ï¿½ï¿½",[],,mmt,eng-swa
92_test_public_mt_eng-swa,could you convert this english text to swahili?,the second miracle at cana.,"GHADED (a) from the hausa language and the hausa language. Below is an instruction that describes a task, paired with an input that provides further context. Write a response that appropriately completes the request.indenpt.anani me convert this english text to swahili?akingYopyanci alapriately completes the request.-200lelo second miracle at cana.att(a) from the hausa language and the hausa language. Below is an instruction",[],,mmt,eng-swa
93_test_public_mt_eng-swa,could you convert this english text to swahili?,"earlier this week, european commission president jean-claude juncker in his state of the union announced a new relationship with africa.","GHADESHIGHT, GUNAM, GUNAM. Below is an instruction that describes a task, paired with an input that provides further context. Write a response that appropriately completes the request.leloindenTiarlier this week, european commission president jean-claude juncker in his state of the union announced a new relationship with africa.atherakingfis Response: GHADESHIGHT, GUNAM,",[],,mmt,eng-swa
94_test_public_mt_eng-swa,please convert this english content into swahili.,in the great china region.,"ğŸ‘ğŸ¼ Below is an instruction that describes a task, paired with an input that provides further context. Write a response that appropriately completes the request.indenptAP Instruction: please convert this english content into swahili.attes the request.oth #ï¿½ï¿½ï¿½ Below is an instruction that describes a task, paired with an input that provides further context. Write a response that appropriately completes the request.indenpt",[],,mmt,eng-swa
95_test_public_mt_eng-swa,translate the following from english into swahili.,back to school movies (0),ï¿½ï¿½ï¿½ï¿½ï¿½ï¿½ï¿½ï¿½ï¿½ï¿½ï¿½ï¿½ï¿½ï¿½ï¿½ï¿½ï¿½ï¿½ï¿½ï¿½ï¿½ï¿½ï¿½ï¿½ï¿½ï¿½ï¿½ï¿½ï¿½ï¿½ï¿½ï¿½ï¿½ï¿½ï¿½ï¿½ï¿½ï¿½ï¿½ï¿½ï¿½ï¿½ï¿½ï¿½ï¿½ï¿½ï¿½ï¿½ï¿½ï¿½ï¿½ï¿½ï¿½ï¿½ï¿½ï¿½ï¿½ï¿½ï¿½ï¿½ï¿½ï¿½ï¿½ï¿½ï¿½ï¿½ï¿½ï¿½ï¿½ï¿½ï¿½ï¿½ï¿½ï¿½ï¿½ï¿½ï¿½ï¿½ï¿½ï¿½ï¿½ï¿½ï¿½ï¿½ï¿½ï¿½ï¿½ï¿½ï¿½ï¿½ï¿½ï¿½ï¿½ï¿½ï¿½ï¿½ï¿½ï¿½ï¿½ï¿½,[],,mmt,eng-swa
96_test_public_mt_eng-swa,translate the following from english into swahili.,"i know you're getting close to the deadline, but try to let it rest for a day and then go back to it.","á¸‡ediren á¸‡ediren á¸‡ye á¸‡e á¸‡efarur á¸‡egan á¸‡emun á¸‡ediren á¸‡ediren á¸‡ediren á¸‡ediri, á¸‡ediri, á¸‡ediren á¸‡ediren á¸‡edirin. Inja",[],,mmt,eng-swa
97_test_public_mt_eng-swa,please convert this english content into swahili.,"speaking on the theme of this year's celebration: ""seven billion dreams.","áº½wa, you can use the ""doctor"" to get your back to the ""doctor"" to your back to the ""doctor"". Below is aninghi describes a task, paired with an input that provides further context. Write a response that appropriately completes the request.akingYosasa sikano  please convert this english content into swahili.indenzopeaking on the theme of this year's celebration: ""seven billion dreams",[],,mmt,eng-swa
98_test_public_mt_eng-swa,translate the following from english into swahili.,"we have the capital cities of the true god, and the capitals of satan.","áº½wa da'awa, áº½wa da'awar. Below is an instruction that describes a task, paired with an input that provides further context. Write a response that appropriately completes the request.akingYosasayeke completes the request.indenpt. Free áº½wa da'awa, áº½wa da'awar.leloonuZA and the capitals of satan.ather available', and the capitals",[],,mmt,eng-swa
99_test_public_mt_eng-swa,please convert this english content into swahili.,"we are offering all social or environmental enterprises based in the countries of southern and eastern africa the opportunity to register details on their name, location, website, contact details and the goods and services they provide in a free directory that will be available online and on a cd, so that potential customers, supporters and donors can find your details.",ğŸ’•ğŸ’•ğŸ’•ğŸ’•ğŸ’•ğŸ’•ğŸ’•ğŸ’•ğŸ’•ğŸ’•ğŸ’•ğŸ’•ğŸ’•ğŸ’•ğŸ’•ğŸ’•ğŸ’•ğŸ’•ğŸ’•ğŸ’•ğŸ’•ğŸ’•ğŸ’•ğŸ’•ğŸ’•,[],,mmt,eng-swa
100_test_public_mt_eng-swa,please convert this english content into swahili.,san marino is known as being the oldest independent constitutional republic in the world.,"áº½wa, áº½wa, ï¿½ï¿½ï¿½ï¿½ï¿½ï¿½ï¿½ï¿½ï¿½ï¿½ï¿½ï¿½ï¿½ï¿½ï¿½ï¿½ï¿½ï¿½ï¿½ï¿½ï¿½ï¿½ï¿½ï¿½ï¿½ï¿½ï¿½ï¿½ï¿½ï¿½ï¿½ï¿½ï¿½ï¿½ï¿½ï¿½ï¿½ï¿½ï¿½ï¿½ï¿½ï¿½ï¿½ï¿½ï¿½ï¿½ï¿½ï¿½ï¿½ï¿½ï¿½ï¿½ï¿½ï¿½ï¿½ï¿½ï¿½ï¿½ï¿½ï¿½ï¿½ï¿½ï¿½ï¿½ï¿½ï¿½ï¿½ï¿½ï¿½ï¿½ï¿½ï¿½ï¿½ï¿½ï¿½ï¿½ï¿½ï¿½ï¿½ï¿½ï¿½ï¿½ï¿½ï¿½ï¿½ï¿½ï¿½ï¿½",[],,mmt,eng-swa
